candle_end_time,strategy_amp_adjust,strategy_net,small_net,excess_return
2023-01-05,0.016214188950959274,1.0162141889509593,1.0,0.016214188950959274
2023-01-06,0.0038460374063902236,1.0201225867345691,1.000391167796843,0.01973141893772623
2023-01-09,0.007894129066020161,1.0281755660974141,1.0049172908295052,0.023258275267908912
2023-01-10,0.0020433684904759275,1.0302765076518547,1.0062944723353393,0.023982035316515438
2023-01-11,-0.0010037985886822698,1.0292423175475214,1.0006143286006817,0.02862798894683971
2023-01-12,0.0,1.0292423175475214,1.0008024338752808,0.028439883672240596
2023-01-13,0.008910710325510607,1.0384135976939446,1.0078573133811746,0.03055628431277002
2023-01-16,0.01635034814520253,1.0553920215349528,1.0192519409607654,0.03614008057418738
2023-01-17,-8.290697287849369e-05,1.0553045221772472,1.020327049287259,0.034977472889988315
2023-01-18,0.001815957118235234,1.0572209099362009,1.0234576893987273,0.033763220537473604
2023-01-19,0.008594778631015654,1.0663074896211835,1.03225408167732,0.03405340794386347
2023-01-20,0.007491942860643475,1.0742962044053015,1.040091679442857,0.03420452496244453
2023-01-30,-0.017871133309255827,1.0550973137227468,1.045398008449963,0.009699305272783842
2023-01-31,-0.009458002218484252,1.0451182009888402,1.0463667855532153,-0.0012485845643750437
2023-02-01,0.010279958134540523,1.0558619723406517,1.0591370306995096,-0.003275058358857885
2023-02-02,0.0006654199102025249,1.056564563919473,1.0598418015673698,-0.003277237647896891
2023-02-03,-0.004252553936364145,1.0520714661241544,1.0554403111733086,-0.0033688450491542454
2023-02-06,0.0,1.0520714661241544,1.0485604431112066,0.0035110230129478115
2023-02-07,0.0,1.0520714661241544,1.0510399188641688,0.0010315472599855546
2023-02-08,-0.008306652994368058,1.043332273529785,1.042893825786265,0.0004384477435199763
2023-02-09,0.0,1.043332273529785,1.0572498053852446,-0.01391753185545963
2023-02-10,-0.0025223067004269684,1.040700669545489,1.05387069860379,-0.013170029058301003
2023-02-13,0.0,1.040700669545489,1.0621189634923534,-0.021418293946864342
2023-02-14,-0.0027383984507460823,1.0378508164443152,1.0643461958287048,-0.026495379384389617
2023-02-15,-0.0024695506022754943,1.035287791335493,1.0622054792740547,-0.026917687938561752
2023-02-16,0.0,1.035287791335493,1.0464214568721906,-0.01113366553669759
2023-02-17,0.0,1.035287791335493,1.0377576833043558,-0.002469891968862825
2023-02-20,0.0,1.035287791335493,1.0558365700911514,-0.020548778755658414
2023-02-21,0.00419492489269957,1.0396307458624743,1.0620518971238844,-0.02242115126141009
2023-02-22,0.003426624618457552,1.043193170170352,1.060661588511942,-0.017468418341589853
2023-02-23,0.0,1.043193170170352,1.0582078345663857,-0.015014664396033606
2023-02-24,0.0,1.043193170170352,1.0549673693251076,-0.011774199154755527
2023-02-27,0.0,1.043193170170352,1.0493708297833442,-0.0061776596129921035
2023-02-28,0.0,1.043193170170352,1.0577444760047732,-0.014551305834421102
2023-03-01,0.006978254603339451,1.0504728377122656,1.0651658496720744,-0.014693011959808766
2023-03-02,-0.001101050942754478,1.0493162136039647,1.061853476506082,-0.01253726290211743
2023-03-03,0.0,1.0493162136039647,1.063198713723288,-0.013882500119323238
2023-03-06,-0.005438583671228847,1.0436094195787025,1.0640141915164256,-0.020404771937723165
2023-03-07,-0.016709263500520155,1.026171474795337,1.0455596265852416,-0.019388151789904606
2023-03-08,0.0,1.026171474795337,1.0484241474797262,-0.02225267268438924
2023-03-09,-0.004174803945783734,1.0218874100733106,1.045834730133402,-0.02394732006009126
2023-03-10,0.0,1.0218874100733106,1.0323493821383942,-0.010461972065083591
2023-03-13,0.0,1.0218874100733106,1.0390217454256154,-0.017134335352304797
2023-03-14,-0.003534055240443257,1.018276003516598,1.0297702135846714,-0.011494210068073274
2023-03-15,0.0,1.018276003516598,1.0356338373271377,-0.01735783381053957
2023-03-16,-0.008349115873349522,1.0097742991721868,1.0216901054279652,-0.011915806255778483
2023-03-17,0.0,1.0097742991721868,1.0287365829204436,-0.018962283748256814
2023-03-20,-0.005847683200566167,1.003869458966554,1.0249381740754429,-0.021068715108888858
2023-03-21,0.0,1.003869458966554,1.0373041409564363,-0.03343468198988231
2023-03-22,0.001143414835339751,1.005017298198681,1.0431371514223002,-0.03811985322361933
2023-03-23,0.008142551238361495,1.0132007030447032,1.0491300497078087,-0.03592934666310543
2023-03-24,-0.0029936240075291165,1.0101675610956231,1.0498520239061073,-0.03968446281048421
2023-03-27,0.0010293480117575804,1.011207375066179,1.0501019047763716,-0.03889452971019258
2023-03-28,-0.005118526711722082,1.0060314831058124,1.0448314132680703,-0.03879993016225791
2023-03-29,0.0,1.0060314831058124,1.041608583936139,-0.035577100830326724
2023-03-30,0.007722329056808697,1.0138003892598648,1.0458721981219388,-0.03207180886207395
2023-03-31,0.003124936517454824,1.0169684511176729,1.054796800133953,-0.03782834901628007
2023-04-03,0.010473720509014628,1.027619894441165,1.0671068312345464,-0.039486936793381444
2023-04-04,-0.0008651320004579022,1.0267308675861768,1.0662902719941376,-0.039559404407960796
2023-04-06,0.0042713418644144685,1.0311163861243842,1.0676123329644378,-0.03649594684005364
2023-04-07,0.006997774365111953,1.0383319059386522,1.075535315151454,-0.03720340921280174
2023-04-10,-0.004731360873224566,1.0334191829854733,1.0665602012330462,-0.03314101824757287
2023-04-11,0.0,1.0334191829854733,1.0682830631997287,-0.03486388021425535
2023-04-12,0.004222610856496667,1.0377829100468596,1.0720368665042022,-0.03425395645734253
2023-04-13,-0.006119909572824156,1.0314317724811506,1.0655826560880715,-0.03415088360692087
2023-04-14,0.0,1.0314317724811506,1.0699787392457762,-0.038546966764625656
2023-04-17,0.014319775455134742,1.0462016438603723,1.0746656984441516,-0.02846405458377932
2023-04-18,0.0021816324896066774,1.048484071357298,1.0731040053961889,-0.024619934038890845
2023-04-19,-0.00932818975927907,1.0387036129800957,1.0676329636508435,-0.028929350670747755
2023-04-20,0.0,1.0387036129800957,1.066765609663986,-0.0280619966838902
2023-04-21,0.0,1.0387036129800957,1.039943754093798,-0.0012401411137021867
2023-04-24,0.0,1.0387036129800957,1.0329950560722923,0.005708556907803475
2023-04-25,0.0,1.0387036129800957,1.0179168360726087,0.02078677690748698
2023-04-26,0.0,1.0387036129800957,1.0219101217158921,0.016793491264203597
2023-04-27,0.004742464485439912,1.043629627975552,1.0245358590528808,0.019093768922671117
2023-04-28,0.00724302111648889,1.0511886594087723,1.0383963694251164,0.012792289983655891
2023-05-04,0.006192419026464391,1.0576980600636987,1.0419144005868033,0.015783659476895417
2023-05-05,-0.009969558996262395,1.0471532768536613,1.0316301365147493,0.015523140338912
2023-05-08,0.0,1.0471532768536613,1.0396173566696787,0.007535920183982636
2023-05-09,-0.009760455988502392,1.0369325833817151,1.0285355002785892,0.008397083103125924
2023-05-10,0.0,1.0369325833817151,1.0271768032022686,0.00975578017944656
2023-05-11,0.0,1.0369325833817151,1.0239592480054909,0.012973335376224249
2023-05-12,0.0,1.0369325833817151,1.01350682720158,0.023425756180135204
2023-05-15,0.0,1.0369325833817151,1.0247775708368343,0.012155012544880828
2023-05-16,-0.006231973771854249,1.0304704467188992,1.0166980449978897,0.013772401721009464
2023-05-17,0.0,1.0304704467188992,1.018565571334167,0.011904875384732172
2023-05-18,-0.00080794808637763,1.029637880093404,1.0195845275908062,0.010053352502597868
2023-05-19,-0.0019099660238227623,1.0276713067255847,1.01773892967766,0.009932377047924712
2023-05-22,0.0,1.0276713067255847,1.0174447427445743,0.010226563981010406
2023-05-23,-0.013758538816561416,1.0135320511613344,1.0069820897857122,0.0065499613756221375
2023-05-24,0.0,1.0135320511613344,0.9992225558755105,0.014309495285823925
2023-05-25,0.0,1.0135320511613344,0.9962938635637139,0.017238187597620525
2023-05-26,0.0,1.0135320511613344,1.0040794353966775,0.009452615764656835
2023-05-29,-0.0037364838346963802,1.0097450050362233,1.0024442538472196,0.007300751189003751
2023-05-30,0.0,1.0097450050362233,1.008459380033565,0.001285625002658275
2023-05-31,0.0004256538734064286,1.0101748069087697,1.0062121658791705,0.003962641029599201
2023-06-01,0.0,1.0101748069087697,1.0068208044034404,0.0033540025053293565
2023-06-02,0.013387176257728894,1.0236981950999746,1.0157648391910368,0.007933355908937845
2023-06-05,-0.005692964409784063,1.0178703177089103,1.0144151597211934,0.0034551579877168948
2023-06-06,0.0,1.0178703177089103,0.9955005304831618,0.02236978722574856
2023-06-07,0.0,1.0178703177089103,0.9960979552311111,0.021772362477799234
2023-06-08,-0.0011336942958835028,1.0167163639357746,0.992626792330396,0.024089571605378612
2023-06-09,0.002586185604386948,1.01934578115993,0.9998533391123656,0.019492442047564396
2023-06-12,0.004582307040294609,1.0240167365094337,1.002869678566086,0.021147057943347702
2023-06-13,0.002608036974625305,1.0266874100208854,1.0055857583443515,0.021101651676533884
2023-06-14,-0.003106279457162686,1.02349823201021,1.0055923302162308,0.017905901793979107
2023-06-15,0.007623803967029108,1.0313011818916566,1.0143655129726172,0.016935668919039415
2023-06-16,0.008574268114999395,1.0401438347325114,1.022884821822661,0.017259012909850435
2023-06-19,-0.010416385634716585,1.0293092954343646,1.0201183798768552,0.009190915557509394
2023-06-20,0.0,1.0293092954343646,1.0192413095022064,0.010067985932158185
2023-06-21,0.0,1.0293092954343646,0.9967359259329076,0.03257336950145695
2023-06-26,0.0,1.0293092954343646,0.9794638653610792,0.049845430073285346
2023-06-27,0.0,1.0293092954343646,0.9896079239538258,0.03970137148053876
2023-06-28,-0.000760513570834398,1.0285264917466008,0.9886609588101525,0.039865532936448345
2023-06-29,0.0,1.0285264917466008,0.988372628329982,0.04015386341661886
2023-06-30,0.0,1.0285264917466008,0.9980476050094035,0.03047888673719734
2023-07-03,0.0052975086796589466,1.0339751197638876,1.0052987755138576,0.02867634425002996
2023-07-04,0.002031872280067404,1.0360760251480152,1.0074526025369654,0.028623422611049776
2023-07-05,-0.005078873725193334,1.0308139258465883,1.0017231780820386,0.029090747764549674
2023-07-06,0.0,1.0308139258465883,0.9963544246109047,0.03445950123568353
2023-07-07,0.0,1.0308139258465883,0.9918711102525344,0.03894281559405388
2023-07-10,0.0,1.0308139258465883,0.9956438139277797,0.03517011191880859
2023-07-11,0.0033195770791119017,1.034235792127658,1.0031225043004581,0.031113287827199798
2023-07-12,-0.011448749337868769,1.0223950857873363,0.992068782176072,0.030326303611264316
2023-07-13,0.0,1.0223950857873363,1.0055892855262207,0.016805800261115555
2023-07-14,-0.0039049860174256157,1.018402647273052,1.0033366308601692,0.015066016412882854
2023-07-17,-0.004692983967339637,1.0136232999771033,1.0003702542703816,0.0132530457067217
2023-07-18,0.0,1.0136232999771033,0.9985584640627002,0.015064835914403107
2023-07-19,0.0,1.0136232999771033,0.9971630310544571,0.016460268922646182
2023-07-20,0.0,1.0136232999771033,0.9858613580272445,0.027761941949858815
2023-07-21,0.0,1.0136232999771033,0.9858848503895066,0.027738449587596747
2023-07-24,0.0003314368823159608,1.0139592521234906,0.9844022028182483,0.029557049305242278
2023-07-25,0.0,1.0139592521234906,1.0010260605333288,0.012933191590161819
2023-07-26,-0.0001732575895523336,1.0137835759875633,0.9985152727224509,0.015268303265112415
2023-07-27,0.0,1.0137835759875633,0.9918009991940555,0.02198257679350779
2023-07-28,0.0,1.0137835759875633,1.0054537718643057,0.008329804123257567
2023-07-31,-0.0024040556602754615,1.011346383843416,1.0129405980479942,-0.0015942142045781704
2023-08-01,0.0018680899070548929,1.0132356698156104,1.0147101452614948,-0.0014744754458844156
2023-08-02,-0.003610851569786022,1.0095770262066934,1.0111472922698266,-0.0015702660631331522
2023-08-03,0.0,1.0095770262066934,1.0146781843352164,-0.005101158128522965
2023-08-04,-0.004013580820128038,1.0055250072178683,1.0196477173867489,-0.014122710168880559
2023-08-07,-0.004304157841501066,1.0011970688732261,1.0133544762375337,-0.012157407364307593
2023-08-08,0.0,1.0011970688732261,1.009256822613748,-0.008059753740521813
2023-08-09,0.0,1.0011970688732261,1.0018778084041797,-0.0006807395309536002
2023-08-10,0.0,1.0011970688732261,1.0035349017391186,-0.0023378328658925085
2023-08-11,-0.01954838577826634,0.9816252823308228,0.9838425288988915,-0.0022172465680686537
2023-08-14,0.0,0.9816252823308228,0.9844169770517387,-0.0027916947209158938
2023-08-15,-0.006954061796500266,0.9747989994564873,0.9782569369310432,-0.0034579374745559166
2023-08-16,0.0,0.9747989994564873,0.9705099977221393,0.004289001734347986
2023-08-17,0.0,0.9747989994564873,0.9773556254998678,-0.002556626043380472
2023-08-18,-0.016760188136676124,0.958461184830153,0.9612896947508596,-0.002828509920706601
2023-08-21,0.0,0.958461184830153,0.9501393245157225,0.008321860314430496
2023-08-22,0.0,0.958461184830153,0.9551775877007567,0.0032835971293962984
2023-08-23,-0.01599437366782619,0.9431311984938721,0.936616508532178,0.00651468996169402
2023-08-24,0.0,0.9431311984938721,0.9404719512425005,0.002659247251371566
2023-08-25,0.0016593641741504683,0.9446961966161764,0.9285824700292278,0.01611372658694865
2023-08-28,0.0,0.9446961966161764,0.9390523603659824,0.005643836250194045
2023-08-29,0.013295988450798601,0.9572568663358985,0.9600449156663292,-0.002788049330430753
2023-08-30,-0.0010875441965215726,0.9562158071863345,0.960849828551509,-0.0046340213651745454
2023-08-31,-0.005499822471342286,0.9509567900025184,0.954901036677018,-0.003944246674499552
2023-09-01,0.0,0.9509567900025184,0.9567984442332831,-0.005841654230764659
2023-09-04,0.008810831060246382,0.9593355096248248,0.9699390767511613,-0.010603567126336477
2023-09-05,-0.0067377764853719935,0.9528717213864923,0.9631061435006325,-0.010234422114140163
2023-09-06,0.0,0.9528717213864923,0.9633832768421328,-0.01051155545564042
2023-09-07,-0.013924116754539195,0.9396038242858081,0.9487954183105427,-0.009191594024734573
2023-09-08,0.0,0.9396038242858081,0.9497806833252693,-0.010176859039461195
2023-09-11,0.00893496819301176,0.9479991545698341,0.9607794679282752,-0.012780313358441098
2023-09-12,-0.0007587700568882916,0.9472798411973911,0.9601464718839265,-0.012866630686535485
2023-09-13,0.0,0.9472798411973911,0.9509078175843358,-0.0036279763869447867
2023-09-14,0.0,0.9472798411973911,0.9486957920603835,-0.001415950862992399
2023-09-15,0.0,0.9472798411973911,0.9491219155605638,-0.001842074363172741
2023-09-18,0.005749740341028486,0.9527264543145667,0.9516218057104774,0.00110464860408932
2023-09-19,-0.0014577628319072389,0.9513376051004921,0.9463330294244666,0.0050045756760255244
2023-09-20,0.0,0.9513376051004921,0.940194651524497,0.011142953575995151
2023-09-21,0.0,0.9513376051004921,0.9336913933152017,0.017646211785290467
2023-09-22,0.0,0.9513376051004921,0.9481492119718342,0.0031883931286579292
2023-09-25,-0.007732897851535081,0.943981008577926,0.9427997748127304,0.0011812337651956328
2023-09-26,0.0,0.943981008577926,0.939470614257558,0.0045103943203680386
2023-09-27,0.0,0.943981008577926,0.9440776960967123,-9.668751878633142e-05
2023-09-28,0.00045002486742817815,0.944405823506166,0.9468103636123539,-0.002404540106187958
2023-10-09,-0.00584320049359921,0.9388874709320968,0.9413720980381531,-0.0024846271060563474
2023-10-10,0.0,0.9388874709320968,0.9367615056547796,0.002125965277317232
2023-10-11,0.0,0.9388874709320968,0.9366645414286726,0.002222929503424176
2023-10-12,0.0009180413832341472,0.9397494084846125,0.9436279471330674,-0.003878538648454888
2023-10-13,-0.011750614816163907,0.928706775161792,0.9372625817696839,-0.008555806607891903
2023-10-16,0.0,0.928706775161792,0.9284917948349445,0.00021498032684752477
2023-10-17,0.0,0.928706775161792,0.9309334864840138,-0.0022267113222217416
2023-10-18,-0.005537972048424988,0.9235636229997631,0.9191634303247896,0.004400192674973491
2023-10-19,0.0,0.9235636229997631,0.9090857060438977,0.014477916955865422
2023-10-20,0.0,0.9235636229997631,0.9023720481085644,0.021191574891198717
2023-10-23,0.0,0.9235636229997631,0.8801873219740219,0.04337630102574119
2023-10-24,0.0,0.9235636229997631,0.8904490919428335,0.03311453105692963
2023-10-25,-0.0020356256807770867,0.9216835931709533,0.8944397987503161,0.02724379442063718
2023-10-26,0.004266314593142528,0.9256157853347585,0.8982557603164122,0.027360025018346334
2023-10-27,0.017242922399125504,0.9415761064926914,0.9137443146861155,0.027831791806575912
2023-10-30,0.009898111578977131,0.9508959318548549,0.9227886578675347,0.028107273987320158
2023-10-31,-0.003372000572769096,0.9476895102279965,0.919768990883749,0.027920519344247552
2023-11-01,0.0,0.9476895102279965,0.9167289095030116,0.030960600724984966
2023-11-02,0.0,0.9476895102279965,0.9083244836284772,0.03936502659951935
2023-11-03,0.0,0.9476895102279965,0.9167939294404903,0.030895580787506205
2023-11-06,0.008347701276733455,0.9556005391624737,0.9325506328205171,0.023049906341956583
2023-11-07,0.0028725787706220807,0.9583455769844668,0.9335549146695676,0.024790662314899126
2023-11-08,-0.0006490354535402254,0.9577235767282604,0.9330423086629867,0.02468126806527371
2023-11-09,0.0,0.9577235767282604,0.9303868564825136,0.027336720245746737
2023-11-10,0.0,0.9577235767282604,0.9272328737476362,0.030490702980624174
2023-11-13,0.0,0.9577235767282604,0.932634935794725,0.025088640933535356
2023-11-14,0.004820200497114513,0.9623399963889042,0.9367917861783751,0.02554821021052911
2023-11-15,0.0059491733618937115,0.968065123860506,0.9424591688352318,0.025605955025274185
2023-11-16,-0.009228428558921475,0.9591314040245759,0.9332658188574823,0.025865585167093585
2023-11-17,0.0,0.9591314040245759,0.9369365170985715,0.022194886926004354
2023-11-20,0.004191236969536494,0.9631513510237671,0.9416531911404313,0.02149815988333581
2023-11-21,-0.00340162219588791,0.9598750740101253,0.9385438971343327,0.021331176875792557
2023-11-22,-0.008098765317824275,0.9521012710512881,0.9271993821575276,0.024901888893760438
2023-11-23,0.0,0.9521012710512881,0.9355332643946745,0.01656800665661351
2023-11-24,-0.008900042046508072,0.9436275297063978,0.9267870845447692,0.016840445161628637
2023-11-27,0.0,0.9436275297063978,0.9261359534615639,0.017491576244833995
2023-11-28,0.0,0.9436275297063978,0.9302934693512269,0.01333406035517093
2023-11-29,-0.006539816528345788,0.9374563787910218,0.9239444421604648,0.013511936630557053
2023-11-30,0.0,0.9374563787910218,0.9225660960191078,0.014890282771914065
2023-12-01,-0.004774310560037298,0.9329806709021855,0.9261961817557484,0.006784489146437145
2023-12-04,-0.003668422355351808,0.9295581037519368,0.9248983285666742,0.004659775185262616
2023-12-05,0.0,0.9295581037519368,0.9084837225797588,0.02107438117217797
2023-12-06,0.0,0.9295581037519368,0.9120467086726297,0.0175113950793071
2023-12-07,0.0008714792930766269,0.9303681943910682,0.911932158450127,0.01843603594094123
2023-12-08,0.0,0.9303681943910682,0.9147363013115742,0.015631893079493975
2023-12-11,0.01338168492207048,0.9428180884299251,0.9258609164640048,0.01695717196592028
2023-12-12,0.000832520357879396,0.94360300368232,0.926081198954337,0.017521804727982926
2023-12-13,-0.01484940956184333,0.9295910562168557,0.9163207213898841,0.013270334826971597
2023-12-14,0.0,0.9295910562168557,0.9132949816637287,0.016296074553126982
2023-12-15,0.0,0.9295910562168557,0.9067164048114021,0.022874651405453528
2023-12-18,0.0,0.9295910562168557,0.8959824250510039,0.03360863116585178
2023-12-19,0.0,0.9295910562168557,0.8950845409757958,0.034506515241059854
2023-12-20,-0.009805794801950207,0.920475677069865,0.8833405227393339,0.03713515433053105
2023-12-21,0.0,0.920475677069865,0.8882445533615282,0.032231123708336806
2023-12-22,0.003350888608645297,0.9235600885306935,0.8837404419402488,0.03981964659044468
2023-12-25,0.0017620385578167586,0.9251874370171452,0.8843534395289042,0.040833997488241014
2023-12-26,-0.0061336066142134715,0.9195127012340697,0.874854921768853,0.04465777946521665
2023-12-27,0.0,0.9195127012340697,0.8793880159770024,0.04012468525706725
2023-12-28,0.01913192038775202,0.9371047450296067,0.8955708761325102,0.04153386889709654
2023-12-29,0.004430175817662585,0.9412562838096538,0.9032961032077372,0.03796018060191653
2024-01-02,-0.00425386629572333,0.937252305428318,0.9000062740579383,0.03724603137037974
2024-01-03,0.0,0.937252305428318,0.8986652128909647,0.038587092537353374
2024-01-04,0.0,0.937252305428318,0.8909996817051116,0.04625262372320649
2024-01-05,0.0,0.937252305428318,0.8787792443515302,0.05847306107678785
2024-01-08,0.0,0.937252305428318,0.8597838060458592,0.07746849938245881
2024-01-09,0.0,0.937252305428318,0.8619389308056927,0.07531337462262533
2024-01-10,-0.002067640646904789,0.9353144044652092,0.8581830477949283,0.07713135667028093
2024-01-11,0.0,0.9353144044652092,0.8691281094250276,0.06618629504018159
2024-01-12,-0.0015343417283928407,0.9338793125452713,0.866185691051711,0.0676936214935604
2024-01-15,0.0,0.9338793125452713,0.8640423623859596,0.0698369501593118
2024-01-16,0.0,0.9338793125452713,0.8635601866418269,0.07031912590344447
2024-01-17,-0.02054634912834341,0.9146915021459788,0.842121243183201,0.0725702589627778
2024-01-18,0.0,0.9146915021459788,0.8430227376285303,0.07166876451744852
2024-01-19,0.004268852127596423,0.918596184911009,0.8349493677202066,0.08364681719080247
2024-01-22,-0.012959885894540113,0.9066912831714025,0.7954418694556382,0.11124941371576424
2024-01-23,0.0,0.9066912831714025,0.8095453061603014,0.09714597701110106
2024-01-24,0.009619713406969765,0.915413393464109,0.8208519039320108,0.0945614895320982
2024-01-25,0.028270258539588422,0.9412923667679414,0.8440575994788821,0.09723476728905922
2024-01-26,-0.009183082130827636,0.9326484016547902,0.8363901882385422,0.09625821341624807
2024-01-29,0.0,0.9326484016547902,0.819889049832275,0.11275935182251529
2024-01-30,0.0,0.9326484016547902,0.8011013325909391,0.13154706906385116
2024-01-31,0.0,0.9326484016547902,0.7814670417880043,0.15118135986678594
2024-02-01,0.0,0.9326484016547902,0.7784308702550939,0.1542175313996963
2024-02-02,-0.013889341664096055,0.9196945293517338,0.7592129366515973,0.1604815927001365
2024-02-05,0.0,0.9196945293517338,0.7420830448018149,0.17761148454991893
2024-02-06,0.039117333908345264,0.955670527350064,0.7995890533644482,0.15608147398561578
2024-02-07,0.06130159606630614,1.0142546559901513,0.850112140258853,0.16414251573129834
2024-02-08,0.007957677835222166,1.022325767785395,0.8568770587948441,0.16544870899055086
2024-02-19,-0.0017745348264915917,1.02051161510644,0.8554420448164726,0.16506957028996738
2024-02-20,0.002862944219329311,1.0234332829356674,0.8553345323200583,0.16809875061560908
2024-02-21,0.012168487288667373,1.035886917829869,0.8550150395208249,0.18087187830904417
2024-02-22,0.007452880629402303,1.0436072593740147,0.8612218647142406,0.1823853946597741
2024-02-23,-0.0012828415226012746,1.0422684766484016,0.8647770643867585,0.1774914122616431
2024-02-26,-6.0020159077578406e-05,1.0422059195286317,0.8644031664709553,0.17780275305767645
2024-02-27,0.0,1.0422059195286317,0.8830939194861841,0.15911200004244763
2024-02-28,-0.024177108496550748,1.0170083939364405,0.8625036292954482,0.15450476464099228
2024-02-29,0.0,1.0170083939364405,0.8895807064216555,0.12742768751478495
2024-03-01,0.005067580755239609,1.02216216610147,0.8949472304476455,0.12721493565382447
2024-03-04,0.00023810440397742383,1.0224055474147977,0.8965730283623189,0.12583251905247883
2024-03-05,-0.0013930106450201762,1.0209813256037212,0.8904182291014765,0.13056309650224474
2024-03-06,-0.0005864520762888237,1.0203825689854689,0.8901311963580316,0.13025137262743725
2024-03-07,0.0,1.0203825689854689,0.8780185210656194,0.14236404791984947
2024-03-08,0.0,1.0203825689854689,0.8900469100214741,0.1303356589639948
2024-03-11,0.0184061356653209,1.039163868980744,0.9052629895917688,0.13390087938897532
2024-03-12,-0.0032851691365417546,1.0357500399105593,0.902379285486457,0.1333707544241023
2024-03-13,-0.006814469087614072,1.0286919532810936,0.9009474992122489,0.12774445406884471
2024-03-14,0.0,1.0286919532810936,0.8972562867483062,0.1314356665327875
2024-03-15,0.0,1.0286919532810936,0.9074417897280179,0.12125016355307572
2024-03-18,0.010156490192156253,1.039139853015343,0.9198036803846811,0.11933617263066199
2024-03-19,-0.009183414886676178,1.0295970006198234,0.9114478863620531,0.1181491142577703
2024-03-20,0.0,1.0295970006198234,0.9139750123455525,0.11562198827427095
2024-03-21,-0.004149544703217045,1.0253246418394533,0.9093854499521925,0.11593919188726076
2024-03-22,0.0,1.0253246418394533,0.8958651961667985,0.12945944567265477
2024-03-25,0.0,1.0253246418394533,0.8809213751064581,0.1444032667329952
2024-03-26,0.0,1.0253246418394533,0.8792031217689164,0.14612152007053691
2024-03-27,-0.009601895675240724,1.0154795815952573,0.8579510523987657,0.15752852919649163
2024-03-28,0.0,1.0154795815952573,0.86911857605139,0.14636100554386733
2024-03-29,0.012466159086216066,1.028138711608228,0.8794930161882174,0.1486456954200105
2024-04-01,0.021766967681575933,1.0505181737159812,0.898636912247758,0.15188126146822323
2024-04-02,-0.0038017159607629525,1.0465244020078937,0.8953100809636313,0.15121432104426236
2024-04-03,0.0,1.0465244020078937,0.8942063891538758,0.1523180128540178
2024-04-08,0.0,1.0465244020078937,0.8815610761238887,0.16496332588400497
2024-04-09,0.0,1.0465244020078937,0.888932719854362,0.1575916821535317
2024-04-10,-0.01149092752873726,1.034498865947366,0.8777147009329945,0.15678416501437142
2024-04-11,0.0,1.034498865947366,0.8820965089867187,0.1524023569606473
2024-04-12,-0.005945834256816052,1.0283479071515786,0.8780052442206584,0.15034266293092025
2024-04-15,0.0,1.0283479071515786,0.8884043247176204,0.1399435824339582
2024-04-16,-0.004328655975369244,1.0238965428385285,0.863752601067861,0.1601439417706675
2024-04-17,0.0,1.0238965428385285,0.8884083843043001,0.13548815853422835
2024-04-18,0.0059239870203080525,1.0299620926684423,0.890087023396413,0.1398750692720293
2024-04-19,-0.006635883045090107,1.0231273846806181,0.8842689369028923,0.13885844777772582
2024-04-22,0.0,1.0231273846806181,0.8764017241197731,0.14672566056084502
2024-04-23,0.0,1.0231273846806181,0.86653395034836,0.15659343433225814
2024-04-24,0.0,1.0231273846806181,0.8756460420419115,0.1474813426387066
2024-04-25,0.003397004152536187,1.0266029526549516,0.8750298333867429,0.1515731192682087
2024-04-26,0.016321916594548735,1.0433590804239032,0.8937946904965292,0.1495643899273741
2024-04-29,0.019870897243536634,1.0640915614991175,0.9114921425119235,0.1525994189871941
2024-04-30,-0.0069168344884323885,1.0567314162876906,0.9052780300276645,0.15145338626002613
2024-05-06,0.0,1.0567314162876906,0.9198297349450936,0.13690168134259706
2024-05-07,0.0005742976144098577,1.0573382946191365,0.9195770256742737,0.13776126894486285
2024-05-08,-0.008745416871674405,1.0480914304583069,0.9082087188575005,0.13988271160080634
2024-05-09,0.0,1.0480914304583069,0.9245161617386585,0.12357526871964841
2024-05-10,-0.005016846391607821,1.0428333167473371,0.9209597308800165,0.12187358586732067
2024-05-13,0.0,1.0428333167473371,0.9159458252150612,0.12688749153227596
2024-05-14,0.0,1.0428333167473371,0.9151935372178664,0.1276397795294707
2024-05-15,0.0,1.0428333167473371,0.9061955298926084,0.13663778685472872
2024-05-16,0.0,1.0428333167473371,0.9025368273974052,0.140296489349932
2024-05-17,0.010836042157647219,1.0541335025310103,0.9137221866111803,0.14041131591983003
2024-05-20,0.00475888713156869,1.0591500048911606,0.9189808321124486,0.140169172778712
2024-05-21,-0.008171644914793497,1.0504950071396884,0.9115624033092552,0.13893260383043315
2024-05-22,0.0,1.0504950071396884,0.9098476771535827,0.14064732998610563
2024-05-23,-0.007985287775504335,1.0421065022009475,0.8921616052910124,0.14994489690993507
2024-05-24,0.0,1.0421065022009475,0.8840339966426219,0.15807250555832553
2024-05-27,0.0,1.0421065022009475,0.89366964191667,0.1484368602842775
2024-05-28,-0.008998983729895271,1.032728602742823,0.8844788874123714,0.14824971533045173
2024-05-29,0.0,1.032728602742823,0.8865049871939173,0.14622361554890573
2024-05-30,-0.004748598115867475,1.0278245896456362,0.8832362878600339,0.14458830178560222
2024-05-31,0.0,1.0278245896456362,0.8832163725925922,0.14460821705304394
2024-06-03,0.0,1.0278245896456362,0.8774811083224006,0.1503434813232356
2024-06-04,0.009733600303245105,1.0378290233830938,0.8887748951033582,0.14905412827973563
2024-06-05,-0.009754939417289554,1.027705064134487,0.8781252848677691,0.14957977926671784
2024-06-06,0.0,1.027705064134487,0.8699494935840312,0.15775557055045575
2024-06-07,-0.00738642992854277,1.020113992691049,0.8666518447385785,0.15346214795247048
2024-06-11,0.0,1.020113992691049,0.8680644478019592,0.15204954488908973
2024-06-12,0.004472097510922701,1.02467604193862,0.8706404884774206,0.15403555346119946
2024-06-13,-0.007430385105283044,1.017062304338859,0.8642577201317948,0.1528045842070641
2024-06-14,0.0,1.017062304338859,0.867336134658886,0.14972616967997288
2024-06-17,0.004746188310909671,1.0218894735591788,0.8663437487298193,0.15554572482935947
2024-06-18,0.0,1.0218894735591788,0.8702974034900234,0.15159207006915543
2024-06-19,-0.012928922470413995,1.0086775437822,0.8599702641930761,0.1487072795891239
2024-06-20,0.0,1.0086775437822,0.8476159603049621,0.16106158347723787
2024-06-21,0.0,1.0086775437822,0.8489076908387158,0.15976985294348423
2024-06-24,-0.01594613180937976,0.9925930387158876,0.8307028570389431,0.16189018167694447
2024-06-25,0.0,0.9925930387158876,0.8233364708059732,0.1692565679099144
2024-06-26,0.0,0.9925930387158876,0.835281887799646,0.1573111509162416
2024-06-27,-0.014388438450656738,0.9783111748717737,0.8199119598767756,0.1583992149949981
2024-06-28,0.0,0.9783111748717737,0.8223627356829233,0.15594843918885037
2024-07-01,0.011908651711572737,0.9899615419188611,0.8324083992116349,0.1575531427072262
2024-07-02,-0.010828883954719037,0.979241363261787,0.8234766929229308,0.15576467033885621
2024-07-03,0.0,0.979241363261787,0.817062446142886,0.16217891711890098
2024-07-04,-0.005882058590969574,0.9734814081883802,0.8043469055908677,0.1691345025975125
2024-07-05,0.0,0.9734814081883802,0.8096321047820583,0.16384930340632198
2024-07-08,-0.015310737600198743,0.958576689788936,0.7958813862643319,0.16269530352460404
2024-07-09,0.0,0.958576689788936,0.811401402430804,0.1471752873581319
2024-07-10,-0.0029417160299766154,0.9557568293746219,0.8059548013937892,0.14980202798083275
2024-07-11,0.0,0.9557568293746219,0.8218553039855939,0.133901525389028
2024-07-12,-0.001745708792751155,0.9540883562738507,0.8184665640045999,0.13562179226925075
2024-07-15,0.0018419383326666594,0.9558457281900224,0.8125657218383519,0.1432800063516706
2024-07-16,0.0,0.9558457281900224,0.8149724411464333,0.14087328704358915
2024-07-17,0.0011834105690367025,0.956976886127131,0.8080206984349178,0.1489561876922133
2024-07-18,0.007140785955873197,0.9638104532356829,0.8115332724472973,0.1522771807883856
2024-07-19,0.004463304653575806,0.9681122329167747,0.8105951751712485,0.15751705774552627
2024-07-22,-0.006837760845139651,0.9614925129968357,0.8095843713632696,0.15190814163356614
2024-07-23,0.0,0.9614925129968357,0.7857628498271871,0.17572966316964855
2024-07-24,0.0,0.9614925129968357,0.7766558492546357,0.18483666374219998
2024-07-25,0.0,0.9614925129968357,0.776221057538635,0.18527145545820067
2024-07-26,0.0,0.9614925129968357,0.7880218600756637,0.17347065292117203
2024-07-29,-0.006876148416555039,0.9548811477760629,0.7834410490863758,0.17144009868968713
2024-07-30,0.0,0.9548811477760629,0.7818501070491378,0.1730310407269251
2024-07-31,0.0,0.9548811477760629,0.8129844083088359,0.14189673946722703
2024-08-01,-0.008555374325516896,0.9467117821204595,0.807420595025266,0.1392911870951935
2024-08-02,0.0,0.9467117821204595,0.7967131689547899,0.14999861316566954
2024-08-05,0.0,0.9467117821204595,0.780945983855057,0.1657657982654025
2024-08-06,0.0,0.9467117821204595,0.7904174987086271,0.15629428341183238
2024-08-07,0.0007340707447032191,0.94740673554338,0.7906112940596385,0.15679544148374147
2024-08-08,0.0008152668905303528,0.948179124886734,0.7912558532709646,0.15692327161576936
2024-08-09,-0.0075647458524931155,0.9410063907843265,0.7853487387105432,0.15565765207378324
2024-08-12,0.0,0.9410063907843265,0.7843252237377143,0.15668116704661217
2024-08-13,0.0,0.9410063907843265,0.7872662112731028,0.15374017951122365
2024-08-14,-0.013462434930931688,0.9283381534788016,0.7764913028928997,0.15184685058590186
2024-08-15,0.0,0.9283381534788016,0.7816992035606701,0.14663894991813142
2024-08-16,0.0011981977807922206,0.9294504861941246,0.7770413103374163,0.15240917585670832
2024-08-19,0.002019178253124254,0.9313272124032036,0.7791349756169411,0.15219223678626248
2024-08-20,-0.017762675796794913,0.9147843490685528,0.7656662486346104,0.14911810043394236
2024-08-21,0.0,0.9147843490685528,0.7631892851668476,0.15159506390170518
2024-08-22,0.0,0.9147843490685528,0.754246165450019,0.16053818361853378
2024-08-23,0.0,0.9147843490685528,0.7548647033762335,0.1599196456923193
2024-08-26,-0.0022896766447638717,0.912689788709495,0.7560746265833282,0.15661516212616677
2024-08-27,-0.008405865210105556,0.9050178413669633,0.7479098993370579,0.1571079420299054
2024-08-28,0.0,0.9050178413669633,0.7486957288373122,0.1563221125296511
2024-08-29,0.016480556585865447,0.9199330391128293,0.7583275640894352,0.16160547502339406
2024-08-30,0.01781824728691994,0.9363246334911495,0.7718396321508684,0.1644850013402811
2024-09-02,-0.019979220240828766,0.9176175974217166,0.7564945276022862,0.16112306981943036
2024-09-03,0.0,0.9176175974217166,0.764746585875124,0.15287101154659255
2024-09-04,0.0029515766676675437,0.9203260161121076,0.7623511136186638,0.15797490249344381
2024-09-05,0.0,0.9203260161121076,0.7655134484540054,0.15481256765810225
2024-09-06,-0.01579290530389743,0.9057913944909359,0.7549257968282349,0.15086559766270102
2024-09-09,0.0,0.9057913944909359,0.7498899461024982,0.15590144838843778
2024-09-10,0.0,0.9057913944909359,0.7499765949854023,0.15581479950553367
2024-09-11,0.005406824968913648,0.9106888500192967,0.7511759033715881,0.15951294664770854
2024-09-12,-0.004158119447100095,0.9069020970017743,0.7481272369632821,0.15877486003849217
2024-09-13,0.0,0.9069020970017743,0.7405349447141694,0.1663671522876049
2024-09-18,0.0,0.9069020970017743,0.7425167217952438,0.16438537520653052
2024-09-19,0.0051855336684378806,0.9116048683597539,0.7520873304941627,0.1595175378655912
2024-09-20,-0.003869201240993103,0.9080776856718009,0.7484264151914658,0.15965127048033512
2024-09-23,0.001739183466319405,0.9096569993688549,0.7478104394634018,0.16184655990545316
2024-09-24,0.04303764817682887,0.9488064972692816,0.7802386507890464,0.16856784648023515
2024-09-25,-0.002762649827359742,0.9461852771634028,0.7872063490072255,0.1589789281561773
2024-09-26,0.04054594895198216,0.9845492571103872,0.8215977697961793,0.16295148731420794
2024-09-27,0.03458761497633889,1.0186024677405618,0.8654349337183463,0.1531675340222155
2024-09-30,0.10411115239703217,1.1246503444914926,0.9555363619924124,0.16911398249908016
2024-10-08,0.07180029937925037,1.205400575922959,1.0241441588512274,0.18125641707173146
2024-10-09,-0.06831430148997941,1.123054477563163,0.9542758936036236,0.16877858395953937
2024-10-10,0.0,1.123054477563163,0.9468290809689721,0.1762253965941909
2024-10-11,-0.023599287067095798,1.0965511925551625,0.9102147869080525,0.18633640564711007
2024-10-14,0.0,1.0965511925551625,0.9330648859544807,0.16348630660068186
2024-10-15,-0.019144945108385714,1.075557780165159,0.9105053967463178,0.1650523834188412
2024-10-16,0.0,1.075557780165159,0.9085966755878302,0.16696110457732882
2024-10-17,0.0,1.075557780165159,0.9015923246259802,0.17396545553917886
2024-10-18,0.0,1.075557780165159,0.9383667727089494,0.1371910074562096
2024-10-21,0.004064707533403489,1.079929607976807,0.94904900937683,0.13088059859997703
2024-10-22,0.008699639302446771,1.089324606038238,0.9573053934387529,0.13201921259948513
2024-10-23,0.003815821205757297,1.093481273969912,0.9610544050999322,0.13242686886997979
2024-10-24,-0.00747575424759328,1.0853066766913677,0.952789003431532,0.13251767325983577
2024-10-25,0.0,1.0853066766913677,0.9665955579037565,0.1187111187876112
2024-10-28,0.011485316582010796,1.0977717674617382,0.9789128097445919,0.11885895771714627
2024-10-29,-0.01219856641723771,1.0843805256453878,0.9670681836366013,0.11731234200878649
2024-10-30,0.0,1.0843805256453878,0.9712950119775277,0.11308551366786013
2024-10-31,0.010397940629933933,1.0956558499713052,0.9818360615447316,0.11381978842657359
2024-11-01,-0.011870604125836515,1.082649753118139,0.9702781021518788,0.11237165096626012
2024-11-04,0.010206056120175777,1.093699337256957,0.9864310644497485,0.10726827280720852
2024-11-05,0.03130249470467117,1.1279348549699453,1.0168883131670314,0.11104654180291385
2024-11-06,0.00226049840193121,1.1304845499070872,1.019186987573888,0.11129756233319932
2024-11-07,0.018470940585134432,1.1513656628608335,1.0381161414806555,0.11324952138017808
2024-11-08,-0.02031993736454496,1.1279699847078135,1.0352686409024554,0.0927013438053581
2024-11-11,0.0,1.1279699847078135,1.0532656205366904,0.07470436417112314
2024-11-12,-0.013639316602883422,1.1125852449678342,1.0421629504450414,0.0704222945227928
2024-11-13,0.0,1.1125852449678342,1.0414904898941164,0.07109475507371776
2024-11-14,-0.016449437634960984,1.094283843367158,1.0112871483584769,0.08299669500868112
2024-11-15,0.0,1.094283843367158,0.9856948317851195,0.10858901158203849
2024-11-18,0.0,1.094283843367158,0.9704800998645012,0.12380374350265677
2024-11-19,0.0,1.094283843367158,0.9877109988894202,0.10657284447773785
2024-11-20,0.012071693062199795,1.1074937020472106,0.9969929609928125,0.11050074105439811
2024-11-21,-0.001280979837361751,1.106075024944883,0.9958154146532544,0.11025961029162856
2024-11-22,0.0,1.106075024944883,0.9567057725209606,0.1493692524239224
2024-11-25,0.0,1.106075024944883,0.9542772745286009,0.15179775041628207
2024-11-26,0.0,1.106075024944883,0.9467620312381534,0.15931299370672958
2024-11-27,0.0,1.106075024944883,0.9658050864990609,0.14026993844582203
2024-11-28,-0.007987855539248412,1.0972398574300526,0.9579287729212125,0.1393110845088401
2024-11-29,0.0,1.0972398574300526,0.9736250649929014,0.12361479243715123
2024-12-02,0.015259547996087752,1.113983241697727,0.9888794610718995,0.1251037806258274
2024-12-03,-0.002035292113423348,1.1117159603914137,0.986965499053559,0.12475046133785472
2024-12-04,0.0,1.1117159603914137,0.9781723012038289,0.13354365918758482
2024-12-05,0.0,1.1117159603914137,0.9819517764027572,0.12976418398865652
2024-12-06,0.012620055105623695,1.1257458770733548,0.9947978892345435,0.13094798783881134
2024-12-09,-0.0007605822963401287,1.124889654689075,0.9894591833599006,0.1354304713291744
2024-12-10,0.0,1.124889654689075,0.9969435970842917,0.12794605760478328
2024-12-11,0.012250185234323752,1.1386697613271906,1.0060961848187395,0.13257357650845103
2024-12-12,0.008711517420319392,1.1485893027889833,1.014962305489854,0.1336269972991293
2024-12-13,-0.01771063695710895,1.1282470546344687,0.9963110835318025,0.1319359711026662
2024-12-16,0.0,1.1282470546344687,0.9837179461732414,0.14452910846122735
2024-12-17,0.0,1.1282470546344687,0.9729968772294971,0.1552501774049716
2024-12-18,0.0030715551396125473,1.131712527673884,0.9797273724669614,0.15198515520692257
2024-12-19,0.012260921097644095,1.1455883656809087,0.981940063496927,0.16364830218398174
2024-12-20,-0.0037034943036495793,1.1413456856942823,0.9844789023862567,0.15686678330802561
2024-12-23,-0.016950267373683436,1.121999571155964,0.9680701694899069,0.15392940166605718
2024-12-24,0.012289808871426278,1.1357887314392932,0.9808326614911484,0.1549560699481447
2024-12-25,-0.009719193791073444,1.1247497806527171,0.9716868452803835,0.15306293537233362
2024-12-26,0.0007360727946861267,1.1255776783670848,0.979468540540821,0.14610913782626378
2024-12-27,0.0009982432544932696,1.1267012786919228,0.9814826944894323,0.14521858420249056
2024-12-30,-0.00014788333233184403,1.1265346583522873,0.9814356931272579,0.1450989652250294
2024-12-31,-0.013564092237918213,1.111254238337185,0.9526273353833026,0.1586269029538825
2025-01-02,0.0,1.111254238337185,0.9226937067971174,0.1885605315400677
2025-01-03,0.0,1.111254238337185,0.9030590666035258,0.2081951717336593
2025-01-06,0.0,1.111254238337185,0.9029420373711241,0.20831220096606096
2025-01-07,0.0,1.111254238337185,0.91252266193554,0.19873157640164507
2025-01-08,-0.0003350420076142502,1.1108819214862027,0.9086795976370611,0.2022023238491416
2025-01-09,0.0,1.1108819214862027,0.9078477483960016,0.2030341730902011
2025-01-10,0.0,1.1108819214862027,0.8933222145025373,0.21755970698366534
2025-01-13,0.0,1.1108819214862027,0.8953879950801137,0.215493926406089
2025-01-14,0.032992185325374956,1.1475323437144842,0.927095163915878,0.22043717979860622
2025-01-15,-0.009038583201301797,1.137160277149636,0.9188074178830882,0.2183528592665479
2025-01-16,0.0,1.137160277149636,0.922663126795816,0.2144971503538201
2025-01-17,0.011319316802572033,1.1500321545819934,0.9295944218350792,0.22043773274691414
2025-01-20,0.004738567070903699,1.155481659080176,0.9340927766293455,0.22138888245083044
2025-01-21,-0.004836919148177632,1.149892687718003,0.9373527245591567,0.21253996315884616
2025-01-22,-0.00016214098897227025,1.1497062429804044,0.9328829366105024,0.216823306369902
2025-01-23,0.0,1.1497062429804044,0.9290887870039852,0.22061745597641913
2025-01-24,0.009126099238576657,1.1601985762490548,0.9400189912123424,0.2201795850367123
2025-01-27,-0.012765577405015494,1.1453879715187587,0.9299353772032346,0.2154525943155241
2025-02-05,0.0,1.1453879715187587,0.9341021103511791,0.21128586116757964
2025-02-06,0.025050652113890237,1.1740806871287095,0.9563157028090393,0.21776498431967017
2025-02-07,0.014977136350221132,1.1916650536659974,0.9706385734838678,0.22102648018212956
2025-02-10,0.009352538468409444,1.202810146921868,0.9797165080812977,0.2230936388405702
2025-02-11,-0.005240037587176172,1.1965073765417604,0.9746802247766524,0.22182715176510803
2025-02-12,0.0,1.1965073765417604,0.9883645923448741,0.20814278419688637
2025-02-13,-0.006924962231265708,1.1882216081497778,0.9813320572033696,0.20688955094640826
2025-02-14,0.0,1.1882216081497778,0.9895735006552988,0.19864810749447903
2025-02-17,-0.0031432404250074653,1.184486741957174,0.989727182631371,0.19475955932580302
2025-02-18,-0.007478058730906567,1.1756290805348382,0.9717571060777153,0.2038719744571229
2025-02-19,0.0,1.1756290805348382,0.9889223529344431,0.18670672760039508
2025-02-20,0.0025837834090636225,1.1786666514483368,0.9911957547504526,0.1874708966978842
2025-02-21,0.016704577966785372,1.1983557804243055,1.0077532615160283,0.19060251890827717
2025-02-24,-0.0020961138305800597,1.1958438902990025,1.0057414701137637,0.19010242018523882
2025-02-25,0.0,1.1958438902990025,0.9949257163020073,0.2009181739969952
2025-02-26,0.0,1.1958438902990025,1.0068673565490558,0.18897653374994672
2025-02-27,-0.0037034357408135543,1.1914151592952356,1.0030815424053527,0.18833361688988282
2025-02-28,-0.014917036719170884,1.1736427756162517,0.9749448133298059,0.19869796228644587
2025-03-03,0.0,1.1736427756162517,0.9792537651127472,0.19438901050350454
2025-03-04,0.015664313999248503,1.1920270845764542,0.987882150398336,0.2041449341781182
2025-03-05,0.0021015336488960923,1.1945321696050872,0.9900572237009119,0.20447494590417536
2025-03-06,0.009453728684917007,1.205824952641939,1.0062073908735267,0.19961756176841217
2025-03-07,-0.002787887154612645,1.202463248745757,1.0005508060517323,0.20191244269402464
2025-03-10,0.0,1.202463248745757,1.0005249178678233,0.20193833087793367
2025-03-11,0.0,1.202463248745757,1.0057416697655677,0.19672157898018927
2025-03-12,-0.004793321564696251,1.1966994557247892,1.0049966856968666,0.19170277002792258
2025-03-13,0.0,1.1966994557247892,0.9972552701878711,0.19944418553691812
2025-03-14,0.0,1.1966994557247892,1.0148934921681005,0.18180596355668865
2025-03-17,-0.007904400412268253,1.187240264053597,1.016230610211947,0.17100965384165012
2025-03-18,0.0009858842797423328,1.1884107455662047,1.0204373069959773,0.1679734385702274
2025-03-19,0.003389094043765528,1.1924383813455501,1.0151357363568647,0.17730264498868542
2025-03-20,-0.010439091699168346,1.179990407737076,1.0081560756681,0.17183433206897591
2025-03-21,0.0,1.179990407737076,0.9935888644605663,0.1864015432765097
2025-03-24,0.0,1.179990407737076,0.9931144751367869,0.18687593260028912
2025-03-25,-0.002112403105845262,1.1774977923349046,0.989432912510034,0.18806487982487063
2025-03-26,0.0,1.1774977923349046,0.9896903967864977,0.18780739554840686
2025-03-27,0.004027599215294275,1.1822402815193234,0.9912049387334333,0.19103534278589007
2025-03-28,-0.0034725249402739466,1.1781349226563511,0.9842886175794644,0.19384630507688672
2025-03-31,0.0,1.1781349226563511,0.974595638962389,0.20353928369396213
2025-04-01,0.0,1.1781349226563511,0.980431810581815,0.19770311207453606
2025-04-02,0.0023117075350087557,1.1808584260343127,0.9814693843691704,0.19938904166514226
2025-04-03,-0.009182192946314727,1.170015556124184,0.9725545985708491,0.19746095755333493
2025-04-07,0.0,1.170015556124184,0.879638113136721,0.29037744298746304
2025-04-08,0.0,1.170015556124184,0.8862733245507614,0.2837422315734227
2025-04-09,0.02076446425693579,1.1943103023193835,0.9050501774064336,0.28926012491294995
2025-04-10,0.0016173373479444475,1.1962419049763595,0.9224020820621821,0.2738398229141774
2025-04-11,0.0067195825964943,1.2042801512622359,0.9286002390397773,0.2756799122224586
2025-04-14,0.008209368596495015,1.2141665309173904,0.9362234606808482,0.2779430702365422
2025-04-15,-0.0044718568543953285,1.20873695199373,0.9321300163825951,0.27660693561113503
2025-04-16,0.0,1.20873695199373,0.9245316347534627,0.28420531724026743
2025-04-17,0.004186553081793942,1.2137973934051776,0.9245559756358914,0.28924141776928614
2025-04-18,0.0023793335138608818,1.2166854222223435,0.9251732657383313,0.2915121564840123
2025-04-21,0.014685110870610751,1.2345525825423345,0.9387595377202237,0.2957930448221108
2025-04-22,-0.003320215802532278,1.2304536015487204,0.9357362270910161,0.2947173744577043
2025-04-23,0.0,1.2304536015487204,0.9375230608232066,0.29293054072551383
2025-04-24,-0.0050178134894540705,1.224279414868722,0.932686645611942,0.2915927692567799
2025-04-25,0.0,1.224279414868722,0.9362305982328386,0.28804881663588333
2025-04-28,-0.004843355142877037,1.218349794868399,0.9314247630228754,0.28692503184552365
2025-04-29,0.0,1.218349794868399,0.9325246115354054,0.28582518333299356
2025-04-30,0.004747496499670767,1.2241339062549113,0.9370033339022854,0.28713057235262585
2025-05-06,0.019267094046194533,1.2477194093518602,0.9550566652581787,0.29266274409368154
2025-05-07,0.0016344469184004229,1.2497587404955037,0.9567133260142091,0.2930454144812946
2025-05-08,0.008487872989091372,1.2603665339518364,0.960625586300399,0.29974094765143744
2025-05-09,-0.0007904085472730804,1.259370329470704,0.9519601822428321,0.30741014722787185
2025-05-12,0.0,1.259370329470704,0.9639312711309597,0.29543905833974426
2025-05-13,-0.009852977398366991,1.246961782078255,0.961933754832676,0.2850280272455791
2025-05-14,0.011553243584471629,1.261368235287132,0.9648371579159752,0.2965310773711568
2025-05-15,-0.008061000810440255,1.251200344920219,0.9508910634704564,0.30030928144976254
2025-05-16,0.0,1.251200344920219,0.9509829864885143,0.3002173584317046
2025-05-19,0.0001372123796967717,1.2513720250970228,0.9518058513983969,0.2995661736986259
2025-05-20,0.004544362060594054,1.2570587126515624,0.9562268244809914,0.30083188817057105
2025-05-21,0.004532283014933691,1.2627560585036874,0.9579830116612791,0.30477304684240836
2025-05-22,-0.0016817604452087354,1.2606324053125482,0.9488917336682869,0.3117406716442612
2025-05-23,0.0,1.2606324053125482,0.9405336270122635,0.32009877830028466
2025-05-26,0.0,1.2606324053125482,0.9432650799794312,0.31736732533311696
2025-05-27,-0.002697987886950526,1.2572312343531176,0.9403841876370246,0.316847046716093
2025-05-28,0.0,1.2572312343531176,0.9379039132768466,0.31932732107627093
2025-05-29,0.0,1.2572312343531176,0.9516586414683019,0.30557259288481564
2025-05-30,-0.0060065076275537255,1.2496796653543767,0.9435331790768037,0.306146486277573
