trade_date,strategy_ret,cum_ret,position
20190124,0.01780985244924338,1.0178098524492434,-1
20190125,0.0065123774955448965,1.0244382144270776,-1
20190128,0.011133344497588737,1.0358436379847888,-1
20190129,0.0022584212155569716,1.0381830092328135,-1
20190130,0.019061670964092503,1.0579725121553207,1
20190131,0.0031470928373604767,1.061302049870449,1
20190201,-0.0030120305000579384,1.0581053757264653,1
20190211,0.041068282021056834,1.1015599457047962,1
20190212,-0.005349956798251898,1.0956666475845909,1
20190213,0.001667309726803401,1.0974934632434428,1
20190214,0.0029489162668816515,1.1007298795699976,1
20190215,0.01778971223123471,1.1203115473718694,-1
20190218,0.05498335540870092,1.1819100353494887,1
20190219,0.006909658740651858,1.1900766303559054,1
20190220,-0.017173771801170412,1.1696385258802673,1
20190221,-0.0023151690640620393,1.1669306149490142,-1
20190222,0.027513586510880872,1.1990370613756094,-1
20190225,0.0046532535693522,1.204616484861241,-1
20190226,-0.0013130396169890313,1.2030347756933402,-1
20190227,0.014273521846054349,1.2202063188457621,1
20190228,-0.004751612529141469,1.214408371212997,1
20190301,-0.022412334364777742,1.1871906447419862,1
20190304,0.044313539685121306,1.239799264491565,1
20190305,0.026409921881068055,1.2725422662149928,1
20190306,-0.0448689758420463,1.2154445980142095,1
20190307,-0.025783824924415222,1.1841057872936849,1
20190308,0.00753654345188437,1.1930298520112514,1
20190311,0.02517536344095128,1.223064812131539,-1
20190312,0.0010651671649903882,1.2243675806100767,1
20190313,-0.012273752376052438,1.2093399961084021,1
20190314,0.00945227797855308,1.220771013922201,1
20190315,-0.005862648483189181,1.2136140625891088,1
20190318,-0.027620537793122235,1.1800933895071017,-1
20190319,-0.02316038079834193,1.1527619772285111,1
20190320,0.013094969439466864,1.1678573600912978,-1
20190321,-0.0027780952131185588,1.1646129411496229,-1
20190322,0.038234119464839234,1.2091408914718353,-1
20190325,0.01906411733442548,1.2321920953007062,-1
20190326,-0.0038250500314612745,1.2274788988878098,1
20190327,0.010895125078136614,1.2408524350219658,-1
20190328,0.010953248548211336,1.2544438001544147,-1
20190329,0.0034858241817503632,1.2588165706876397,-1
20190401,0.0008711496893838433,1.2599131883521855,1
20190402,0.0039039079719802583,1.2648317734921966,-1
20190403,-0.017009071704074175,1.2433181591632765,-1
20190404,-0.0027016895214864167,1.2399590995207912,-1
20190408,0.001510213044267239,1.2418317019272453,-1
20190409,0.033539176738745846,1.2834817148579607,-1
20190410,-0.0018554591653597852,1.2811002669465559,-1
20190411,-0.0041398664194882695,1.2757966829714265,-1
20190412,0.01248204405801201,1.2917212333773413,-1
20190415,-0.023646904067308627,1.2611760252899618,-1
20190416,0.0028133761186714956,1.2647241878009536,-1
20190417,-0.0013420637414144343,1.263026847325616,-1
20190418,-0.01574948065401538,1.2431348304281593,-1
20190419,-0.012000771859241532,1.2282162529379141,-1
20190422,0.01609073770951963,1.2479791585145072,-1
20190423,0.0019863884017343736,1.2504581298405868,-1
20190424,-0.047605023393988644,1.1909300413163224,-1
20190425,0.0004357520764264322,1.1914489915547046,-1
20190426,-0.017109690246907894,1.1710636683642128,-1
20190429,-0.00836610154851325,1.1612664307949034,1
20190430,0.043822234531980975,1.212155720679314,1
20190506,-0.02008421567599683,1.1878105237522973,1
20190507,-0.005629365497663907,1.181123904172124,1
20190508,0.022807322852826495,1.2080621783837686,1
20190509,0.00325670743705464,1.2119964834645354,1
20190510,-0.03581057903145635,1.1685941876075814,1
20190513,-0.0063818171600694695,1.16113643316795,1
20190514,0.016609553729605375,1.1804223911420553,1
20190515,-0.0034069403840998325,1.1764007624273778,1
20190516,-0.025111602869383187,1.146859453666062,1
20190517,-0.005166667952918758,1.1409340116803035,1
20190520,0.03338875164182209,1.1790283740360048,1
20190521,0.008855112994281988,1.1894688035115581,1
20190522,-0.004830573167158625,1.183722987426143,1
20190523,-0.0046609196046707435,1.178205749747549,-1
20190524,-0.005110385172824805,1.1721846645535023,-1
20190527,0.005173609341247776,1.1782490900837037,-1
20190528,-0.007929270636154229,1.1689064341716275,-1
20190529,-0.0006316801600874111,1.168168059168163,-1
20190530,-0.004718643942154821,1.1626558900323503,-1
20190531,0.013526271850784477,1.1783822896698437,-1
20190603,0.02534254801887248,1.2082454994303906,-1
20190604,-0.005747345460657471,1.2013012951438795,-1
20190605,-0.0007851306734122376,1.2003581166490522,-1
20190606,-0.0031957361366703463,1.1965220888387313,-1
20190610,0.002907159682158822,1.2000005696142158,-1
20190611,0.004563941408675554,1.2054773019043123,-1
20190612,0.012927986704930783,1.2210616964364271,-1
20190613,0.03513970591287463,1.263969445350679,-1
20190614,-0.0013103250165406033,1.2623132345662929,-1
20190617,0.0036561858862929064,1.2669284863985948,-1
20190618,-0.01335689605649415,1.2500062542947572,-1
20190619,-0.0022797675918102556,1.2471565305466559,-1
20190620,0.011586586169429092,1.2616068171546009,-1
20190621,-0.00900623231512232,1.2502444930689645,1
20190624,0.03748093541869557,1.297104826171262,1
20190625,0.0014997196076573793,1.2990501197122581,1
20190626,-0.01665380886075596,1.277415987318028,1
20190627,-0.0038651062732202313,1.2724786387719333,-1
20190628,0.0029290564136676966,1.2762058004900834,-1
20190701,-0.026539263453674633,1.2423362385297694,1
20190702,0.0073881905235231304,1.2515148553543043,1
20190703,-0.004847895236286148,1.2454476424488907,1
20190704,0.0024925276473406477,1.2485519551310098,1
20190705,0.004951189496422481,1.2547337724569922,-1
20190708,0.00016553361936466615,1.2549414730796862,-1
20190709,-0.006218162488868972,1.2471380430860561,-1
20190710,-0.003304176961416383,1.2430172782963853,-1
20190711,-0.016602898187241255,1.2223795889798488,1
20190712,0.011480773237181552,1.2364134518506855,1
20190715,-0.004738562650155376,1.2305546292475962,-1
20190716,-0.0002795374363294689,1.230210643161273,-1
20190717,0.008834131373932408,1.2410784856005694,-1
20190718,0.007954726910815335,1.2509509260284102,1
20190719,0.0027903137027809333,1.2544414715388137,-1
20190722,-0.0030161722231073496,1.2506578600168443,-1
20190723,0.004618990051865612,1.2564346362305496,-1
20190724,-0.006161017527307688,1.2486937204148167,1
20190725,0.0022111020079427224,1.2514547096073314,1
20190726,-0.010878628335314722,1.237840598943034,1
20190729,-0.016297989098016274,1.2176662863563785,1
20190730,-0.015320832476803159,1.1990106251704615,1
20190731,-0.005079280235796402,1.1929205141995234,1
20190801,0.014422572747407658,1.2101254970974409,-1
20190802,-0.010025251905121046,1.1979936841522292,1
20190805,0.018994251824540953,1.2207486778732262,-1
20190806,-0.010101802484594358,1.2084169158460212,1
20190807,0.008070351480564675,1.2181692650919584,1
20190808,0.012438604648590035,1.2333215909755009,1
20190809,0.007854228642808714,1.243008380741135,1
20190812,0.03498160195633537,1.2864908051446102,1
20190813,-0.006933015175768276,1.2775715448690563,1
20190814,-0.0010915910814923713,1.2761769591647087,1
20190815,0.0022512889999231067,1.2790500023148317,1
20190816,0.001302606359324665,1.2807161009817412,1
20190819,-0.018474812976710275,1.257055110539842,-1
20190820,0.0170703910156651,1.2785135328049972,1
20190821,-0.0018016469779218447,1.2762101027623869,1
20190822,-0.0026627686973588194,1.272811850449498,1
20190823,-0.006146364468357035,1.2649886849169916,1
20190826,0.0256937402996662,1.297490975669265,1
20190827,0.004925472444819334,1.3038817317173257,1
20190828,0.005410597819295093,1.310936511371574,1
20190829,0.011766789041208758,1.3263620247473016,1
20190830,0.0018857301187529263,1.3288631855657378,1
20190902,0.00017221988003801592,1.3290920422241428,-1
20190903,-0.004570599137414089,1.3230172952824093,1
20190904,-0.004263209487707642,1.31737699539676,-1
20190905,0.014344178516304318,1.3362736861920037,-1
20190906,-0.0057053668874356145,1.3286497545502522,-1
20190909,-0.015235939897830897,1.3084065267446567,-1
20190910,0.005907373004163441,1.3161357721392193,-1
20190911,0.0008366285504290971,1.317236888902432,-1
20190912,0.0022339807633136033,1.320179570772967,-1
20190916,-0.010974325773108862,1.3056914900843015,-1
20190917,0.0031278306024209446,1.3097754718843078,-1
20190918,-0.0038248951406297804,1.3047657180465815,-1
20190919,-0.0003272632180623125,1.3043387162188762,-1
20190920,0.000542816592748574,1.3050467329166042,-1
20190923,-0.010842659066282456,1.2908965561260237,-1
20190924,0.00850511682927313,1.301875782150382,-1
20190925,0.00021616179866312812,1.3021571979610875,-1
20190926,0.0060966896212109045,1.310096046235082,-1
20190927,0.014390505006086407,1.3289489899468818,-1
20190930,0.010195232521335473,1.3424979339083842,-1
20191008,-0.011010859732386802,1.3277158774670998,1
20191009,-0.0035473994635971673,1.3230059388755637,-1
20191010,0.00233971627270968,1.3261013973996425,-1
20191011,-0.016129540481981675,1.3047119912270726,-1
20191014,-0.002497596027429494,1.3014533477408443,1
20191015,0.013597260748611895,1.3191495482622304,1
20191016,-0.009945895552048722,1.306029424637682,1
20191017,0.002166043543862184,1.3088583412410124,1
20191018,0.012985101682447375,1.3258539998899463,1
20191021,0.017355639171076964,1.3488650435055654,1
20191022,-0.010464928531565665,1.3347492672265524,1
20191023,-0.0014834752595815903,1.3327691997108773,1
20191024,-0.007580408083187495,1.3226662652963657,1
20191025,0.009385559442454783,1.3350802281518344,1
20191028,0.006536262249517755,1.3438066626471807,-1
20191029,0.005857276583278281,1.3516777099447574,-1
20191030,-0.005995310073745874,1.343573982953868,1
20191031,0.00016733757769582525,1.3437988133696306,-1
20191101,-0.0025411883698721605,1.3403839674536477,1
20191104,-0.022257217485790903,1.3105507499755646,1
20191105,-0.0010081112703337336,1.30922956899417,1
20191106,-0.0012419899489816144,1.3076035190285697,-1
20191107,0.006415054781682805,1.3159918672358593,1
20191108,-0.01051582294915343,1.302153129757481,1
20191111,0.004602325386715567,1.3081460621639551,1
20191112,0.006641986132118971,1.316834750167634,-1
20191113,-0.005444287231609279,1.309665523551157,1
20191114,-0.003758057747180854,1.3047437248841598,1
20191115,-0.019495479313797248,1.279307120585874,1
20191118,0.009917129746088493,1.2919941752858188,-1
20191119,-0.0015859395589812308,1.2899451506132598,-1
20191120,-0.0027952769200175753,1.286339396705662,1
20191121,-0.004700641078023482,1.2802927768972274,-1
20191122,-0.01220488809757414,1.2646669468230642,-1
20191125,0.0027866600460340063,1.268191143675316,1
20191126,0.003503608607853703,1.2726343890827005,1
20191127,-0.002940896264505999,1.2688917033617653,-1
20191128,0.02153635189537839,1.2962190016024904,1
20191129,0.009927733014299056,1.309087517778461,1
20191202,-0.003318506109360242,1.304743302853026,1
20191203,0.0075249087675479664,1.3145613771720641,1
20191204,-0.009089909837340038,1.3026121327779205,1
20191205,0.0015867801109206159,1.3046790918024564,1
20191206,0.02000434634564141,1.3307783442247896,1
20191209,0.01419597391656846,1.3496700388881389,1
20191210,0.011954617478864726,1.365804827925731,1
20191211,-0.005105637926657192,1.358831522995862,1
20191212,-0.0011048205390505883,1.357330258020147,1
20191213,-0.010461688833036664,1.3431302912170748,1
20191216,-0.01980153033247889,1.3165342560150688,1
20191217,0.004196173595270025,1.3220586622974277,-1
20191218,0.00820733152649522,1.3329092360363775,1
20191219,0.0051786188336020444,1.3398118649095976,1
20191220,-0.014525583070004067,1.3203503163676762,1
20191223,0.014902119893682064,1.3400263350838484,-1
20191224,0.0001531303567054998,1.3402315337945345,-1
20191225,0.009014732541160031,1.3523133626149209,-1
20191226,0.0017843213685988513,1.3547263242448764,1
20191227,0.013022301926381985,1.3723679794668109,1
20191230,0.017900331137738146,1.3969338207420954,1
20191231,-0.016118039687111896,1.3744179859791055,1
20200102,0.02708059358161541,1.411638040868668,1
20200103,-0.004676965465504779,1.4050358585017324,1
20200106,0.01621530783751335,1.4278189474700829,1
20200107,-0.0064670992019106865,1.4185851006944261,1
20200108,0.0008744082686118482,1.419825523236203,1
20200109,0.0029738518886226473,1.4240478740499936,1
20200110,0.0013211667304331431,1.4259292787237325,1
20200113,0.025700040144669867,1.4625757184303927,1
20200114,-0.007642811976049324,1.4513975272136939,1
20200115,0.013661379702605059,1.471225619932382,1
20200116,-0.03317986351465829,1.422410554663757,1
20200117,-0.06845698941632117,1.3250366103774767,1
20200120,0.048400623151772404,1.3891692080186588,1
20200121,0.030237994445185157,1.4311748988141493,1
20200122,0.03744481263802313,1.4847649747524867,1
20200123,0.0017645931901550949,1.4873849809159156,1
20200203,0.013085628117839088,1.5068483476442405,1
20200204,-0.006724734429278123,1.4967151926811364,1
20200205,0.028018419239730585,1.5386507864321506,1
20200206,-0.009918293867771877,1.5233899957724382,1
20200207,0.00223927630185794,1.5268012868884588,1
20200210,0.018999750057373532,1.5558101297266158,-1
20200211,0.011542241424940869,1.573767665855289,1
20200212,-0.014515355102949878,1.550923869335859,1
20200213,0.0186128610342704,1.5797909997905402,-1
20200214,0.018247046947658108,1.6086175203312059,1
20200217,0.01676639171263905,1.635588231792893,1
20200218,0.010309360771133536,1.6524501009474661,1
20200219,-0.0466095198131502,1.5754301952271133,1
20200220,0.007342867514357421,1.5869983704287842,1
20200221,-0.05697023435642823,1.4965867013421867,1
20200224,0.030821458060844353,1.5427136855920223,1
20200225,0.017762962444024977,1.5701168508510768,1
20200226,-0.00179617009988986,1.5672966539102449,1
20200227,0.018504982016580573,1.5962994503055008,1
20200228,-0.007536336067673788,1.5842692011833557,1
20200302,-0.04554300510625908,1.512116820864173,1
20200303,0.01930640916050197,1.5413103669062542,-1
20200304,-0.02203368683601903,1.5073496169647322,1
20200305,-0.01605713302062084,1.4831459036565477,-1
20200306,-0.01520519620388927,1.4605943791924554,-1
20200309,-0.03742594736722693,1.4059302508319311,-1
20200310,-0.0031299659702223037,1.401529736990321,-1
20200311,-0.022283254108677264,1.370299093720098,-1
20200312,0.0041870824383920535,1.376036648990758,1
20200313,0.01060892013063608,1.3906349118967292,1
20200316,-0.026174280396471405,1.3542360437836218,-1
20200317,0.031162526050749983,1.3964374597768936,-1
20200318,0.023036857775190933,1.4286069909297228,-1
20200319,-0.004039054339394665,1.4228367696637185,-1
20200320,0.004523291975180088,1.4292726758059295,-1
20200323,-0.0042209636939819495,1.4232397677325523,-1
20200324,-0.00024646455334154105,1.4228889895789003,-1
20200325,-0.002714195358854199,1.4190269908872206,-1
20200326,0.014096114600629761,1.4390297579721536,-1
20200327,-0.004067008092690894,1.433177212300858,-1
20200330,0.017934642206069773,1.4588807328213662,-1
20200331,-0.0049031220062446534,1.4517276625957833,-1
20200401,0.01647979625778717,1.4756518386971555,1
20200402,-0.023659529262928025,1.4407386108376066,1
20200403,-0.013746145413308541,1.4209340083904647,1
20200407,0.016995461320242322,1.4450834373686816,-1
20200408,-0.003984787143917701,1.4393250874655665,1
20200409,0.015612325472202482,1.4617962991913853,1
20200410,0.006164894125791909,1.4708081186093747,1
20200413,0.011217211501993951,1.4873064843546657,1
20200414,-0.009540152204349783,1.4731173541194058,1
20200415,0.009500369649866114,1.487112513521173,1
20200416,-0.006678884606057034,1.4771802606471416,1
20200417,-0.01270080813022001,1.4584188775829139,1
20200420,0.007445098629677682,1.4692769499699025,1
20200421,0.007100725996483037,1.4797098830045872,-1
20200422,0.0069642583641804645,1.4900149649338623,-1
20200423,0.006008617152972073,1.498967894410349,-1
20200424,0.0006769959771937284,1.4999826896448074,-1
20200427,-0.0016228755941488648,1.4975484043461371,1
20200428,0.008734163144095586,1.5106282364258763,1
20200429,-0.010548533431442908,1.4946933239714564,1
20200430,0.010141071646900146,1.5098511160599943,1
20200506,0.007782360002824618,1.5216013209958397,1
20200507,-0.010759940914126798,1.5052289806870671,1
20200508,0.0031466051971922315,1.5099653420206613,1
20200511,-0.004449678665178203,1.5032464814531135,1
20200512,0.013836625074910458,1.5240463394121586,1
20200513,-0.012126882595741906,1.5055644083836373,1
20200514,-0.008822685710983547,1.4922812867908255,1
20200515,-0.025166858250258883,1.454725255176647,1
20200518,0.0027883378621551547,1.4587815206846892,1
20200519,0.006858205128526862,1.4687861435912493,-1
20200520,-0.019640475343441377,1.4399384855532569,1
20200521,-0.007969930583229812,1.4284622757792764,1
20200522,-0.0010679209847381799,1.426936790939065,-1
20200525,0.034292650025701255,1.4758702349195354,1
20200526,-0.005994468319795221,1.4670231775521816,1
20200527,-0.0010109609176995882,1.4655400744543168,1
20200528,-0.0019886064511386303,1.4626256920078546,-1
20200529,0.0045038375843931,1.4692131205714185,-1
20200601,0.004570304792291147,1.475927872337263,-1
20200602,0.0064330786224724434,1.485422632381107,-1
20200603,0.00935075433788235,1.4993124545044334,1
20200604,-0.0028840299870815933,1.4949883924256377,1
20200605,0.005067548487965423,1.5025643185932,1
20200608,0.005793732098505755,1.5112697737159029,1
20200609,0.018430767144413718,1.5391236350076516,1
20200610,0.0015497305302134556,1.541508861894596,1
20200611,0.000914901080875774,1.542919190018523,1
20200612,0.023573145638417614,1.579290648793139,1
20200615,0.010101966440828614,1.5952445899275618,1
20200616,0.016717413317384855,1.621912953079703,1
20200617,0.00017887973928965017,1.6222030804459004,1
20200618,-0.004170917501114424,1.6154370052273068,1
20200619,0.02767519299915433,1.6601445361249485,1
20200622,-0.007615177233239678,1.6475022412495626,1
20200623,0.0019688965591178054,1.6507460027434977,1
20200624,0.024291315252217505,1.6908447942974778,-1
20200629,0.06804910662438157,1.8059052719899074,-1
20200630,0.002259719094919843,1.8099861106166393,-1
20200701,0.023427182277185876,1.85238898514923,1
20200702,0.03985113855386113,1.9262087952520581,1
20200703,0.007543841441422616,1.9407398089865133,1
20200706,0.03993936633959416,2.01825172718746,1
20200707,-0.010643842298809214,1.9967697740839772,1
20200708,-0.015955381238399458,1.9649105510931546,1
20200709,-0.05929495229164439,1.8484012737087374,1
20200710,0.00754763142139514,1.8623523252415284,-1
20200713,0.032023726863967594,1.921991787429538,-1
20200714,-0.00033468018485871553,1.921348534862824,-1
20200715,0.0013830716219891404,1.9240058974973433,-1
20200716,0.011067240923529953,1.945299334303239,1
20200717,-0.061375335373928364,1.825905935257698,1
20200720,0.0014914515808519546,1.828629185551325,1
20200721,0.01320765377749411,1.852781086721508,1
20200722,0.03783224983051903,1.9228759636756165,1
20200723,-0.008588633569581394,1.906361086623851,1
20200724,0.01886775260370044,1.9423298359795913,1
20200727,0.02628686601465735,1.9933876001342583,1
20200728,-0.01256147821480702,1.9683477052215055,1
20200729,0.009671126694661414,1.9873838452578487,1
20200730,-0.01603633819032413,1.955513485801307,1
20200731,-0.008643095014601587,1.9386117969411916,-1
20200803,0.006745225692383228,1.9516881710414764,-1
20200804,-0.006980363326575145,1.938064678507428,-1
20200805,-0.004010727638300127,1.930291628936525,-1
20200806,-0.0024289649679769543,1.925603018191859,-1
20200807,0.014395970738387609,1.9533239428955,-1
20200810,0.010372043087145899,1.9735839029943658,1
20200811,-0.00045045061090320804,1.9726949009195933,-1
20200812,-0.03266316942315173,1.9082604331506692,1
20200813,-0.01303834406403337,1.8833798770594694,-1
20200814,0.01723067549135382,1.915831784548027,1
20200817,0.019820798251971805,1.9538050998342686,1
20200818,0.006322995878798032,1.9661590014284953,1
20200819,-0.021268918666916603,1.9243409255408868,1
20200820,0.01702876242746254,1.957110069991366,1
20200821,0.025535086005145313,2.0070850439501315,1
20200824,-0.010705956080752532,1.9855972796192662,1
20200825,0.00810394436357642,2.0016884495017693,1
20200826,0.007790363920320065,2.0172823309784893,1
20200827,-0.008982267188094584,1.9991625620878182,1
20200828,-0.005387132971487629,1.9883928075342312,1
20200831,-0.03328984384705025,1.9221995214648189,1
20200901,0.0035693602487594234,1.9290605440269197,1
20200902,-0.01647793732736258,1.8972736052817563,-1
20200903,0.0030282443704972017,1.9030190133962437,-1
20200904,0.006160804044564205,1.914743140630858,-1
20200907,0.008774806257645595,1.9315446407230497,-1
20200908,0.008766496727125705,1.9484775204942455,1
20200909,-0.015549867774701132,1.9181789526885824,1
20200910,-0.009375334917918643,1.9001953825746245,-1
20200911,0.015156759157072486,1.9289961863396894,1
20200914,-0.010808600712639782,1.908146436785339,-1
20200915,-0.005322745110830085,1.897989859668192,1
20200916,0.01735070821121809,1.9309213279111455,1
20200917,-0.024622669790805296,1.883376889661966,1
20200918,0.0017972540768578238,1.8867617964551708,1
20200921,-0.007549953923083996,1.8725168318280991,1
20200922,-0.002823810157557838,1.867229199778185,-1
20200923,0.004439022955400329,1.875517873058994,1
20200924,0.038130219834615176,1.9470317818624834,1
20200925,0.03907825048007152,2.0231183775267656,1
20200928,0.0026386662576494135,2.028456711724776,1
20200929,-0.007351843271950931,2.0135438158962384,1
20200930,-0.009507482661261779,1.9944000829789141,1
20201009,-0.0049183283279086165,1.9845909685536156,1
20201012,-0.007650919455533756,1.969407022901032,-1
20201013,0.002741400423187379,1.9748059561470412,-1
20201014,0.00413901816053075,1.982979713863058,-1
20201015,-0.0023374615083929795,1.978344575109979,-1
20201016,-0.006802729164008037,1.9648864327724214,-1
20201019,-0.012521454559362932,1.9402831965901528,-1
20201020,0.012614303155157325,1.9647585170387987,1
20201021,0.0074385355435491185,1.9793734431022827,1
20201022,0.01102475340121245,2.001195547201394,1
20201023,-0.016318354868578022,1.9685393281007435,1
20201026,0.019776309379627266,2.0074697708792275,1
20201027,0.01326468092937061,2.034098216865297,1
20201028,0.0022737560942831525,2.038723260082265,1
20201029,0.013569777371362557,2.0663882808434,1
20201030,-0.019658858816634095,2.0257654453699523,1
20201102,0.029610019350024386,2.085748399405967,1
20201103,-0.014491908984434976,2.055521923437345,1
20201104,-0.03306383170220761,1.9875584925006144,1
20201105,0.007080077287381803,2.0016305602407107,1
20201106,0.002334225930229916,2.0063028181971654,1
20201109,0.002067117001859131,2.0104500808635386,1
20201110,-0.020025227024231262,1.9701903615733622,1
20201111,0.0022994582682873688,1.9747207320903821,-1
20201112,0.006805047479887083,1.9881588004317745,-1
20201113,0.008291177739275568,2.0046429784200592,1
20201116,0.0072232965298353324,2.0191231090896395,1
20201117,-0.007804964002872006,2.003363925905828,-1
20201118,-0.006515569405832866,1.9903108692014466,-1
20201119,0.00744006739074532,2.0051189161968384,-1
20201120,0.015358128712483987,2.0359137905956257,-1
20201123,-0.008357802471112508,2.0188980252856137,-1
20201124,0.024383370604716292,2.0681255640492826,-1
20201125,-0.005733417169330068,2.056268137432032,1
20201126,-0.0024047622398764013,2.0513233014600747,-1
20201127,0.00675372551486042,2.0651773759803733,1
20201130,-0.0015945658864406909,2.061884314587186,1
20201201,0.00726166326814881,2.076857024177596,1
20201202,-0.017644221189844322,2.0402124994633244,1
20201203,0.007680110975297971,2.0558815578723926,1
20201204,-0.01131649383648281,2.0326161868941908,1
20201207,0.014443216500393152,2.0619737025437073,1
20201208,0.011829233540221029,2.086365271024891,1
20201209,0.0006471163793844159,2.0877153921651503,1
20201210,0.015531968753472514,2.120141722402403,-1
20201211,-0.008918051246262326,2.1012341898726796,-1
20201214,0.00407292037458773,2.1097923494163924,-1
20201215,-0.014581425231853906,2.07902857001864,-1
20201216,0.0068237009487792655,2.093215239244415,-1
20201217,-0.0015202369561975182,2.09003305608044,-1
20201218,0.00665238633295151,2.103936763418126,-1
20201221,0.0032315287103477086,2.110735695473868,-1
20201222,-0.0018408627255137588,2.1068501208086587,-1
20201223,0.01614303381807325,2.1408610735584848,-1
20201224,0.018608217097376922,2.1806986811905844,-1
20201225,0.03770914873404574,2.2629309721037374,1
20201228,0.006453860196673045,2.277535612232416,1
20201229,0.005524347017424658,2.290117509298931,1
20201230,0.019113788614822713,2.333890331274775,-1
20201231,-0.005186459963506418,2.3217857025124036,-1
20210104,-0.003112145436745317,2.314559967733229,-1
20210105,0.034315422893713476,2.3939850718388547,-1
20210106,-0.00842113886597251,2.3738249911058347,-1
20210107,-0.016008428111070616,2.335823784387454,-1
20210108,0.0017606678714938706,2.339936394278096,-1
20210111,0.008241026659834061,2.359219872485658,-1
20210112,-0.010574172347251665,2.3342730749489333,-1
20210113,0.0015647620943031182,2.337925656974366,-1
20210114,0.009280580305363051,2.3596229637818853,-1
20210115,0.022692762265734467,2.4131693267357552,1
20210118,-0.0008926110263129949,2.4110153051863508,1
20210119,-0.02887566824204324,2.341395627107301,1
20210120,0.0013054343464340423,2.3444521653775174,-1
20210121,-0.03632002201747275,2.2593016111120945,1
20210122,-0.005833039739373658,2.246123015031247,-1
20210125,0.008920655994048898,2.2661599057686566,-1
20210126,0.006699361945318838,2.2813417312033706,-1
20210127,0.0011275179174168315,2.2839139848810532,-1
20210128,0.006858396157514157,2.2995779717790543,-1
20210129,0.010297852666830476,2.323258686928324,-1
20210201,0.012939891708589668,2.3533214027482168,-1
20210202,0.016029496111185093,2.391043959021938,-1
20210203,0.023863863279038444,2.4481035051542084,1
20210204,-0.027437407839410954,2.380933890850201,1
20210205,-0.010424035824952105,2.3561149506751358,1
20210208,-0.033027709554897644,2.2782978704062855,-1
20210209,0.004082647733445466,2.287599358043013,-1
20210210,-0.023666293422476725,2.2334603604024976,-1
20210218,-0.010068310561095806,2.2109731878680683,1
20210219,-0.024453022815460468,2.156908210060759,-1
20210222,0.008254181011870143,2.1747117208525895,-1
20210223,-0.009302710596153618,2.154481007083435,1
20210224,0.010400683678523537,2.1768890825294966,1
20210225,-0.048661842691843704,2.0709576484378545,1
20210226,-0.005387066155366216,2.0598012625807582,-1
20210301,-0.031244440764719772,1.9954439240449588,-1
20210302,-0.017858830910685075,1.959807628413686,-1
20210303,0.006393467178453349,1.9723375941620314,-1
20210304,0.026401902372736652,2.0244110587691755,-1
20210305,0.002006231089178412,2.028472495172555,-1
20210308,-0.018086629596211767,1.9917842645062653,-1
20210309,0.009051979444316682,2.0098138547260893,-1
20210310,-0.0023146204538686543,2.005161898469472,-1
20210311,0.016489406117931482,2.0382258273455376,1
20210312,-0.02808861473196067,1.980974887344497,1
20210315,0.00751897704008142,1.9958697920394182,-1
20210316,-0.01118479518644111,1.9735463971966525,1
20210317,-0.014310355820528864,1.9453042460244456,-1
20210318,0.008116786131343146,1.9610938645498197,1
20210319,0.03366014321994415,2.0271045648983206,1
20210322,-0.004165840891460437,2.018659969810601,1
20210323,0.01366474135423612,2.046244436180213,1
20210324,-0.00462616741662758,2.0367781668431006,1
20210325,0.02063145515780951,2.0787998642587295,1
20210326,0.01307655209710945,2.105983398983173,1
20210329,-0.007233219292712478,2.0907503592315155,1
20210330,-0.008616228607268961,2.072735976175647,1
20210331,0.0070492641637891484,2.0873472396134987,1
20210401,-0.015445016686478796,2.055108126667193,1
20210402,-0.022768905381064464,2.008315564183251,1
20210406,0.008418931310328004,2.025223434967572,1
20210407,0.022442622140367297,2.0706747592683663,1
20210408,-0.004908377850136869,2.060511105145136,1
20210409,-0.0026053841835295133,2.055142682101804,1
20210412,0.041444385435313924,2.140316807543396,1
20210413,-0.0009041895126021826,2.1383815555323693,1
20210414,0.007205153565426947,2.1537889230214566,1
20210415,0.007686183063993157,2.1703433389650004,1
20210416,0.018743075317984692,2.2110222476331076,1
20210419,-0.008376489845576929,2.192501642227464,1
20210420,0.005600010965160163,2.2047796754650695,1
20210421,0.021617707181861512,2.252441956889793,1
20210422,0.0002727018111412516,2.2530562018909275,1
20210423,0.013101619323247382,2.282574886561984,1
20210426,-0.024773150970797908,2.226028314295032,1
20210427,-0.03462926174225944,2.1489425971536287,1
20210428,0.0038862553737688543,2.157293936869738,1
20210429,-0.00012951268627081625,2.157014539936898,1
20210430,0.013354097298602152,2.185819521977715,1
20210506,-0.005653882726902704,2.1734611547382783,1
20210507,0.030638525555715113,2.240052799872081,1
20210510,0.026018641405368914,2.2983359304010453,1
20210511,-0.007266200198917883,2.281635761406385,1
20210512,0.007961073915723649,2.2998000323517,1
20210513,0.009275878055326814,2.321132697003431,1
20210514,-0.009656809842984004,2.298717959928136,1
20210517,0.008488630160328858,2.3182309265328715,1
20210518,0.027923048860494237,2.3829630019643577,1
20210519,-0.009452817003048342,2.3604372887817537,1
20210520,0.009152891169857957,2.3820421143992476,1
20210521,0.0019165507220124667,2.3866074189334636,1
20210524,0.02375336727086963,2.4432973814867722,1
20210525,-0.0026926606849236867,2.436718410686066,1
20210526,-0.017313409282001868,2.394530507536869,1
20210527,-0.008624536412016104,2.373878791984934,-1
20210528,0.005999544269323032,2.388120982887455,-1
20210531,-0.0032087622851973974,2.380458070345077,-1
20210601,-0.005783079440720096,2.366691692218968,-1
20210602,0.0020245602890227588,2.371483202235394,-1
20210603,0.005615866127023583,2.3848011344216333,-1
20210604,-0.008565589756428404,2.3643739062535127,-1
20210607,-0.01100771114890875,2.338347561245457,1
20210608,-0.04183891430656084,2.240513638011553,1
20210609,-0.0013444673927648365,2.2375013404822015,-1
20210610,0.015879764633462523,2.273032335136116,1
20210611,0.009678297601090957,2.295031418532466,1
20210615,0.0034903322407737747,2.3030418406861584,1
20210616,0.0019151410176050376,2.307452490580517,-1
20210617,-0.011987961721102836,2.2797908384501744,1
20210618,0.014670071921792038,2.313235534016881,-1
20210621,0.01946527815490251,2.358263307124324,1
20210622,-0.001941302483460139,2.3536852047095507,1
20210623,0.02082649600017672,2.4027042202111093,1
20210624,-0.006274973736604017,2.387627314332457,1
20210625,-0.035151603797313524,2.3036983849633987,1
20210628,0.005464865399422925,2.3162877865580915,1
20210629,-0.017937562195778023,2.2747392303233847,1
20210630,0.035723552802960024,2.3560009973308067,1
20210701,0.0068535233847666355,2.372147905260547,1
20210702,-0.006888434664343301,2.355807519401001,1
20210705,0.03679739470983168,2.442495098552789,1
20210706,-0.0055974898458539535,2.428823257040092,1
20210707,-0.007496549337503433,2.410615463661615,1
20210708,0.01397810657315901,2.444311303519582,1
20210709,-0.029610576878770112,2.3719338357510686,1
20210712,0.004917225399685643,2.3835971690545974,1
20210713,0.004135350410286787,2.3934541785856056,1
20210714,0.02778868345792085,2.459965119125359,1
20210715,-0.004384775419302933,2.4491787245386756,1
20210716,-0.02103649509209582,2.397656588320252,1
20210719,-0.0384450447021204,2.3054785736019463,-1
20210720,-0.031593065949260146,2.2326414369815337,-1
20210721,0.009039092774422386,2.2528224900624294,-1
20210722,0.05321335394550575,2.372702730602517,1
20210723,-0.005647766898224771,2.3593022586612924,1
20210726,0.015457730037922168,2.3957717160535386,1
20210727,0.003949246625213787,2.4052332094179456,-1
20210728,0.002877730021198177,2.4121548212326704,-1
20210729,-0.008595372148848868,2.391421452863536,1
20210730,-0.011776021646763946,2.3632600220680793,1
20210802,-0.009783919712429645,2.3401380757525705,1
20210803,0.016519780623579283,2.3787966433928878,-1
20210804,-0.007929147124841163,2.3599348148273473,-1
20210805,-0.011175712093186796,2.333560862778149,-1
20210806,-0.002565594793859538,2.3275738911774506,-1
20210809,0.0014872103822798355,2.3310354832339333,-1
20210810,-0.022572891107123905,2.278417273104052,-1
20210811,0.012912721104177294,2.3078378399105848,-1
20210812,-0.014473107755216486,2.274436254171993,-1
20210813,-0.022777216175197457,2.222630927934011,-1
20210816,0.008829927675640947,2.242256598277311,-1
20210817,0.015446306473072102,2.2768911808855705,-1
20210818,0.003823311657130901,2.285596445479469,-1
20210819,-0.02246089107948923,2.2342599126658866,-1
20210820,0.011077846463228846,2.2590107009373463,-1
20210823,-0.003313044399879672,2.2515264981853376,-1
20210824,-0.005025793986973892,2.2402107898492454,-1
20210825,0.021949440798403996,2.2893821639569873,-1
20210826,0.0006508928441946171,2.290872306425134,-1
20210827,0.0027728545874752264,2.297224562209325,-1
20210830,0.011120983793117212,2.3227719593348053,-1
20210831,0.01147683823918677,2.34943003737861,-1
20210901,-0.01071278899318251,2.324261089133928,-1
20210902,0.0006192649089502567,2.325700422465667,1
20210903,0.0031253523691481266,2.332969055790949,1
20210906,-0.011675612182436068,2.30573021386191,1
20210907,-0.016587013026750808,2.2674850367684094,-1
20210908,-0.01116856912108577,2.2421604734042337,1
20210909,-0.02235805248688494,2.192030131855843,1
20210910,0.010654484900954886,2.2153850837981395,-1
20210913,-0.00906064364923509,2.1953122690080136,1
20210914,0.005732307143886395,2.2078964732107096,1
20210915,0.007965424557911494,2.2254833059997483,1
20210916,0.007408715323687698,2.24197127827152,1
20210917,0.0034934963704555955,2.2498035967948273,-1
20210922,-0.003714521552969585,2.2414466528445844,-1
20210923,-0.0006987315275236439,2.2398804834009796,-1
20210924,0.01853956087764419,2.281406883981639,-1
20210927,0.0061867885111062115,2.2955214658806153,-1
20210928,-0.005197003754508933,2.283591632203878,-1
20210929,0.01024207183477488,2.306980341742201,-1
20210930,-0.006702700443858345,2.291517343581633,-1
20211008,0.018840293301485955,2.3346902024401532,1
20211011,4.975092641257284e-05,2.334806355440611,1
20211012,0.006351137571589893,2.3496350318070367,1
20211013,-0.0036914216882070194,2.3409615380912534,1
20211014,0.007233122501669076,2.3578939996679633,-1
20211015,0.0016538256851201805,2.361793545327405,1
20211018,0.016351494232354602,2.4004123988618384,1
20211019,-0.0033207393225471726,2.3924412550186083,1
20211020,-0.00558232660532465,2.3790858665490418,1
20211021,-0.009248580347812285,2.3570826997579184,1
20211022,0.008531488848165125,2.377192124525106,-1
20211025,-0.005595963786293123,2.3638894434832025,1
20211026,0.002305641188664387,2.369339724349546,1
20211027,-0.003746410120742172,2.3604632060267665,1
20211028,0.01056870946057753,2.385410255843647,1
20211029,-0.0028237353663777,2.3786744885409012,1
20211101,-0.0016479849642651034,2.374754468748905,-1
20211102,0.008771461163710192,2.395584535344883,1
20211103,-0.003014567314793992,2.3883628845048066,1
20211104,0.009876921315662202,2.4119525567883087,1
20211105,-0.0009027913218322414,2.409775066951369,1
20211108,-0.008240855850457196,2.389916457992597,1
20211109,-0.002398472136240115,2.38418430996016,1
20211110,-0.004157815109312346,2.374271312412822,-1
20211111,-0.01093808899810822,2.3483013214919954,1
20211112,0.01035891628316743,2.3726271782889823,1
20211115,0.025378216654615704,2.4328402248602297,1
20211116,-0.0036961237253284596,2.42384814638519,1
20211117,0.00238226789745144,2.4296224020126207,-1
20211118,-0.00426506869749621,2.419259895559061,-1
20211119,-0.009537914776625356,2.396185200852711,-1
20211122,0.009958097251104192,2.420046646114459,1
20211123,-0.002231027107085004,2.4146474564465676,1
20211124,-0.006358349654361883,2.399294283626465,1
20211125,-0.0018576790516542374,2.394837164897018,1
20211126,0.009574342660836566,2.4177661565306487,-1
20211129,0.0020860040610011232,2.422809626551723,-1
20211130,0.008164820000804207,2.4425914310487333,-1
20211201,0.015427441774916284,2.480274368131147,-1
20211202,0.010107414252876312,2.5053435286306396,1
20211203,-0.0019503100961506536,2.5004573318524255,-1
20211206,0.008700999798949782,2.522213810594156,1
20211207,-0.0005439293356839237,2.5208419045117068,1
20211208,-0.008669895319378562,2.4989864690828876,1
20211209,0.007415063974026248,2.517516613621363,1
20211210,-0.016075209347702568,2.4770470070210804,1
20211213,-0.029622378032875818,2.4036709841738984,1
20211214,0.005347976768091511,2.416525760755396,1
20211215,0.005453063201939834,2.4297032284579108,1
20211216,0.0014855587122970526,2.433312695257243,1
20211217,0.0009272363729033728,2.435568951294933,-1
20211220,-0.003586126063856221,2.426834693998375,-1
20211221,0.007614513808640311,2.445313860287113,-1
20211222,-0.018936549074495934,2.3990080543692414,-1
20211223,0.012461572911594221,2.4289034681542656,1
20211224,-3.67762714921227e-05,2.4288141421408924,1
20211227,-0.021823848122257017,2.3758080711856198,1
20211228,-0.02727614249025978,2.3110051917064514,1
20211229,-0.01348808628687781,2.2798341542712923,-1
20211230,0.004012509028122002,2.2889820093979267,-1
20211231,-0.0003848387855496238,2.288101120341285,1
20220104,-0.012771339398584436,2.2588790043551255,1
20220105,0.006775301150678814,2.274183589872577,-1
20220106,-0.01707018606776345,2.2353628528411975,1
20220107,-0.014152037420602892,2.2037279140991632,-1
20220110,0.016349289642389353,2.239757300059789,1
20220111,-0.008224241689034462,2.221336994699318,1
20220112,-0.00010425018236714934,2.2211054199125218,-1
20220113,0.01459246839875128,2.2535168305628903,-1
20220114,-0.004628102455109473,2.2430873237867317,-1
20220117,0.007168500001400346,2.259166895270438,1
20220118,-0.02665796502171669,2.1989421031980982,1
20220119,0.005954087013811726,2.212034795818874,-1
20220120,-0.014045598815276228,2.1809654425113707,-1
20220121,-0.020908211382098196,2.135365356022292,-1
20220124,0.01972461943531556,2.1774846250251887,-1
20220125,0.0007207168906209205,2.179053974973512,-1
20220126,0.007398929724093506,2.1951766421993475,-1
20220127,0.001767443093046328,2.1990564919936193,-1
20220128,-0.0006997841667099047,2.1975176270788217,-1
20220207,-0.012381735064335486,2.1703085460211247,-1
20220208,0.005132285888163057,2.1814471899448287,-1
20220209,0.0006935697449639289,2.182960175716011,1
20220210,0.0009869001835123292,2.1851145395140255,-1
20220211,-0.004582218652049552,2.1751018669141997,1
20220214,-0.005677399119741633,2.1627529454896326,-1
20220215,-0.013526813186792164,2.13349779042681,-1
20220216,0.00506481445576501,2.1443035608771064,-1
20220217,-0.018728670879401887,2.1041436052199094,-1
20220218,0.005211820772823339,2.115110024570598,-1
20220221,0.008930448246270872,2.1339989051801944,1
20220222,0.0015547460848055472,2.137316731623003,1
20220223,-0.005902695740349295,2.1247008012554747,-1
20220224,-0.0032671433060943444,2.1177590992551996,-1
20220225,-0.011206104623351587,2.094027269221891,-1
20220228,-0.028639858954257358,2.0340546235850074,-1
20220301,-0.013955300412192728,2.0056687802580693,-1
20220302,-0.008859239598526303,1.987900079978479,-1
20220303,0.009040725781471748,2.00587213948253,-1
20220304,0.011486062239520978,2.0289117117211477,1
20220307,-0.03564654349951679,1.9565880221326006,1
20220308,-0.05225460467806309,1.8543472885182282,-1
20220309,0.04620913189069964,1.9400350669445283,-1
20220310,0.028706348711801333,1.9957263900893607,1
20220311,0.0011320213749363983,1.9979855950214664,1
20220314,-0.007235550473375207,1.983529069403612,-1
20220315,-0.013918964552521396,1.9559203985976874,1
20220316,0.005426322329303401,1.966533853130938,-1
20220317,-0.004420046013244305,1.9578416830134966,-1
20220318,-0.02522744960128631,1.908450330627976,1
20220321,-0.00113631442518225,1.9062817309875397,-1
20220322,-0.0038654387930892042,1.8989131156340233,-1
20220323,0.04017490259736123,1.9752017650954719,1
20220324,-0.013843496020877977,1.9478580673199415,1
20220325,0.0028114762496980195,1.9533344240139943,1
20220328,-0.012395904325268603,1.9291210773786631,1
20220329,-0.009796846566129669,1.9102217741760976,-1
20220330,0.007927526022730058,1.9253651070000641,-1
20220331,-0.027042056149679916,1.8732992756679339,-1
20220401,0.01682076883620587,1.904809609744976,-1
20220406,-0.02252761051636132,1.861898800748819,1
20220407,0.016069715393250528,1.891818984567887,-1
20220408,0.0006768430553860671,1.8930994491096393,-1
20220411,-0.014624280312719118,1.8654142321060059,-1
20220412,-0.009056900514758937,1.8485193609870063,-1
20220413,-0.009161169387262191,1.8315847620053707,-1
20220414,-0.013339579707166482,1.8071521910821684,-1
20220415,0.005933092461265721,1.8178741921234378,-1
20220418,-0.04644942679032338,1.7334349779223819,-1
20220419,-0.0008886445234458362,1.7318945704225017,-1
20220420,0.019959581923069125,1.7664624619829683,-1
20220421,0.012862088739375999,1.78918285892377,-1
20220422,0.012861877851424453,1.8121951103091098,-1
20220425,-0.0015708635817907046,1.809348399007226,-1
20220426,-0.028978955590128863,1.756915372105325,-1
20220427,-0.009055427699146024,1.741005751979707,-1
20220428,0.008622247700252217,1.75601713482084,-1
20220429,0.008410111557268785,1.7707854348211587,-1
20220505,-0.0070999087855521115,1.7582130197551442,-1
20220506,0.002930031811725353,1.7633646398348164,1
20220509,-0.010127001787946344,1.745507042974408,-1
20220510,0.013356280892683037,1.7688205253405307,-1
20220511,-0.004067159035672452,1.761626450958409,-1
20220512,0.004967369048036296,1.7703770996651018,1
20220513,0.016920470285427758,1.800332712773987,1
20220516,-0.00904370531869969,1.7840510342440439,-1
20220517,-0.03819196546100312,1.7159146187635284,1
20220518,0.003245192950633191,1.721483092788228,1
20220519,0.000540129413811874,1.7224129164420228,-1
20220520,0.006620755070570139,1.7338165904921718,-1
20220523,0.005565906957825106,1.7434668523167849,-1
20220524,0.01251348458333279,1.7652836978948028,-1
20220525,0.009925470822256699,1.7828049697312631,1
20220526,0.012062669710223295,1.804310357238876,1
20220527,0.03921580671697278,1.8750678434657877,1
20220530,-1.2604423440198964e-05,1.8750442093167095,1
20220531,0.008497719725368835,1.8909778094801586,1
20220601,-0.029549650957658935,1.8351000752413413,1
20220602,0.022505232770494432,1.8763994295917996,1
20220606,-0.0039057327773748263,1.8690707148361956,1
20220607,0.000717223093138708,1.8704112555155854,1
20220608,0.010505493356706586,1.8900608485347137,1
20220609,-0.011167450054273442,1.8689536884091646,-1
20220610,0.015516878463840644,1.8979540156467563,-1
20220613,0.019918996307483505,1.9357593546761975,1
20220614,-0.006330408172090851,1.923505207838154,1
20220615,-0.011682621583987585,1.9010336243801516,-1
20220616,0.03093312699495465,1.9598385389047817,1
20220617,0.023309900261291094,2.0055221797748866,1
20220620,0.0021800784835335207,2.009894375527263,1
20220621,0.0034700805706329163,2.0168688709488047,1
20220622,-0.00992869248811934,1.9968440001402936,-1
20220623,0.01633693789177504,2.0294663165501494,-1
20220624,-0.004292738131889573,2.020754349105709,-1
20220627,0.0016034381465255265,2.0239945037138223,-1
20220628,0.0006424926551191756,2.02529490531646,-1
20220629,-0.018145930654625886,1.9885440444094207,-1
20220630,0.016766135693425888,2.021884243690343,1
20220701,-0.011252600575561211,1.999132787886075,1
20220704,-0.0178085262942298,1.9635311790673489,1
20220705,-0.006896451169306261,1.9499897821715007,-1
20220706,-0.0026384627402182836,1.9448448067874349,-1
20220707,-0.006518180435343024,1.9321679574180546,-1
20220708,-0.019309024732851454,1.8948596785402463,-1
20220711,0.013821859709763462,1.921050163186717,-1
20220712,-0.004528667415886423,1.91235036590841,-1
20220713,0.002957353232717619,1.9180058614451179,-1
20220714,-0.0049716792392258125,1.9084701515230578,1
20220715,-0.00512492700119227,1.8986893813125478,1
20220718,-0.011825095695999654,1.8762371976815486,1
20220719,0.006125311903077302,1.8877297357215037,-1
20220720,-0.008658538819641182,1.871384754523768,-1
20220721,-0.0009947271685997183,1.86952323726554,-1
20220722,-0.012301622715548688,1.846525067742748,-1
20220725,-0.003812767458215016,1.8394846970536802,-1
20220726,-0.018307950491253222,1.8058075022906035,-1
20220727,-0.007335516294704081,1.7925609719324518,-1
20220728,0.01120121496701354,1.812639832720546,-1
20220729,0.01212945724601533,1.8346261700739541,-1
20220801,-0.0029498040320434793,1.8292143824001774,1
20220802,0.007143775732420643,1.8422818797145626,1
20220803,-0.013439102948032855,1.817523263873783,1
20220804,0.020543063086075897,1.8548607589439527,-1
20220805,-0.011266354766731768,1.8339632395908008,1
20220808,0.010317183775778949,1.852884575371682,1
20220809,0.004708391436305526,1.8616086812388246,1
20220810,0.017030283300112137,1.89331240447427,1
20220811,-0.000751896318008205,1.8918888298485066,1
20220812,-0.014987566380813777,1.863534020426032,1
20220815,0.016383989265523535,1.89406614181263,1
20220816,0.0004645170205059834,1.8949459677734661,1
20220817,-0.03641990681314833,1.8259322122112054,1
20220818,-0.004384766692674624,1.81792592546402,1
20220819,-0.010126304085152138,1.7995170547384898,1
20220822,-0.0070446193752599084,1.7868401420285684,-1
20220823,-0.006981053906979229,1.7743661146739127,1
20220824,0.012881289718462252,1.7972222386636496,-1
20220825,-0.010639539361364081,1.7781006219142688,-1
20220826,-0.007734887913514732,1.764347212904811,-1
20220829,0.002045303100473239,1.7679558377296765,1
20220830,0.0009579214656474377,1.7696494005769545,1
20220831,0.011873447558569339,1.7906612399317587,1
20220901,-0.018591634499654508,1.7573699206462494,1
20220902,0.0099920095314876,1.7749295776436964,1
20220905,0.0009456420078062244,1.776608025613214,1
20220906,-0.008596743042518562,1.7613349829297409,-1
20220907,-0.0005972838337360287,1.7602829660186432,-1
20220908,-0.023965220935752707,1.7180973958285644,-1
20220909,0.000579753849943021,1.719093469408373,-1
20220913,-0.0021291724313948768,1.7154332229863178,-1
20220914,-0.008102905425388607,1.7015332298168901,-1
20220915,-0.0051885545390116805,1.6927047318540445,1
20220916,-0.00668874345784487,1.6813826641527927,1
20220919,0.008310628406064557,1.6953560106829655,1
20220920,0.022248876811673757,1.7330757777165815,1
20220921,-0.025673491308975893,1.6885816717995783,1
20220922,-0.0011501230004882235,1.6866395951806388,-1
20220923,-0.018871107739193538,1.6548108376627952,1
20220926,-0.024928810648873423,1.6135583716309958,-1
20220927,0.011468735444348566,1.6320638457192456,1
20220928,0.03599142257783594,1.690804145264535,1
20220929,0.003151964639275473,1.6961335001423492,1
20220930,0.03553519516682435,1.7564059350988965,1
20221010,0.0003304140528059829,1.756986276302285,1
20221011,0.004889112331925682,1.7655763795727786,1
20221012,-0.008570174871110892,1.750445081251537,1
20221013,-0.009992385274052551,1.7329539595986014,1
20221014,-0.0027309221630765768,1.7282213972227423,1
20221017,-0.024348630463644327,1.6861415730624025,1
20221018,-0.009537501200874487,1.6700599957844755,1
20221019,0.02519922979442768,1.7121442213887295,1
20221020,-0.015012458722028277,1.6864407269389718,1
20221021,-0.03711309656622119,1.6238516893868775,1
20221024,-0.013329856953442354,1.6022059786537448,-1
20221025,0.032040612810576574,1.6535416400585803,1
20221026,0.009051378573591728,1.6685084714299483,-1
20221027,-0.01276500707804784,1.6472099489823622,-1
20221028,0.03163315384719301,1.6993163947171481,1
20221031,0.0014157421486544752,1.7017221885610487,1
20221101,-0.009080685633460872,1.6862693843312409,1
20221102,-0.007620416533538288,1.6734193092348837,-1
20221103,-1.4301215562229075e-05,1.6733953773046164,-1
20221104,0.03185323743377455,1.726698437578481,-1
20221107,0.008040986968840258,1.7405827972141665,-1
20221108,0.017896410612675995,1.7717329816584715,-1
20221109,-0.00419390916929141,1.764302494461158,-1
20221110,-0.0050023568852921585,1.755476823730252,-1
20221111,-0.005195786418112025,1.746355741092204,-1
20221114,-0.012510820800785138,1.724507397360977,-1
20221115,-0.018322574645660894,1.6929099818458362,1
20221116,0.0016508623463498129,1.6957047431906251,-1
20221117,-0.005899848812232933,1.6857003415756142,-1
20221118,0.009542033340641298,1.701785350437259,-1
20221121,-0.016109275797235645,1.67437082087937,-1
20221122,0.041590570272806104,1.7440088581678894,-1
20221123,-0.0004629278290835259,1.7432015079332752,-1
20221124,0.015294548343402159,1.7698629876686522,1
20221125,0.0008980409026049241,1.7714523970235851,1
20221128,-0.002607369370236423,1.766833566302754,1
20221129,0.0068036468691465846,1.7788544779644326,1
20221130,0.008675539703766555,1.794287000615236,1
20221201,-0.000924589801302389,1.7926280211538577,1
20221202,0.012661586458461604,1.815325535831558,-1
20221205,-0.007893237340656611,1.800996740526685,1
20221206,-0.010542437141438432,1.7820098455977469,1
20221207,0.0035371891996691662,1.7883131515772994,-1
20221208,-0.004162013234075612,1.7808701685737631,-1
20221209,0.004897750157699221,1.7895924257227371,-1
20221212,-0.01566460521984636,1.7615591668693633,-1
20221213,-0.01764457421983079,1.7304772054069135,-1
20221214,-0.003070540334866756,1.725163705349144,1
20221215,-0.003639097416676673,1.7188856665656636,1
20221216,-0.0014800991649263073,1.7163415453259758,-1
20221219,-0.0031945280046167257,1.7108586441939448,-1
20221220,0.009560683052869834,1.7272156214393457,-1
20221221,-0.009002756347150975,1.7116659200405344,1
20221222,-0.006153153984631343,1.7011337760642793,-1
20221223,-0.0011133562871643576,1.6992398080793905,1
20221226,0.0023426254617970876,1.7032204905194965,-1
20221227,-0.009039884547088373,1.6878235739269651,1
20221228,0.018597927955624316,1.7192135951566632,-1
20221229,0.009453383707481056,1.7354659809467972,1
20221230,0.007524210086339744,1.7485239915851365,1
20230103,0.013784489703593694,1.7726265025436283,1
20230104,-0.011331382811968216,1.752540193060666,1
20230105,0.005119643063677737,1.7615125733038857,1
20230106,0.014086795744614022,1.786326641125587,1
20230109,0.016838609175196417,1.8164058972947421,-1
20230110,0.0023757625206166644,1.820721246347762,1
20230111,-0.0006514493422024037,1.819535138689495,1
20230112,0.010826265927092571,1.8392339099646366,1
20230113,0.0056487472726343135,1.8496232774972858,1
20230116,0.010797719131922623,1.8695949901475677,1
20230117,-0.01264244456327146,1.845958739128857,1
20230118,0.01272830072262554,1.8694546570820478,1
20230119,-0.004351167856957439,1.8613203460681131,1
20230120,-0.008533012798404682,1.845437675733183,1
20230130,-0.01396044642887262,1.8196745419232867,1
20230131,-0.0024064780062540425,1.8152955351596078,1
20230201,-0.004764636417362134,1.8066463119445115,1
20230202,0.017362922638421763,1.8380149720937942,1
20230203,-0.00956430029389832,1.820435644956008,1
20230206,0.007671031710476894,1.8344002645153479,-1
20230207,-0.0031190193179602144,1.8286787346534532,1
20230208,-0.007000513185402957,1.8158770450596458,1
20230209,-0.013622187271390973,1.7911408278900232,1
20230210,-0.025133661744740965,1.7461229001846401,1
20230213,0.012837483827856877,1.768538724677211,1
20230214,0.004927528581128993,1.7772532497898914,-1
20230215,-0.011702395426459788,1.7564551294878894,-1
20230216,-0.000653151071156266,1.7553078989386264,-1
20230217,-0.014433420756491122,1.7299728014760527,-1
20230220,-0.007880448039892296,1.7163398407035937,1
20230221,0.004982847046914429,1.7248920996103452,-1
20230222,0.006141635125235689,1.7354857575165537,1
20230223,-0.0016374455978465097,1.732643994002783,-1
20230224,0.0019501588905335154,1.7360229250918169,-1
20230227,-0.010945112104384314,1.7170219595609058,-1
20230228,-0.011286775903537993,1.6976423174818882,-1
20230301,-0.007826791122894305,1.6843552256615713,-1
20230302,-0.007462779437242162,1.6717852541184928,-1
20230303,-0.0009783873501015838,1.6701496005737768,1
20230306,-0.00560683120295935,1.6607853536796697,1
20230307,-0.005921932767073423,1.6509502944746384,1
20230308,-0.002409788802479995,1.6469718529415622,1
20230309,-0.00965191921477293,1.6310754136679655,-1
20230310,0.002199118873128958,1.6346623423936593,-1
20230313,-0.0045045423763323544,1.6272989366013524,-1
20230314,0.010168260214338254,1.643845735635231,-1
20230315,0.0019961004717881092,1.6471270168836794,1
20230316,0.006462220760259596,1.6577711152869696,-1
20230317,-0.00576470870817225,1.6482145477025185,-1
20230320,-0.005149239527604377,1.6397274962035162,-1
20230321,-0.01202790390637598,1.6200050114465379,1
20230322,-0.0009530314437846688,1.6184610957315406,-1
20230323,0.004996224470366073,1.6265472906623701,1
20230324,-0.0008603670000872921,1.625147863049403,-1
20230327,0.016963808122725244,1.65271655956923,1
20230328,-0.007602797008385176,1.6401512910544283,1
20230329,0.0020285715371159974,1.6434784552800252,1
20230330,0.008397912557380982,1.6572802436374066,1
20230331,-0.001399336495207515,1.6549611509096984,1
20230403,-0.0016883421478667282,1.6521670102455355,1
20230404,-0.004141353362992484,1.6453248028414298,1
20230406,-0.009687137831930981,1.62938631469801,1
20230407,0.009281846634359603,1.6445100285791614,1
20230410,0.0026157592814499697,1.6488116709498548,1
20230411,-0.0013728404340098699,1.6465481156199075,1
20230412,-0.008648678704349932,1.6323076499966582,-1
20230413,-0.012040308302098346,1.612654162646825,1
20230414,-0.018724349158922515,1.5824582630328359,-1
20230417,-0.013462644831175652,1.5611541894774656,-1
20230418,0.0002880680737356034,1.5616039081576327,-1
20230419,-0.0004791861555174526,1.5608556091844417,-1
20230420,0.012449457644307493,1.5802874149798631,-1
20230421,0.010256888528010544,1.5964962468375294,-1
20230424,0.005577243487225214,1.6054002951325836,-1
20230425,-0.002791928223475959,1.6009181327386264,-1
20230426,0.013090328772832782,1.6218746774345645,-1
20230427,-0.006023549409389983,1.612105235179199,-1
20230428,-0.01110628686984938,1.5942007319729128,-1
20230504,-0.0029338350412654313,1.5895236100026398,-1
20230505,-0.013170588900518476,1.568588647987627,-1
20230508,0.021111135776378687,1.60170333591258,1
20230509,-0.002495032132060815,1.5977070346234492,1
20230510,-0.00023864612197421753,1.5973257480355854,1
20230511,-0.006832140152152721,1.586412594656364,1
20230512,-0.0040962967646837045,1.5799141778774197,-1
20230515,0.0006871369731653587,1.5809997953234673,1
20230516,-0.015514170042922215,1.5564718956609938,-1
20230517,-0.015356977571076569,1.532569191669317,-1
20230518,-0.0004775846110418591,1.5318372602080188,1
20230519,-0.006646780302312916,1.521655474480519,1
20230522,-0.004425706030229182,1.5149210746711794,-1
20230523,-0.005157152487705208,1.507108395682262,-1
20230524,-0.016486083907968685,1.48226208021264,-1
20230525,0.005935101364169304,1.4910594559069665,1
20230526,0.01216831942222596,1.509203143643973,1
20230529,-0.013943246034926027,1.4881599528954612,1
20230530,-0.0036425421778761846,1.4827392674996132,-1
20230531,-0.003094924351057071,1.47815030163436,-1
20230601,0.011416773761966814,1.4950260092143024,-1
20230602,0.0015224416545327468,1.49730209908534,-1
20230605,-0.0006821724294788778,1.496280680874743,-1
20230606,0.006755179966310587,1.5063883261541657,1
20230607,-0.0016715103903746087,1.50387038241506,1
20230608,0.034390984829847815,1.555589965922754,1
20230609,0.014445335820128413,1.5780609853789302,1
20230612,-0.002149674601756857,1.5746686677586377,1
20230613,0.0027522701681796935,1.5790025813576771,1
20230614,-0.02623148789369112,1.5375829942606862,1
20230615,-0.01156663357048604,1.519798335181862,1
20230616,0.0025499795815011606,1.5236737899045751,1
20230619,-0.004440403778088853,1.5169080630513079,1
20230620,-0.007893447735790593,1.504934428535613,-1
20230621,0.016026467131103006,1.5290532106890042,1
20230626,0.005963743947407396,1.5381720925195146,1
20230627,0.0020371500740796744,1.541305579911738,1
20230628,-0.009107557536331634,1.527268050661623,1
20230629,-0.009143175295486916,1.513303971151227,1
20230630,-0.0047101592533244085,1.5061760684484164,-1
20230703,0.005519745433595125,1.5144897769244248,-1
20230704,0.006092614531985285,1.5237169793478578,-1
20230705,-0.00898930466134007,1.510019823202843,1
20230706,0.013115173486930365,1.5298239951528523,-1
20230707,-0.005997099460785749,1.5206494884964241,1
20230710,-0.010656808033064236,1.5044442188119405,-1
20230711,-0.0030921728722964614,1.499792217210647,1
20230712,-0.01062069498909557,1.4838633815246334,1
20230713,-0.009920419671340941,1.469142834044974,1
20230714,0.0009692192991799242,1.4705667556329822,-1
20230717,-0.003703394187533404,1.4651206672577912,-1
20230718,0.03134052250724162,1.5110383145058088,-1
20230719,-0.000760524817585928,1.509889132367304,-1
20230720,-0.00039807634728616925,1.5092880812166842,-1
20230721,0.027827865615610348,1.5512883471160246,-1
20230724,0.0023941913800422654,1.5550024283046497,-1
20230725,-0.0028175877535315808,1.5506210725059466,-1
20230726,-0.009527407553041822,1.5358476735878477,-1
20230727,0.009336568722277283,1.5501872209392502,-1
20230728,0.0013957984881478591,1.5523509699185833,-1
20230731,-0.005384913656885981,1.5439916939803886,-1
20230801,-0.0012159429228383312,1.542114288207172,-1
20230802,-0.0010159318081852664,1.5405476052499252,-1
20230803,0.0002811651566261286,1.5409807535586453,-1
20230804,-0.023342138440724303,1.5050109674745877,1
20230807,-0.007635218270991229,1.4935198802376837,-1
20230808,-0.001114940377579643,1.4918546946184887,-1
20230809,-0.0061388792676213555,1.4826963787633918,-1
20230810,0.0022441039324292422,1.4860237035375734,-1
20230811,-0.011397368118002071,1.4690869443562788,-1
20230814,-0.01295675615188796,1.4500523430523324,-1
20230815,0.0075448174666155055,1.4609927232977005,-1
20230816,-0.013063225955882607,1.4419074452333622,-1
20230817,0.007949253108418652,1.4533695324744356,-1
20230818,0.0018472222815679729,1.4560542290581744,-1
20230821,0.013218101082015377,1.4753005010387612,-1
20230822,0.004382957142517352,1.4817666799071485,-1
20230823,-0.0026414833837492546,1.4778526178435805,-1
20230824,-0.004790485343375339,1.4707729865381318,-1
20230825,0.008682241489271103,1.4835425927831523,-1
20230828,0.017854053430103933,1.5100298415005375,-1
20230829,-0.006081517844800266,1.500846568073271,-1
20230830,-0.0009496484138318273,1.4994212915104952,-1
20230831,-0.009846963929305064,1.4846565441381594,-1
20230901,-0.00559795955694109,1.476345496848126,-1
20230904,0.006429443151174885,1.485837576291604,-1
20230905,-0.0017134882918403704,1.483291611001052,-1
20230906,-0.002877133287650935,1.4790239833317473,-1
20230907,0.0025500870197687764,1.4827956231935684,-1
20230908,-0.006321545681669094,1.4734220629249712,-1
20230911,0.0067268940652156495,1.483333617055619,-1
20230912,0.00015067751165576126,1.4835571220739923,-1
20230913,-0.004232116770392036,1.4772785350978284,-1
20230914,-0.010240755531690127,1.4621500867676782,-1
20230915,0.022135084381609715,1.4945149023168587,-1
20230918,-0.004017693546885748,1.4885103994380957,1
20230919,-0.007693384861936825,1.4770587160642232,1
20230920,0.008239656894967862,1.4892291730983143,1
20230921,-0.0011541585471409599,1.4875103665195313,1
20230922,-0.0026451314132184267,1.4835757061215624,1
20230925,-0.005338467174693884,1.4756556859132592,1
20230926,0.008030281026384145,1.4875056157693243,1
20230927,0.007585602007603498,1.4987892413546255,1
20230928,-0.011144110373005334,1.4820865686230966,1
20231009,-0.019973241527990626,1.4524844956225966,1
20231010,0.004240903441583788,1.4586443421189297,-1
20231011,-0.004725151394484928,1.4517520267717088,-1
20231012,-0.02645177725360992,1.4133506055320668,-1
20231013,-0.005291703142543902,1.4058715736912564,-1
20231016,-0.00807163142308065,1.3945238965202342,-1
20231017,0.0035883689115991935,1.3995279627169896,-1
20231018,0.003306244276445325,1.4041551440334479,-1
20231019,0.003114357751611063,1.408528185490733,-1
20231020,0.008847305699412722,1.4209898649340087,-1
20231023,-0.00031317904893035653,1.4205448406795689,-1
20231024,-0.004782913927269372,1.413750496976772,1
20231025,0.0038379759744162634,1.4191764374179878,-1
20231026,-0.001353142967428167,1.417256088802156,-1
20231027,0.008058916407682748,1.428677637150092,-1
20231030,0.03257910082584048,1.4752226699384283,1
20231031,-0.004708671841698542,1.468276330492254,1
20231101,0.0001799516375031729,1.4685405492222332,1
20231102,-0.002345326649102142,1.4650963419368552,1
20231103,-0.009119892338788738,1.451734821032438,-1
20231106,0.001984405619849472,1.4546156517698259,1
20231107,-0.002190756745522049,1.4514289427185691,1
20231108,0.005263135054960566,1.4590680092667756,1
20231109,-0.018481075605040753,1.43210286307462,1
20231110,-0.0025433400322510957,1.428460538532661,-1
20231113,0.0032439546849099,1.433094399788843,1
20231114,-0.004364892378465712,1.4268390969655829,1
20231115,-0.017267349066735327,1.4022013682162127,1
20231116,0.005817104638396575,1.4103581202992292,1
20231117,-0.011936362445626125,1.3935235745972057,1
20231120,-0.008491017727658257,1.381691141221391,-1
20231121,0.0002081225498462569,1.381978702304802,-1
20231122,-0.010585975240081757,1.3673491099798831,1
20231123,0.0024444404933701147,1.3706915135128916,1
20231124,-0.005915478396986362,1.3625832174757735,-1
20231127,-0.009015702568406891,1.350298572462309,1
20231128,-0.020265791008513445,1.322933703793694,-1
20231129,0.005796281345662679,1.3306017997425417,1
20231130,-0.002513414868984376,1.3272574453943713,1
20231201,0.007972783034836617,1.3378393810378721,1
20231204,0.012450466475645072,1.3544961054012818,1
20231205,-0.006193648959883058,1.3461068320068976,1
20231206,-0.01656094172757061,1.3238140352029466,1
20231207,-0.0063172777313622586,1.3154511342778943,1
20231208,-0.006456498131805821,1.3069579264869473,1
20231211,0.002646430750117945,1.3104167001327127,-1
20231212,0.0026561031983267647,1.313897302121076,-1
20231213,-0.008695957283190947,1.3024717073073313,-1
20231214,0.010636753651666275,1.3163257779962245,-1
20231215,0.004032932430958702,1.3216344309160124,-1
20231218,0.0010816992085185273,1.323064041833885,-1
20231219,-0.012595159548205892,1.306399839134493,1
20231220,0.001916091325759206,1.308903020534232,-1
20231221,0.0225714558123975,1.3384468672249341,-1
20231222,0.00365443670033172,1.3433381365779649,-1
20231225,-0.014592464567986685,1.3237355224171257,-1
20231226,0.001137364746256253,1.32524109253369,-1
20231227,-0.00688485018774998,1.3161170061489453,-1
20231228,-0.004606508865743653,1.3100543014917643,-1
20231229,-0.010886087544412337,1.295792935677791,-1
20240102,0.0007931484665009148,1.2968206918576266,-1
20240103,-0.004637022822052139,1.2908073047133732,-1
20240104,0.019547180448895807,1.3160389480233583,1
20240105,-0.009065802691011426,1.3041079985868922,1
20240108,-0.008830089760731075,1.2925926079016825,1
20240109,0.004678171290285027,1.2986395775300028,-1
20240110,-0.0221062039373493,1.2699315861880114,-1
20240111,0.01782423322913318,1.2925671429652696,-1
20240112,0.0022697759726468814,1.2955009808094051,-1
20240115,-0.005763303665333175,1.2880346152582636,-1
20240116,-0.0018999740609001448,1.2855873828997313,-1
20240117,0.015355120684496848,1.305327732314623,-1
20240118,0.02313451438417302,1.3355258555139156,-1
20240119,0.0006570668694059201,1.3364033853068087,-1
20240122,-0.004293903911212982,1.3306649975836815,-1
20240123,-0.014518734385552956,1.3113454259276116,-1
20240124,-0.0073446301064268305,1.3017140788324186,-1
20240125,-0.002675509739300752,1.2982313301367177,-1
20240126,-0.008563836695625215,1.2871134890322824,-1
20240129,0.011783998504810045,1.3022808324625597,-1
20240130,0.028183141177668736,1.338983197016824,-1
20240131,0.010914500506244096,1.3535975297985166,-1
20240201,0.011621891461253586,1.369328893372056,1
20240202,0.011328952391993719,1.3848419552140494,1
20240205,-0.0001407448897522423,1.3846470457857385,1
20240206,0.0036090282745775415,1.3896442761242895,1
20240207,0.003076214805272315,1.393919120420565,1
20240208,0.00018391582446342092,1.3941754842048324,1
20240219,-0.0036911767407520335,1.3890293360850088,1
20240220,0.024134172524347575,1.4225524097234643,1
20240221,-0.02508898098461365,1.386862019366296,1
20240222,0.03319937446600707,1.4329049708799204,1
20240223,0.009407734573287474,1.446385360514703,1
20240226,0.0059201731107607625,1.4549482122338202,1
20240227,-0.0006389136973820042,1.4540186258920424,1
20240228,-0.0005892038483890083,1.4531619125220376,1
20240229,-0.02327008408471476,1.419346712628945,1
20240301,-0.0003318124814892798,1.4188757556741338,-1
20240304,0.006981586064179757,1.4287817588767509,-1
20240305,0.008266302456414243,1.4405925010398335,1
20240306,-0.005712954305284512,1.4323624619088573,1
20240307,-0.006398921455981643,1.423196887018606,1
20240308,0.0005669082961705652,1.424003709140941,1
20240311,0.004529587195830853,1.4304538581086814,-1
20240312,-0.010100621559541056,1.4160053850295402,1
20240313,0.0012097401148489784,1.4177183835466527,1
20240314,-0.006364346877567484,1.4086955319790575,1
20240315,-0.009846603004984189,1.3948246663207646,-1
20240318,-0.000828477902172442,1.3936690849073128,-1
20240319,0.005218282955773201,1.4009416445390726,-1
20240320,-0.006133341122071423,1.3923491915409987,-1
20240321,0.001271396350017051,1.394119419221073,-1
20240322,0.005384291806384223,1.4016257649871062,-1
20240325,0.011034153426684679,1.4170915187247681,-1
20240326,-0.0023795785558683447,1.4137194381351077,-1
20240327,-0.002294112355793798,1.410476206904456,-1
20240328,-0.0066160007801926435,1.401144495219133,-1
20240329,-0.003927813823091042,1.3956410605026635,-1
20240401,-0.0032713012082756787,1.3910754982151219,-1
20240402,-0.0007827289929785985,1.3899866630912467,-1
20240403,-0.008693427488051908,1.3779029148263038,-1
20240408,0.02104831871280055,1.4069054545328648,-1
20240409,-0.004824595275082277,1.400117705124438,-1
20240410,0.011413858158813683,1.416098450016372,-1
20240411,0.002192383664641362,1.419203081125712,-1
20240412,-0.005980275926978584,1.410715855104162,-1
20240415,-0.0024004951242334593,1.4073294385723056,-1
20240416,-0.004539895765632962,1.4009403096132806,-1
20240417,0.004300298888960441,1.4069647716702105,-1
20240418,-0.00038682225882558097,1.406420526379145,1
20240419,0.012433469822469512,1.4239072135515818,-1
20240422,0.03499931322503769,1.4737429881220643,1
20240423,-0.015457853987176806,1.4509620841970479,1
20240424,0.012790213304813447,1.4695201987511248,-1
20240425,-0.0014078669486059514,1.4674513098329942,1
20240426,-0.005501424150509249,1.4593782377573825,-1
20240429,0.006320105569604495,1.4686016622859925,-1
20240430,0.0027360261227178384,1.4726197947978739,-1
20240506,-0.0008435066708980532,1.4713776301772654,-1
20240507,-0.003879257085881993,1.465669778079392,-1
20240508,-0.0077487564664923125,1.4543126599087568,-1
20240509,0.004853657448697479,1.4613713953832579,-1
20240510,0.01396176023601381,1.4817747124213678,-1
20240513,0.003428254945535558,1.486854613907396,-1
20240514,-0.002997207859685602,1.482398201572383,-1
20240515,0.0015076630960648707,1.4846331586345665,-1
20240516,-0.013770345775476756,1.4641892466904303,1
20240517,-0.010554773812279983,1.44873506037324,-1
20240520,0.009365891572241436,1.4623037558656005,-1
20240521,-0.002978538682285814,1.457948227563503,-1
20240522,0.0012078333557015153,1.45970918606364,-1
20240523,-0.007785713371788683,1.4483443087347816,-1
20240524,-0.004679075317795656,1.4415673966281108,-1
20240527,0.0027753419313127914,1.4455682390707862,-1
20240528,0.0057927518912894715,1.4539420572216515,-1
20240529,-0.005447462248162838,1.4460217627539202,1
20240530,-0.007145157520972334,1.4356897094802894,1
20240531,-0.021631207913873962,1.4046340068747118,1
20240603,0.0034987956677727805,1.4095485342527714,1
20240604,-0.004410783272392305,1.4033313211562641,1
20240605,-0.0009143999988311391,1.4020481149978392,1
20240606,0.00763357404590459,1.4127507530995962,1
20240607,0.00827917528673705,1.4244471642209775,1
20240611,0.0028634260015403257,1.4285259632688283,1
20240612,-0.012625451669070142,1.410490177761566,1
20240613,-0.014422624243526139,1.3901472079285264,1
20240614,-0.0038715021857368415,1.384765249974535,1
20240617,-0.013874438207926443,1.3655524100812797,1
20240618,-0.004105262842641788,1.3599464585124932,-1
20240619,0.0016874839247964513,1.3622413462998169,-1
20240620,-0.004042396481842903,1.3567346266741136,-1
20240621,0.0026433071059650537,1.36032089295371,-1
20240624,0.004422736789642334,1.3663372342126956,-1
20240625,0.004661382729711505,1.3727062549992164,-1
20240626,-0.000750451249365125,1.371676105875141,-1
20240627,-0.002883307340859509,1.3677211420897897,-1
20240628,-0.00909459430444648,1.355282273180869,-1
20240701,-0.005999528919482078,1.347151217988859,-1
20240702,0.007461011647774685,1.3572023289175876,-1
20240703,-0.0006097630730896864,1.3563747570547025,1
20240704,0.020596996068765083,1.3843120025935303,1
20240705,-0.000883677198552757,1.3830887176411555,1
20240708,-0.006308576981204572,1.3743633959940806,1
20240709,0.0017490446479837551,1.3767672189362288,-1
20240710,0.00333126439578435,1.3813535945539541,-1
20240711,0.004799385078915197,1.3879832423843623,-1
20240712,0.004528298767235928,1.3942684451897955,1
20240715,-0.0009118003411673348,1.3929971507457926,1
20240716,-0.030437073401743175,1.3505983942201238,1
20240717,-0.0023860996956321934,1.347375731802754,-1
20240718,-0.008882939613225616,1.3354070745408244,-1
20240719,-0.00607625734618833,1.3272927974939939,-1
20240722,-0.002903176953345965,1.3234394316339673,-1
20240723,-0.005606225716191404,1.3160199314585193,-1
20240724,0.03506598297557684,1.3621674639705634,1
20240725,-0.01313218989470022,1.3442792221653197,1
20240726,-0.0070778445549144475,1.3347646227924324,-1
20240729,-0.0063118161152081464,1.3263398339362813,-1
20240730,-0.006692409046553771,1.3174634252328414,-1
20240731,0.0004711809926798427,1.318084188957362,-1
20240801,0.0025917440180958096,1.3215003257694389,-1
20240802,-0.0010485150454151437,1.3201147127953485,-1
20240805,-0.0004663088712792973,1.3194991315936657,-1
20240806,0.00032025404864555185,1.3199217065327429,-1
20240807,-0.00497796779379267,1.3133511787872951,-1
20240808,0.012932006785089545,1.3303354451425777,-1
20240809,0.0038999321086463645,1.3355236630603595,-1
20240812,0.0051098312226518505,1.3423479635724558,-1
20240813,-0.004409360946434737,1.3364290668853531,-1
20240814,-0.0032241446368866944,1.3321202262767753,-1
20240815,0.000888771273393818,1.333304176466597,-1
20240816,0.0060772673816114064,1.3414070224480037,-1
20240819,-0.0013185990006618908,1.339638244488723,-1
20240820,-0.0007902144347281537,1.338579643010614,-1
20240821,-0.0060698240365388845,1.3304547001186466,-1
20240822,-0.007912128836043197,1.3199279711207887,-1
20240823,0.025340607675038207,1.3533757479962698,1
20240826,-0.02752971525053305,1.3161176990269554,1
20240827,0.012603403663320467,1.3327052616562327,1
20240828,-0.0010802400816232183,1.3312656200156014,1
20240829,0.006486069600058375,1.3399003014831874,1
20240830,-0.017032407652983972,1.3170785733339696,1
20240902,-0.013520101429476461,1.2992715374319042,-1
20240903,0.000612135593004437,1.3000668677849438,1
20240904,-0.006659520167093258,1.2914090462603602,-1
20240905,-0.005060208087363072,1.2848742477603798,-1
20240906,-0.0016966271524702092,1.2826942952241198,-1
20240909,0.005823117705207492,1.290163575085008,-1
20240910,0.005025158922774997,1.2966468520861858,-1
20240911,0.0015477584522738397,1.2986537482111165,-1
20240912,0.004374060928514112,1.3043341388308352,-1
20240913,0.048648590570706585,1.3677881563182117,-1
20240918,0.014530482369517372,1.3876627780088282,-1
20240919,0.04687421361746247,1.4527083794942155,-1
20240920,0.029183288936340368,1.495103187873238,-1
20240923,0.15359290386662594,1.7247404280789382,1
20240924,0.17249424333239172,2.0222482231652,1
20240925,-0.10594149716477796,1.8080082187642665,1
20240926,-0.029467001020965777,1.7547316387360254,1
20240927,-0.021417164713307346,1.7171502622015642,-1
20240930,0.015965972090607794,1.7445662353632543,-1
20241008,-0.024995418963764227,1.7009600714003128,-1
20241009,-0.0018606720708499447,1.6977951425018274,-1
20241010,-0.014983384497238572,1.6723564250841785,-1
20241011,0.07947746835542624,1.8052710799378,1
20241014,0.006940319412225504,1.8178002378582216,1
20241015,0.004328367990128701,1.8256683462202155,-1
20241016,0.005713529585024357,1.836099356328787,-1
20241017,-0.010096394599515501,1.8175613727033753,-1
20241018,0.0009774296636360091,1.8193379111045345,-1
20241021,0.0011048980060035518,1.8213480939347606,-1
20241022,-0.0068313190678561675,1.8089058839714607,-1
20241023,-0.012444439780002425,1.7863950636306858,-1
20241024,-0.0006150517840961545,1.7852963381596991,-1
20241025,0.006994713869531877,1.7977839752174491,-1
20241028,0.009140290780257132,1.8142162435110232,-1
20241029,0.01939471121348313,1.8494024436327297,-1
20241030,-0.010484616723304585,1.8300121678440975,1
20241031,0.037481810216854594,1.8986043366137646,1
20241101,-0.0124101147037603,1.875042439019331,1
20241104,0.030520764096382935,1.9322701669713465,1
20241105,-0.0006854080930569495,1.9309457733609319,1
20241106,0.0110626824831066,1.9523072133437205,1
20241107,-0.034041917512785735,1.885846932227457,1
20241108,-0.039120212673058985,1.812072199169883,1
20241111,-0.023475321132812144,1.7695332223785287,1
20241112,-0.00264528622636917,1.7648523005182681,-1
20241113,0.004984163174145184,1.7736486123623167,1
20241114,-0.0008770402761235641,1.7720930510935844,1
20241115,-0.02955862396196951,1.7197124189706898,-1
20241118,-0.007496932702577674,1.7068198506978796,-1
20241119,-0.011533232802360627,1.6871347000080905,1
20241120,0.012736770025379318,1.708623346683931,-1
20241121,-0.01764675122765691,1.678471695543233,1
20241122,0.005683413805963378,1.6880111447506023,-1
20241125,0.014161539199639472,1.7119159807464164,1
20241126,-0.004433300514267824,1.70432654274859,1
20241127,-0.01429214874593987,1.6799680542879738,1
20241128,0.003637381237311388,1.6860787385679235,1
20241129,0.01133215825166678,1.705185649658146,-1
20241202,-0.008132456422383472,1.6913183016702273,1
20241203,0.008148471258202727,1.7050999602398595,-1
20241204,-0.004751147609597162,1.6969987786396417,-1
20241205,0.009607996378026229,1.7133035367583263,-1
20241206,-0.023773177798309342,1.6725728671564983,-1
20241209,0.0013395619286020732,1.674813382092154,-1
20241210,0.004082851938573828,1.6816513971559783,-1
20241211,0.007163697188017348,1.69369823854101,-1
20241212,-0.0036025657626318486,1.6875965792546124,-1
20241213,-0.004982300182768906,1.679188466509352,-1
20241216,-0.009828111236580117,1.6626852154733156,1
20241217,0.011635022054673927,1.682030594625328,-1
20241218,-0.005535005339843524,1.6727205463022967,1
20241219,-0.0027930772773272494,1.6680485085531014,-1
20241220,-0.002239929435819632,1.6643121975984183,1
20241223,0.006309168464884163,1.6748126236312284,-1
20241224,-0.012497661607991262,1.6538813822042933,-1
20241225,-0.02772251752160859,1.6080316266074726,-1
20241226,-0.008891708442801738,1.5937334782168746,-1
20241227,-0.0027707906316014608,1.5893175764261618,-1
20241230,0.007034242401870783,1.6004972215122972,1
20241231,-0.009817841838783647,1.5847837929280768,1
20250102,-0.006880143297691044,1.5738802533368732,-1
20250103,-0.01758392679100762,1.546205258184385,1
20250106,-0.0026912999931216763,1.5420439559836687,-1
20250107,0.047060885733100744,1.6146139103916348,1
20250108,-0.018220977631376423,1.5851940664470796,1
20250109,0.006583728075523432,1.5956305531275004,1
20250110,0.007762690211868595,1.6080169388040217,1
20250113,0.018117089131889363,1.6371495250099222,1
20250114,0.0036405659506453247,1.6431096758267885,1
20250115,-0.012973633025388343,1.6217925738721468,-1
20250116,-0.0036751893567102956,1.61583217906586,1
20250117,0.004525649991343528,1.6231448699530622,-1
20250120,-0.027343826400409,1.5787618784063513,1
20250121,-0.008402719623652133,1.5654959849895924,-1
20250122,0.02802915920617699,1.6093755211894967,1
20250123,0.025276870850721167,1.6500554983889157,1
20250124,0.004380985608164689,1.6572843677800306,1
20250127,-0.014261015743242234,1.6336498093200904,1
20250205,0.018129053104789072,1.6632663334678828,1
20250206,-0.007119166455953008,1.6514252635793423,1
20250207,0.017986992567949667,1.6811294375218682,1
20250210,0.005108476582658117,1.6897174478858659,1
20250211,-0.01977943921338543,1.6562957843376107,1
20250212,0.020346664076452914,1.689995878272773,1
20250213,-0.0006278900939528098,1.6889347466019846,1
20250214,0.025129586223623823,1.7313769779427934,1
20250217,-0.00669192243493999,1.7197907375007595,1
20250218,-0.011320669295950991,1.7003215553032738,1
20250219,0.012330107707853921,1.721286703218149,1
20250220,-0.005161326389019227,1.7124025807337613,1
20250221,-0.038163607102016606,1.6470511214421588,1
20250224,0.012040636532047566,1.6668826653451452,1
20250225,-0.0029348632895016546,1.661990592602717,1
20250226,0.00012972138941336198,1.6622061883315813,1
20250227,0.016090768761445995,1.6889523637418693,-1
20250228,-0.013148272533672345,1.6667455577670012,1
20250303,-0.002462061172715746,1.6626419282444267,1
20250304,0.0018878781910134368,1.6657807936802238,1
20250305,-0.005790483270147639,1.6561351178626853,1
20250306,-0.0016475368849612204,1.653406574169527,-1
20250307,0.028480375024210858,1.7004962134693709,-1
20250310,-0.0009428548721612806,1.6988928923294095,-1
20250311,0.0006656871649444174,1.7000238235224485,-1
20250312,0.002634332468788303,1.7045022514784673,-1
20250313,-0.010475752000564054,1.6866463086075758,-1
20250314,-0.015756242158833644,1.660071100932852,-1
20250317,0.006718166818658666,1.6712237355197532,-1
20250318,-0.000532314758306951,1.6703341184609033,-1
20250319,-0.005418296743531337,1.6612837525462374,-1
20250320,0.005053837391613802,1.6696796104929361,-1
20250321,-0.004126179351688575,1.6627902129601848,-1
20250324,-0.0052639437133432665,1.6540373788720644,-1
20250325,-0.0010963996218684713,1.6522238929153128,-1
20250326,-0.0015361785560454866,1.6496857820012303,-1
20250327,0.0013658585170981397,1.6519390193771124,-1
20250328,-0.054572928890809114,1.5617878687406923,-1
20250331,0.022800314330912785,1.5973971230661865,-1
20250401,0.008836667265004872,1.6115127899327986,-1
20250402,0.005974891394314508,1.6211414038331957,-1
20250403,0.01359759258429083,1.6431850241640449,1
20250407,0.0033962838503212023,1.6487657469247028,1
20250408,-0.0013002656560744397,1.6466219134490647,1
20250409,-0.012064808971656293,1.6267557346147585,1
20250410,0.0005267264887225398,1.6276125899508613,-1
20250411,0.002720800613419172,1.6320409992840084,1
20250414,0.015856101804741174,1.6579188075181672,1
20250415,0.001405452926656725,1.6602489343583529,-1
20250416,-0.002901896366124923,1.6554310640088756,-1
20250417,-0.006825905998088855,1.6441312471796348,1
20250418,-0.0024683241215404106,1.640072998363243,-1
20250421,-0.0065374330129582825,1.6293511310000817,1
20250422,-0.002154852782781269,1.6258401191813183,-1
20250423,0.008327322109529689,1.6393790135523374,1
20250424,0.019701806363815244,1.671677741434248,1
20250425,0.005084954298439692,1.68017814635116,1
20250428,0.016499691962474472,1.7079005682080355,1
20250429,-0.008714028093695037,1.693017874675433,1
20250430,0.026318454059617524,1.7375754878321896,1
20250515,-0.009598429352325688,1.7208974922678995,1
20250516,-0.007967384640575115,1.7071864400199999,-1
20250519,-0.004583545918649623,1.6993614725804722,-1
20250520,-0.005238639005194723,1.690459131286287,-1
20250521,-0.0008261332183756576,1.689062586843625,-1
20250522,0.0029182321039968873,1.6939916635102121,-1
20250523,-0.0045327338593893485,1.6863132501394962,-1
20250526,0.0032107046134957073,1.691727503871518,-1
20250527,0.0013129554764343965,1.6939486667623609,-1
20250528,0.00048475851804963277,1.6947698228077128,-1
20250529,-0.0012177352442327427,1.6927060418636177,-1
20250530,-0.0007522917600769619,1.6914326330560912,-1
