holding_days,window_train,annual_ret,total_ret,sharpe,annual_vol,days,max_drawdown,calmar_ratio,risk_adjusted_ret,annual_ret_norm,max_dd_norm,composite_score
35,50,0.16989558101028157,1.5257618729445013,0.7311572704881535,0.20501140734086465,1488,-0.21635063608152816,0.7852788606836323,0.13313856399126636,1.0,0.9113948259821314,0.42658155220536054
35,20,0.14964353705549338,1.316440738607596,0.6302211009109913,0.20571119701973212,1518,-0.23957146193547296,0.6246300617216207,0.11379321611391371,0.940458495757753,0.8735212702953822,0.3962645659418125
35,40,0.12340157032944932,0.9971130897640623,0.5019625123588899,0.20599460673573156,1498,-0.31628854693414077,0.3901550388896776,0.08437106696055661,0.8633064721579701,0.7483944204108195,0.3797962043873332
40,220,0.14306680032310148,1.0113761722288017,0.581295027512678,0.21171142792962805,1317,-0.2075210047211603,0.689408768598321,0.11337743417780984,0.9211227290111441,0.9257961025398103,0.3670470795458578
35,170,0.12614859822576752,0.9058597839940707,0.5069703517455895,0.20937831543852403,1368,-0.25389219335836277,0.49685890911861075,0.09412045393314453,0.871382801317997,0.8501639176141614,0.35491878563834944
15,40,0.11226191814907005,0.8918020220008267,0.4475606451044072,0.20614394754826385,1510,-0.29434236932600144,0.38139911153848666,0.07921847917599113,0.8305556224641844,0.7841890034709199,0.34613223468365306
25,50,0.09349766679465765,0.6993721598307838,0.3559041615150029,0.2065097145304366,1495,-0.34077462986201057,0.2743680385846726,0.0616360339997466,0.7753882648327497,0.7084572092559676,0.33023462260613445
35,60,0.09593460365259565,0.7113548499360018,0.36923187489019027,0.20565560239125788,1478,-0.3242488637448928,0.29586720071923983,0.06482791742442487,0.7825529187604683,0.7354110104359771,0.3271637400015346
20,360,0.05988093893066182,0.316041404362152,0.19015771895044506,0.20972558542866596,1190,-0.46909537097028764,0.1276519501925647,0.03179106766893387,0.6765542632281196,0.4991639324062276,0.32383880453781544
20,60,0.10531045271285056,0.8076294825482948,0.4134919969986722,0.20631705893239938,1490,-0.25731014331556123,0.409274392979135,0.07821300503268035,0.8101181441689312,0.8445891840171439,0.3137059457131087
40,200,0.10045463252692777,0.6617409190627155,0.38100994903490226,0.211161500456141,1337,-0.27365751028226903,0.36708158465416135,0.07296446789328848,0.7958419141328339,0.8179263548378728,0.3117114334416219
5,50,0.03994993666933344,0.26259620896529934,0.09646245084786773,0.20681556910467436,1500,-0.49881837873194323,0.08008914340905206,0.020022174029492724,0.6179566294117788,0.4506852091808215,0.29736407783399865
25,20,0.0662797039397387,0.47456748548466865,0.22271456156420955,0.20779828500973907,1525,-0.3878711943566795,0.17088070705964584,0.04057171601102513,0.6953667887580682,0.6316419241639258,0.29726417488146994
35,30,0.08485967909692405,0.6280956780841969,0.31478975917732427,0.20604126152778662,1508,-0.3053610835282293,0.2778994563302928,0.05894683554002948,0.7499923698654427,0.7662172961526998,0.2951294700599999
40,170,0.08403217779500127,0.5491372142629822,0.30515443696776523,0.20983531627877086,1367,-0.30828055534284127,0.27258345146533297,0.05812669135768991,0.7475594958114019,0.7614555887508153,0.2948549704427367
5,370,0.04681303546352589,0.23890484834016346,0.12740827194398133,0.210449722411391,1180,-0.4591642157951171,0.1019527085368827,0.025318164745927015,0.6381343076195507,0.5153618127454693,0.2920854715100447
20,270,0.05406143680077413,0.30660519318379786,0.16184325668967348,0.21045941299911722,1280,-0.4257599017011253,0.12697634649193468,0.03104424478265494,0.6594447847217514,0.5698448082243548,0.29065790683791953
20,370,0.02437862796714718,0.11939083966976405,0.020897161331785083,0.20953218945040078,1180,-0.5466798838867202,0.04459397297340244,0.011051322460749611,0.5721766012221126,0.3726222930669599,0.2887369329353908
5,20,0.07070488821483245,0.514042209463268,0.2420765204083573,0.20945810080754093,1530,-0.34965210523642354,0.20221496497790017,0.04598277520001029,0.7083769386904124,0.6939778983104674,0.28767048759014846
40,190,0.0677212303565462,0.41943050639468793,0.22650828729586786,0.2106820502077796,1347,-0.36163211595895295,0.1872655313728632,0.043231058527364724,0.6996049116583181,0.6744383002754349,0.2873919480781921
15,20,0.05958767514030083,0.4210746130528915,0.18978493569121319,0.20859229419932138,1530,-0.3944503304040474,0.1510650912099969,0.03608329699320013,0.6756920605162918,0.6209112431352682,0.2867110694208238
40,320,0.0809043043041986,0.45603209195882655,0.2874176739192491,0.21190173684764368,1217,-0.299276732900691,0.27033275697728587,0.05669152843443472,0.7383634712946859,0.7761409738788576,0.2840121377426229
35,70,0.0972111781560534,0.7167479592705814,0.3750943003913872,0.20584471178444572,1468,-0.22268636845121237,0.4365385220126354,0.07556357391961804,0.7863060790035954,0.901061140426378,0.28009591317460336
20,300,0.020802152664325613,0.1075237843853416,0.0038052642342711962,0.21080077885294204,1250,-0.5422465102574652,0.038362907406169384,0.009522257976252018,0.5616616764130098,0.3798531996713962,0.27920721358768796
20,170,0.03449979426300698,0.20411099889849615,0.06930796739786205,0.2092081878519244,1380,-0.48153834669752726,0.07164495724922532,0.017886820372193763,0.6019330775208391,0.4788692306984319,0.2776923850550578
40,210,0.09022900928010325,0.5760268849562489,0.33200468050939785,0.2115301783467336,1327,-0.24266660346927205,0.37182293727339616,0.06833344206370316,0.7657783318450583,0.8684730426407745,0.27550291949930844
40,70,0.051345912657549064,0.3384145074740701,0.15211379607187098,0.20606883443194524,1467,-0.4050549764630269,0.1267628239156713,0.030547995214572892,0.651461077365856,0.6036148878902288,0.2749382877890305
35,180,0.07876227999856034,0.5046421436201556,0.2796594064981137,0.2101208778720507,1358,-0.2875109593863967,0.2739453138296157,0.05611726131271425,0.7320658674791954,0.7953311474409062,0.273846763003165
20,80,0.10754279851086102,0.8145531170947078,0.4250822136224938,0.20594321687758466,1470,-0.16202551982772873,0.6637398764417132,0.09011812067841007,0.8166812953796996,1.0,0.27167690676578965
20,350,0.0093340541385325,0.04523497779126684,-0.05055439762230222,0.21097958561694322,1200,-0.5715868767404582,0.016330070752780482,0.00399883128616236,0.5279451864355833,0.3319985707769424,0.2699620592718256
35,260,0.07655823367887415,0.45370414588891106,0.2692248110278043,0.21007808850512322,1278,-0.28854428338319926,0.26532576830573185,0.0544677930049199,0.7255859174264169,0.7936457787041733,0.26981640858723976
45,20,0.0850694347170764,0.632094044935106,0.31574112276405536,0.20608476383261926,1512,-0.25009567102220864,0.3401475698054853,0.0637939373580292,0.7506090565156899,0.8563561090985954,0.26851950683140424
15,50,0.05190303984904299,0.3514743221669987,0.1545413938215292,0.20643685850203947,1500,-0.3858396244768735,0.13451972414552762,0.03187679044448004,0.6530990449265557,0.634955448646574,0.26668269685461676
35,340,0.0734875476644703,0.400902830501775,0.2556191843797949,0.2092470007454501,1198,-0.2918287462818693,0.25181737097787726,0.05204176876221882,0.7165580254881313,0.7882887647342026,0.2651039884214311
20,310,0.02075103608885054,0.1063466473320469,0.0035537767965892653,0.21133462562177355,1240,-0.5076709550886471,0.040874972028342824,0.0102163377785448,0.5615113924316846,0.43624650895001693,0.2621840220171741
5,360,0.031231750245641177,0.1563020692929824,0.05270336913628632,0.21311256623076313,1190,-0.45149610268126583,0.06917390883369212,0.017130736729819518,0.5923249482298779,0.5278686335991472,0.2562668736811704
40,230,0.05861167691632296,0.3436835111243437,0.1825333004821154,0.21153223447086097,1307,-0.3276508732920437,0.17888454356134392,0.039407509789578625,0.6728226018817393,0.7298622759145913,0.25201713854284
20,320,0.01293552576013357,0.0647423163746339,-0.03334135039776402,0.21188326674195526,1230,-0.5098703670398309,0.025370224661679645,0.006340084492961079,0.538533601032876,0.4326592312392584,0.24717575135123562
5,60,0.026154363962550997,0.16492319413126633,0.0297283817209385,0.2070198109107403,1490,-0.45374102598434063,0.057641611546613,0.014287056024215244,0.5773973084524289,0.5242071261115898,0.24691597808322321
15,300,0.0032224243455314383,0.016086566652369738,-0.07966928127076915,0.21059027252231902,1250,-0.5497752750663378,0.005861348248414062,0.001450815114586428,0.5099768454592651,0.36757365823584315,0.24671169435073265
15,30,0.04866226311848765,0.33189178108156203,0.137982068025104,0.20772455094145229,1520,-0.3468483856185476,0.1402983699396681,0.031783835715295215,0.643571082125304,0.6985508119417722,0.2409345139051811
20,340,0.001070075501030443,0.005148522164551528,-0.08913577726663287,0.21237178919015043,1210,-0.5464964726963812,0.001958064789971569,0.00048528301419849306,0.5036488872471583,0.3729214397887245,0.24067778913639343
5,40,-0.015823076253588253,-0.09114617027085292,-0.17195976982459268,0.20832242500748596,1510,-0.6169080907738418,-0.025649001026619676,-0.006061692491818211,0.45398260817389263,0.25807891200680266,0.24036415211968404
25,180,-0.02673317582362944,-0.13651214766075226,-0.2224765046024072,0.2100589269286991,1365,-0.658839950327249,-0.040576130531172164,-0.009120291591899808,0.4219066487653925,0.18968734713164018,0.2384284499962827
35,160,0.06987428274529539,0.4467680751226357,0.23860668982670166,0.20902298582457485,1378,-0.2524342892318231,0.2768018677570634,0.052235617844903305,0.7059349383077113,0.8525417836500097,0.23839192172039492
20,330,0.017468068870472253,0.08745217794057059,-0.01194192215152817,0.21202040152336313,1220,-0.47120204507610675,0.037071292565487225,0.00923707909517545,0.5518593885649828,0.49572791167369973,0.23758319849337806
20,180,0.0032343627377018347,0.017710263261950132,-0.0799455361559954,0.20971323814232562,1370,-0.528642408440076,0.006118243043054053,0.001524541430274299,0.510011944624053,0.4020417174695935,0.236395845995959
20,290,0.00716550706180441,0.03634467251688456,-0.06093376868052506,0.2106302173017833,1260,-0.510662206926874,0.014031794334117423,0.0035063534118732692,0.5215696050247998,0.4313677271280116,0.23568840537895636
25,170,-0.01700848849505443,-0.08935537172854957,-0.17657694112363428,0.20958845622510877,1375,-0.6104222659995766,-0.027863479827693945,-0.006626128406675576,0.45049746720927497,0.26865740078698963,0.23475100681039557
5,350,0.009574585324618967,0.04642163634825636,-0.0489501862148041,0.21298008202935204,1200,-0.49841851132453296,0.019209931226620736,0.004802434760572662,0.5286523540019155,0.45133739961612834,0.2346554279165023
35,330,0.05560337183192998,0.2961476563938936,0.16801630699408013,0.2119042637521156,1208,-0.30455032302945795,0.18257531720480785,0.03866934697898864,0.6639781114024458,0.7675396600984085,0.2345227799521895
30,160,0.04419426275623506,0.2672140834332235,0.11571534559038142,0.20908430625856553,1380,-0.34685051087558716,0.1274158790905954,0.028865460141464995,0.6304350518501709,0.6985473456119635,0.23174033261153057
15,290,-0.01610949390863403,-0.07799378262698509,-0.17156483931172098,0.21047141158699587,1260,-0.5971498950661326,-0.026977303423707296,-0.006489711311524718,0.45314053326722964,0.290304859960264,0.23010691529898153
20,280,0.022487624173979315,0.11859676030133448,0.011825956153328094,0.21035290015676578,1270,-0.4339720748017045,0.051818136418696106,0.012728623253836545,0.5666170038489107,0.5564506164247047,0.22969671776682601
25,320,-0.004052201440934544,-0.019544696827980435,-0.11351329749293379,0.21188884449799192,1225,-0.5421254182011603,-0.007474656795064606,-0.00185540004013256,0.48858926783536727,0.3800507028423226,0.22799727663206026
5,390,0.02876312558932903,0.13943586970181565,0.04168082651755351,0.2102435657229234,1160,-0.4010060148858219,0.07172741685063934,0.01722893922109179,0.5850671314004031,0.610218812002675,0.22648134837947967
15,60,0.030788831427475127,0.19637819737542195,0.0522468463261033,0.2064972756467574,1490,-0.3899292656671405,0.07896004259848946,0.018783364998210376,0.5910227560783262,0.6282851754042428,0.22523037663355547
25,60,0.015233000929156804,0.093178011712856,-0.02316788943738685,0.20575888380883414,1485,-0.4535405763135729,0.03358685357983246,0.008324216908761835,0.5452882341863613,0.5245340628801597,0.224341545066405
20,200,-0.0138353581637638,-0.07191828341320372,-0.16055858590313937,0.21073527755267946,1350,-0.5745515166807504,-0.02408027437416272,-0.005886232146951906,0.45982654794322597,0.32716319340595423,0.22372962553847192
35,350,0.05689950025623025,0.29808070184315727,0.1762856087766652,0.2093165772991596,1188,-0.27490846655272294,0.20697616544784683,0.04125734589317372,0.6677887606508011,0.8158860242196284,0.2226863251896722
15,70,0.0449919439022437,0.2949428856014511,0.12154322841522644,0.20562185345993997,1480,-0.3244182400700447,0.13868500085731786,0.03039573664414762,0.6327802539169383,0.7351347548142776,0.22240575129757348
5,380,0.00801025910251707,0.03773694383696702,-0.056947642700802256,0.2105397226093438,1170,-0.47624237892684107,0.016819710838349357,0.0041954342517139575,0.524053196672538,0.4875070427874554,0.22058512483454
30,280,0.02054136602405121,0.10701387498337511,0.002571839136599118,0.21049762263400654,1260,-0.4185452837373448,0.049078001406752926,0.011943874153162042,0.5608949573162666,0.5816119708967128,0.21814287885237274
40,180,0.04170680052123732,0.24611494781194398,0.10318767175908744,0.2103623441753415,1357,-0.3278335026240551,0.12721945800964957,0.028033914023117324,0.6231218520789187,0.7295644044168473,0.21731597513018888
10,380,0.001983427272530758,0.009242095912158854,-0.08579327119141042,0.20999983422095056,1170,-0.49331852182727076,0.004020581398776732,0.001004965862293989,0.5063341637801766,0.4596555678605012,0.21653724428797325
25,30,-0.0073544611312218455,-0.043407423175564896,-0.13252940685846232,0.20640295448115634,1515,-0.5309894226476949,-0.01385048518396089,-0.003449320061269445,0.4788805436296924,0.3982136980077128,0.21575227113847084
35,190,-0.0016239484051530084,-0.008656213617318387,-0.10275629858846808,0.21043915265725402,1348,-0.5033672357053486,-0.0032261702589312033,-0.0008065059855230291,0.4957283911136896,0.44326594730887314,0.21403008958692077
40,260,0.034927959819532894,0.19002597756562034,0.07109036094464201,0.20998570862732405,1277,-0.3486932323722044,0.10016816094167799,0.02274881660989349,0.603191894722559,0.6955418360036373,0.2135717755047001
40,310,0.03643000420600884,0.19032317361374052,0.07763672892233907,0.21162669311382198,1227,-0.34194256129957834,0.10653837319213459,0.023973035259651762,0.6076079419328582,0.7065522935300045,0.21335987129399936
35,150,0.05082381228543853,0.3139697074961316,0.1475943303285475,0.20884143867060612,1388,-0.27448398648519323,0.1851613018895737,0.036873489680956224,0.6499260895102945,0.8165783583156084,0.2099747551625236
25,160,0.01002342446595117,0.05634496116908383,-0.04765124419310221,0.20936652763188496,1385,-0.44562076892906544,0.022493171694039048,0.005556778348131603,0.5299719520482844,0.5374514013026652,0.2097449460429995
20,90,0.0439004740432567,0.28263852285710755,0.11581098650856618,0.20637484200593398,1460,-0.30302150291212027,0.14487577159165613,0.03059768642011453,0.6295713058530173,0.770033191302389,0.20968995670639543
35,300,0.03844649972103631,0.20362243364770327,0.08735661138455267,0.211163178478077,1238,-0.3251928244193243,0.11822677757323743,0.025943973887715747,0.6135364880356872,0.7338713947739826,0.20931412319278622
40,80,0.000788367617118757,0.004566741465578117,-0.09310274578038025,0.2063487195984477,1457,-0.48257737917270727,0.0016336605301936708,0.0004079192386249549,0.5028206591827492,0.477174551337905,0.20882209602655294
30,30,0.013792562227550764,0.08554389407733609,-0.030103428818605612,0.2062036789846574,1510,-0.4271266666153475,0.03229150344755171,0.007901391099212254,0.5410533091953904,0.5676155917694761,0.20845263890593047
15,80,0.013198031958547629,0.07948588745137064,-0.03300065864207572,0.2061161298392962,1470,-0.4272212280186235,0.030892734473326074,0.007559552537787872,0.5393053756725805,0.5674613605377654,0.20727535480947673
45,30,-0.005004307947879427,-0.029459500190004206,-0.1212518349447849,0.2062179756641685,1502,-0.5033400826434932,-0.009942200354077285,-0.0024854391718203066,0.4857900514328704,0.4433102344073043,0.207059965680818
35,140,0.06050646295092199,0.38528195636380724,0.19411006245689819,0.20867781112540923,1398,-0.22515966393153675,0.2687269197973217,0.046882848087206414,0.678393319137197,0.8970271540947533,0.2057671771676119
40,160,0.04212713836602,0.2529214829777695,0.10569255059527424,0.20935381198955905,1377,-0.3015741655974149,0.13969080634797293,0.029422681764280673,0.6243576556167827,0.772393822691246,0.20533221212437408
20,20,0.03654939875765617,0.24352235224809227,0.07943191492003701,0.20834696953127993,1530,-0.3231376553602685,0.11310782928379852,0.024738911738279645,0.6079589648330297,0.7372234099130397,0.20440425240920887
20,150,0.00867812552949565,0.049174659897031514,-0.0541678316034445,0.20901472581347336,1400,-0.43588117697558215,0.019909383538215496,0.00489549395975724,0.5260167402923314,0.5533368388205475,0.2022106665584677
40,360,-0.0030623761057998466,-0.014223069259984178,-0.110171275812121,0.20933202357689804,1177,-0.48020749086020276,-0.006377193534224481,-0.0015918001599634635,0.49149937851469316,0.48103987884776905,0.1997376013059545
35,250,0.03151359223065331,0.1718499137681917,0.05483673144657972,0.2099613147415524,1288,-0.32985278560075404,0.09553835409714141,0.021118746049086035,0.5931535705548001,0.7262709200788507,0.19732622336470482
15,110,-0.01140654708629929,-0.06345233480510992,-0.15178256641002735,0.20691801324176617,1440,-0.5084687489971226,-0.02243313302694998,-0.005606674358951917,0.4669673118777363,0.43494529373014307,0.19639353019537248
25,130,-0.02847975772411515,-0.14976072292715426,-0.23243229571447066,0.2085758245216907,1415,-0.5798774823762693,-0.04911340514104544,-0.011964987516369147,0.416771655286741,0.3184764541993603,0.1961972224409106
25,90,-0.008150690843301223,-0.046154311684383664,-0.13617206769887893,0.20672881978668067,1455,-0.494372250808922,-0.016486950531637984,-0.004121215465450727,0.476539608814154,0.4579369182518987,0.19619665069433817
40,390,-0.008299079245646879,-0.03722120826352315,-0.13486135274219094,0.20983831668769554,1147,-0.4908207182984461,-0.01690857564940969,-0.004225719209082751,0.4761033432842407,0.4637295272294971,0.19415348213011932
30,20,-0.016020718342992568,-0.09282085679452479,-0.17463542159956122,0.20626238373099376,1520,-0.5219636647437387,-0.030693167791397972,-0.007658485484856931,0.4534015356001324,0.4129348602411624,0.19350061684774394
35,80,0.03178496444206158,0.19845904913548051,0.05714189128190861,0.20624036372756105,1458,-0.31950575591526054,0.09948166458225437,0.021629485351261017,0.5939514114894171,0.7431470987062105,0.1928218584307288
45,70,-0.01045218570105011,-0.05913762114547072,-0.14760352245829347,0.20631069769798083,1462,-0.49700977147343983,-0.02103014125871904,-0.005257347274373239,0.46977315767756317,0.45363507789570834,0.1927506870055817
5,170,0.003925299246074765,0.02168539113211665,-0.07664669231361566,0.20972465045395958,1380,-0.43607139020793506,0.009001506024513639,0.002213588546856783,0.5120433148470415,0.5530265978543912,0.19252234103661162
35,230,0.0369368394685996,0.2071520019797668,0.07990930408952532,0.21195078172154574,1308,-0.29372420029949897,0.12575347700644537,0.026087595834094215,0.6090980499933107,0.7851972475013572,0.19080946074491037
20,230,-0.032988455527658056,-0.1611396996350266,-0.24995939153327085,0.21198825618282494,1320,-0.586652482267064,-0.05623168148914539,-0.01363569620620081,0.40351597353945795,0.3074263159632932,0.1902332866886326
20,100,0.011023013749105859,0.0651110284531875,-0.04344200091254439,0.20664301971187363,1450,-0.4006672881887814,0.027511638893545444,0.006606452722583962,0.5329107689734466,0.6107712809158672,0.1898061540066524
15,90,0.024138811638074964,0.1481943719815617,0.020061839987791912,0.20630269409952054,1460,-0.3448980468711209,0.06998825263598836,0.015813382650313026,0.5714715353528753,0.7017318470876922,0.18951052062070503
25,190,-0.05526846134035579,-0.26339657507342573,-0.3572353636326468,0.21069711737093322,1355,-0.6778647699964021,-0.08153316677107904,-0.01780391850582047,0.33801221186603997,0.15865754777385255,0.1890112839740722
25,240,-0.048600026539815544,-0.22740490082156872,-0.32283571897107505,0.2124920586806625,1305,-0.6457488154305224,-0.0752615032013861,-0.017216616971837705,0.3576175731743557,0.21103920729511882,0.18702053903351334
10,30,0.01743784237416346,0.10990463631241698,-0.012276343084007975,0.20870690956610585,1520,-0.36722177429046055,0.04748586166453923,0.011034286957725776,0.551770521927017,0.6653214739653022,0.18664292315932127
20,160,-0.02767524675646671,-0.1434180658066272,-0.2278064626950053,0.20927960599737633,1390,-0.5541402402845642,-0.049942676500545805,-0.01233927886890364,0.4191369371960689,0.3604543268949582,0.18525955796876076
10,310,-0.013123334032794864,-0.06293497319482688,-0.15679509442021175,0.21125236191397764,1240,-0.48601624121229636,-0.027001842572298877,-0.0067451805540024974,0.4619199162920857,0.47156570978443796,0.18187422846912854
25,100,-0.0251501282090133,-0.13589286698817205,-0.21808924188811846,0.2070259303857624,1445,-0.5365184388686071,-0.04687654027706688,-0.011656620684968168,0.42656084744636374,0.3891957799951162,0.18183385921391979
5,400,0.013139462371873245,0.06138145196647726,-0.03257455071447767,0.21061035310235632,1150,-0.3735703446434743,0.03517265907285334,0.008230948885182596,0.5391331796561574,0.6549668494438292,0.18090317092616134
45,60,0.016609907739775,0.10100785795748046,-0.016456652451080356,0.20600132805274426,1472,-0.3567995875339194,0.046552485821458434,0.010683499509246824,0.5493363738649353,0.6823202350336777,0.17983939119535136
35,220,-0.007578651676740988,-0.039007345883318,-0.1303309289099315,0.2116048117465649,1318,-0.45712265455064305,-0.01657903322291233,-0.004114278304354466,0.47822141794603795,0.5186916333111475,0.17914750256888232
20,390,-0.02751359116833052,-0.12052029668510567,-0.22611169310767748,0.21013327756430492,1160,-0.5401443494473462,-0.050937478465675534,-0.01265228036575238,0.4196122085764926,0.383281859143084,0.1787439882606196
40,330,0.015295592003004232,0.07541474132001436,-0.02233845472799298,0.2105968409310128,1207,-0.3594715394967306,0.042550216978007364,0.00979726199817042,0.5454722534733691,0.6779622366535873,0.1784419064352822
15,320,-0.024211823518167974,-0.11275215374155456,-0.2089026357016118,0.21163841887240897,1230,-0.5237241603774219,-0.04623010613205188,-0.011531506574909136,0.42931948617217386,0.41006346239175073,0.17750460160299647
40,250,0.026582448039087048,0.14337828870589742,0.031324595947624066,0.21013672610791706,1287,-0.30915740401653535,0.08598354007936125,0.018364287410918455,0.5786558861009868,0.7600254338854852,0.1770514901050452
35,130,0.022168544886434827,0.13032972369783646,0.010400754119519162,0.20849881282791832,1408,-0.32714243350487726,0.06776419875871689,0.014916273165024434,0.5656789029443622,0.730691549718793,0.17676776714541562
20,400,-0.05771149690745814,-0.23759032756610043,-0.3701501968477415,0.20994584784571704,1150,-0.6586795288579044,-0.0876169584433952,-0.019698115314769206,0.33082962758430906,0.18994899723361278,0.17459604013893248
10,370,-0.0159266318045872,-0.07242103281245138,-0.17088643590116492,0.2102368840167395,1180,-0.4818317733045975,-0.033054341135197264,-0.008252674559413548,0.4536781523227757,0.4783906469903094,0.17405751252885013
40,240,0.0033928306256287843,0.01758558756590234,-0.07872175975722842,0.2109603421669738,1297,-0.4002830213491484,0.008476079285584723,0.002034738131876173,0.5104778440879454,0.6113980265639742,0.1739150828923695
25,330,-0.028297423457574578,-0.12925105244780277,-0.2274165292369035,0.21237428791845805,1215,-0.5321113159181681,-0.05317951829072991,-0.01324004422447093,0.4173077224871169,0.39638387130296454,0.17320024435009246
5,30,-0.027813161946089293,-0.15645253375735313,-0.22854729662876583,0.20920467076778956,1520,-0.5298094378115974,-0.052496539248098065,-0.01307748625166881,0.4187314631675553,0.40013827302845284,0.1730705423087528
25,140,-0.03385719905338125,-0.17472358287843914,-0.25769578018653827,0.20899526959423098,1405,-0.5544248822399587,-0.06106724308006009,-0.015085925455235509,0.40096184633937143,0.3599900711007748,0.17267627110732758
20,30,0.024476115908056872,0.1570294662744467,0.021692136096949234,0.20634740110663374,1520,-0.3078322095606879,0.07951122445239604,0.01694157906661622,0.5724632181512581,0.762186848226861,0.17206819823782235
20,240,-0.04460525677391536,-0.21117210103758055,-0.30433006109708927,0.21228680643975092,1310,-0.5964757624640641,-0.07478133996534804,-0.017999302229788836,0.36936229392916675,0.29140438151928544,0.17113229129463106
30,340,-0.018366713259019063,-0.08448972602862403,-0.18195405616161356,0.21085934586114055,1200,-0.4847066178760083,-0.03789243344665331,-0.009464245793741494,0.4465042532045026,0.47370172736915045,0.17044245903240665
20,140,0.011773489635364953,0.0676828107491716,-0.039429185615762696,0.20864012878182084,1410,-0.35783235197482055,0.03290225037056854,0.00756055414819114,0.5351171864227251,0.680635778941987,0.17039129681331144
25,40,0.023615525371834645,0.14958107655173314,0.017502537923196768,0.206571491957338,1505,-0.30362523391776497,0.07777853331594556,0.016445255956720438,0.5699330609395857,0.7690484959256647,0.16823859388001058
25,110,-0.03258191475299299,-0.171903646236658,-0.2534717423113678,0.20744685097244772,1435,-0.5392988483762686,-0.06041532417710746,-0.015010525648810114,0.40471121335393817,0.38466088554378475,0.16789958368462127
40,20,0.02306850880342437,0.1471621862232042,0.01489454432684035,0.2060156212966407,1517,-0.30370597056390936,0.07595671813956001,0.016062464947818284,0.5683248188578832,0.7689168131042635,0.1671523292692392
15,100,-0.012242834572800065,-0.06842600547593158,-0.1560472858956498,0.20662220677366433,1450,-0.4516083253514741,-0.027109408497444795,-0.006713868553822698,0.4645086062262778,0.5276855965454187,0.16685034539476887
30,60,-0.026976014573481977,-0.14837304927210104,-0.22827506796496588,0.20578688243208207,1480,-0.5107931654770433,-0.052812011586506565,-0.013196850697538265,0.42119269690518496,0.4311541315404261,0.16548864837150162
20,250,-0.040038182707537895,-0.19005978274581103,-0.2832769166122618,0.21194166974683568,1300,-0.5640192030337741,-0.07098726868195011,-0.017455878805911738,0.38278960331605844,0.34434157327616477,0.16465025033839148
35,200,0.005479383693491657,0.029438494393657644,-0.0688219974378018,0.2109880103324728,1338,-0.37194546659238703,0.014731685651908976,0.003441351768977186,0.5166123611085081,0.6576170527457749,0.16434353695222317
30,360,-0.0059203972521164605,-0.027421886653178462,-0.12377390049518068,0.2094173096946695,1180,-0.4198644101139529,-0.014100736117428101,-0.003434633152216315,0.48309672648669333,0.5794604536941564,0.16432957243243837
40,370,-0.013861066635027175,-0.06259416062917389,-0.16143974976662898,0.2097442958377687,1167,-0.4530822641974852,-0.030592825476358845,-0.007580863179836845,0.4597509644093265,0.5252815776136898,0.1642412018024216
5,180,-0.009146713150326113,-0.04872776017538383,-0.13886767523662338,0.20988839267786122,1370,-0.43264522032121533,-0.02114137108352932,-0.005189431424188314,0.47361127888600013,0.5586147382940603,0.163943473731982
40,340,-0.019337775196583973,-0.08858248319921747,-0.18785130544738193,0.2094091127176259,1197,-0.47395717641689394,-0.040800680227646595,-0.010172497866226387,0.4436493073726605,0.4912342463356995,0.16318424126015252
35,360,0.011782362015931636,0.05628276528832732,-0.03930486379772225,0.2090743279600064,1178,-0.3424339275778514,0.03440769464425498,0.007747681514672074,0.5351432714384563,0.7057508669046202,0.16287502993553335
50,80,0.020451969324228436,0.12327859864353852,0.002185198798547492,0.20683213103030307,1447,-0.30424182997795834,0.06722273964007558,0.014229624750372108,0.5606321288336885,0.7680428174296091,0.16202964495469924
25,70,-0.04447827160109252,-0.23379569063426342,-0.31265242791969344,0.20622987651211888,1475,-0.5752628553130501,-0.07731817062460614,-0.01889157408045869,0.36973563344112975,0.3260029881887931,0.16101404695215288
30,260,-0.005343428136581285,-0.02684703084342943,-0.12046044451928162,0.21038796791526587,1280,-0.410074586178518,-0.013030381098172047,-0.003152224054698065,0.48479302978906497,0.5954278204154902,0.16072677472769842
5,70,-0.03111726672186199,-0.16944071936205574,-0.24684696623778468,0.2070807978762897,1480,-0.5178444857946432,-0.060089983721873366,-0.015003361736944608,0.4090173143654544,0.419653310062608,0.1604161270370357
40,50,-0.003777986471121375,-0.022087749607531793,-0.11565115356163026,0.20560094507358403,1487,-0.40257261903075114,-0.009384608620967308,-0.0022570725627792977,0.4893954665491795,0.6076636544171842,0.16027773025927036
25,150,-0.0554875469493441,-0.27095078613543266,-0.36082049611282807,0.20921080637763786,1395,-0.6148413087814724,-0.09024694040046283,-0.02137151096193598,0.33736809482056473,0.26144986803449605,0.1577227059640465
45,390,-0.020131422637081897,-0.08804196849726031,-0.19111094470857085,0.20999018501153432,1142,-0.46592086545229905,-0.04320781516736548,-0.010751772779226695,0.4413159644986893,0.5043416040476093,0.15761869393479974
15,340,-0.04330096385872528,-0.1914793816528797,-0.2982126645205494,0.21226785911489454,1210,-0.5608550073900294,-0.07720527282127475,-0.01901540145374452,0.3731969469803005,0.34950242934006637,0.15638713408419042
35,210,0.0062855024677066496,0.03357114351944168,-0.0648753505023245,0.2113976637675654,1328,-0.3493730142319176,0.017990806993279294,0.004089517524601821,0.5189823700084408,0.6944331004108282,0.1549577288826601
30,270,0.002886613880583422,0.014632685930264566,-0.08139818583446035,0.2102428444071236,1270,-0.3609468074091121,0.007997338725070406,0.0018446998161640077,0.5089895544841947,0.6755560499923595,0.15362587314122841
50,40,0.0028605130250878297,0.016998051679399495,-0.08336401556253067,0.20559814518598832,1487,-0.3598759677625474,0.007948608079812786,0.001831083131886975,0.5089128173310615,0.6773026073818703,0.15304818991718197
30,110,-0.048991389333171376,-0.24802153077860056,-0.33267978706542295,0.20738076677800663,1430,-0.5778528022106121,-0.08478178031801827,-0.020681577722807206,0.3564669569959159,0.32177874144289736,0.1529932474642719
10,50,-0.047009214972944635,-0.24919356961098194,-0.32426221206670336,0.20665132253881097,1500,-0.5678352724429776,-0.08278671166498437,-0.020315724581452116,0.36229459806472813,0.3381175001883672,0.15217096858879953
30,50,-0.016054960455139655,-0.09126197597062957,-0.17472583969456612,0.20635162216513847,1490,-0.4357864046621873,-0.036841352284923,-0.00905842696140075,0.4533008629534494,0.5534914140501925,0.15126317985235682
30,100,-0.028487300051555087,-0.15223195769745757,-0.23419085044603002,0.2070418206313706,1440,-0.48719012552718477,-0.05847265484030325,-0.014608568763507386,0.41674948065971257,0.4696510848159132,0.15082931101702485
5,290,-0.005246509989685455,-0.02595873164068263,-0.11950407898445721,0.211260654901738,1260,-0.3884732352875686,-0.013505460642099856,-0.003208381280023798,0.48507797150988247,0.6306599853274198,0.15035658445869174
45,380,-0.04144338830332295,-0.17592462768541617,-0.2928115578314288,0.20983935456091465,1152,-0.5405412662351885,-0.07667016542875935,-0.01904152671276816,0.3786582645173945,0.38263448121768623,0.15027044079687027
15,280,-0.04117151517899198,-0.19094122723933016,-0.29048489924361676,0.21058414856770283,1270,-0.5379579174817981,-0.07653296631773251,-0.019022972613731214,0.3794575781482479,0.38684796627998447,0.14956591481977818
40,130,-0.04604059130184235,-0.2313854801766625,-0.31643967058644995,0.20869883722053853,1407,-0.5583806776021182,-0.08245376881513297,-0.02033241473351743,0.36514237533357224,0.35353810264467955,0.1495382319400967
45,110,-0.026135593779204602,-0.13881067150995385,-0.22165616266804025,0.20814036128694888,1422,-0.4744205968230206,-0.055089500654530624,-0.01373632978015033,0.423663554582536,0.49047839989560255,0.14942096823909445
25,220,-0.07056227936992188,-0.3193805998285073,-0.4274029262379994,0.21188970362709275,1325,-0.6599541549399751,-0.10691997139761888,-0.023994409917706645,0.2930480130365057,0.1878700607563863,0.1487725908986381
20,40,0.02073980177132495,0.1308878628723693,0.003585976772581005,0.20630411690940154,1510,-0.27141232513238367,0.07641436976456001,0.015110763949784917,0.561478363263562,0.8215882894019615,0.146558367463905
25,200,-0.0990288010972612,-0.4268365889647321,-0.5644358311454161,0.21088101521782326,1345,-0.7751400117968313,-0.12775601773891815,-0.02226761504650409,0.20935574335872545,0.0,0.1465490203511078
45,40,-0.009960796707295327,-0.057547652997179455,-0.14589201337331278,0.20536282977074805,1492,-0.39993473791656575,-0.024906055320889242,-0.0059771280867229794,0.471217853330089,0.6119660826728163,0.14626267252921737
30,90,-0.04662697841935226,-0.2402352430303638,-0.32259114809863315,0.20653690844294612,1450,-0.554109546630011,-0.08414758183274171,-0.020790524546677673,0.36341838287519324,0.36050438875934937,0.14624155138483047
35,370,0.0048541036124520875,0.022697716810002877,-0.07232342299380098,0.20941896498519028,1168,-0.3374483435982928,0.014384730891524356,0.003216094388775641,0.5147740223867018,0.7138824378344586,0.14617708432035367
30,70,-0.03918887755655942,-0.2080061774176729,-0.2873555174998652,0.2059778704495806,1470,-0.5211955449146759,-0.07519035405986628,-0.01876380916387392,0.3852865812192686,0.4141876765407671,0.1454443038912579
20,190,-0.08315851211366065,-0.3740946120805776,-0.4906987502069828,0.2102277865393933,1360,-0.7032515093674483,-0.11824860808113873,-0.024677162952977567,0.2560147808836428,0.11725135088310033,0.14403494135361986
25,350,-0.05887457557115516,-0.25004569872960825,-0.3758116226494945,0.20987795698037404,1195,-0.6010119284510473,-0.09795907998513298,-0.023490253370398277,0.32741014788422623,0.2840058188586399,0.1439853578613664
30,40,-0.044020823665348985,-0.23507012842705,-0.31020854063046993,0.20637995180671892,1500,-0.5364704998006943,-0.08205637342911361,-0.020404950391960983,0.3710805415534905,0.38927396941738673,0.14297418826222735
40,60,-0.04079388517437088,-0.2165994668168265,-0.29541467387148745,0.20579169063489952,1477,-0.5208934890982562,-0.07831521420049066,-0.019544615992019208,0.3805678195921408,0.4146803346337925,0.14199337332436082
40,270,0.0020432133081307313,0.010315180380797706,-0.08539745299054052,0.21027309437271322,1267,-0.33945284583083324,0.006019137365397047,0.0013496387360463235,0.5065099361861742,0.7106130611376157,0.14137303698903725
10,350,-0.044209661432319636,-0.19371469630947258,-0.30169242029655724,0.21283153673268593,1200,-0.5319882377816885,-0.08310270470765918,-0.020690641554014837,0.3705253539028869,0.3965846138039032,0.14039236359084986
5,310,-0.021697469280206994,-0.10231910580392811,-0.19735360005583924,0.211283043574625,1240,-0.4361728992927779,-0.04974511097637619,-0.012233621196943127,0.43671174908945193,0.5528610348377402,0.1398399139112943
20,110,-0.029078615915486106,-0.15517629110808862,-0.2369211552912435,0.20715168240317977,1440,-0.4660387978916525,-0.062395268477725495,-0.015526852709879888,0.41501099756638343,0.5041492542648229,0.1392629220170215
45,50,-0.01621918659657251,-0.09168701141688163,-0.17597205171417155,0.20582351710828906,1482,-0.40911326587488583,-0.039644733988001814,-0.009583702198214555,0.45281803408350213,0.5969957499233131,0.13787389888145757
40,140,-0.018160881516442795,-0.09661187756824396,-0.18262452336374085,0.2089581443584999,1397,-0.41625720241649045,-0.043628990467945675,-0.010601283782990967,0.4471094035587658,0.5853438698337381,0.13737342154101465
25,120,-0.0682287897292786,-0.3294188698362718,-0.42434371032227886,0.2079182219108914,1425,-0.6266742767510527,-0.10887440614764947,-0.02547156227208328,0.29990852961684583,0.24215009919103406,0.13729094097448186
35,290,0.012211945577159655,0.061955380687530814,-0.03694561964670154,0.21079777514397852,1248,-0.2877889046399922,0.042433691432392485,0.008697483135985682,0.5364062576086602,0.7948778140794603,0.13702103610222405
35,90,0.027012651188846437,0.16550697443817275,0.033953455761237664,0.20653718543878827,1448,-0.2244071855348423,0.12037337897387583,0.020950818161722996,0.5799206938766174,0.8982544589563262,0.1364681480267343
35,240,-0.0005016712070763374,-0.0025813159051810697,-0.09696831736373454,0.21142649232710947,1298,-0.3395992959196801,-0.0014772445440964328,-0.0003313040183700372,0.49902791350754955,0.7103741985911173,0.13620727987794948
10,60,-0.0466361670391634,-0.24601486237522496,-0.32218625470489026,0.20682498420114,1490,-0.5316005176193723,-0.0877278435469001,-0.021844356501360625,0.36339136810835354,0.3972169918791154,0.13520886011211286
40,380,-0.0514511181917352,-0.21535182711601075,-0.34096040070176264,0.20955840632717154,1157,-0.5513295323470598,-0.09332189765475309,-0.02308459726035253,0.34923529402925874,0.36503863859256197,0.1349531142427125
10,360,-0.041498928911028465,-0.18139163428389593,-0.2908579938650423,0.2114397066891821,1190,-0.5092523187210669,-0.08148991646272444,-0.0203655031386465,0.37849497377317637,0.4336672783933537,0.13484629812321733
40,350,-0.02156950881371278,-0.09761224911834032,-0.19873292250523658,0.20917273438988165,1187,-0.42521967548957806,-0.05072556623556672,-0.012397729275476237,0.4370879559886476,0.5707259262188297,0.1347437913264044
25,340,-0.07132162566664912,-0.29799503933570193,-0.4297626156610308,0.21249318190737598,1205,-0.631906069657675,-0.11286744833023438,-0.02625305751004092,0.2908155163636338,0.23361695737959243,0.13348577424066593
10,300,-0.04327319819092412,-0.19702488595105183,-0.29978143278993613,0.2110644331840963,1250,-0.5123361165390757,-0.08446251746459434,-0.0211027758795603,0.3732785787223045,0.42863755252909497,0.13270373934688467
15,400,-0.05394192616481308,-0.2235722390521574,-0.35148513505691187,0.21036999517160387,1150,-0.556854260395214,-0.09686901942086083,-0.02390413476601285,0.34191225770627187,0.35602771466151817,0.13253026599593484
40,300,0.009747684544593405,0.04876895267853021,-0.04847155909339994,0.2115119803687641,1237,-0.28818994408322907,0.0338238191329059,0.006938499880746075,0.5291612699396572,0.7942237120341004,0.1321457753475299
20,260,-0.04595602837317647,-0.21402338623514094,-0.31212189361811365,0.21131496931732313,1290,-0.5210926227981254,-0.0881916695085897,-0.022008681014812875,0.3653909924107984,0.4143555442357876,0.13146703141682264
45,230,-0.05064551956903762,-0.23549542405907642,-0.334090088965321,0.21145649602425268,1302,-0.5405309715727992,-0.09369586986231859,-0.023270047670576503,0.3516037736710163,0.38265127198437693,0.1313272599743983
20,220,-0.06151984675422173,-0.284736988288926,-0.38521615618018606,0.21162104819947003,1330,-0.5860675672468181,-0.10497057027609429,-0.025465059829577943,0.3196329859483707,0.3083803221528507,0.13122899351800427
40,290,-0.01644708168617559,-0.07878669410873818,-0.17274865568227254,0.21098330138794702,1247,-0.3950784737715346,-0.04162991096216137,-0.00994919375560558,0.45214801694969176,0.6198867307877133,0.13053759262847023
5,330,-0.03836765543010423,-0.17254899769900123,-0.274879756755781,0.2123388645238122,1220,-0.4866705752601561,-0.07883701497587829,-0.019695246490551953,0.38770099434395466,0.4704984799987608,0.13024115204114003
35,380,-0.03584383496010046,-0.15442244117385784,-0.2660345535528174,0.2099119614889179,1158,-0.47603476583802706,-0.07529667480693308,-0.018780923378132152,0.395121088214819,0.48784566321077505,0.13023106278714078
30,140,-0.08678183646248117,-0.39609354546716413,-0.5112444347645905,0.20886650142539023,1400,-0.688810286756377,-0.1259880087899656,-0.0270056148035145,0.24536211873418476,0.14080522670927967,0.12951191510114543
20,70,-0.0023035781980570436,-0.013453243007149895,-0.10832685345972581,0.20589149860564496,1480,-0.33322454054732564,-0.006912990844772076,-0.001535969411394649,0.49373026291054667,0.7207715313174748,0.12937972464214023
35,270,-0.006357755739622162,-0.03158323263045526,-0.12548724891333396,0.21004329896359258,1268,-0.349502214172995,-0.018190888302857016,-0.0041357060314531485,0.4818108818431927,0.694222373144111,0.12900090534700157
5,120,-0.03378053290629468,-0.1771683424130166,-0.25918631591519775,0.20749757839796967,1430,-0.4647148497779994,-0.07269088328559352,-0.018082217631325184,0.40118724668573563,0.506308635801216,0.12893848193965016
20,50,-0.0077184923899378255,-0.045074194101134446,-0.13423685051158477,0.20648944223811103,1500,-0.35295532826843556,-0.0218681849281154,-0.004994209374709899,0.47781028283115096,0.6885902862489693,0.12789011210711485
30,290,-0.05016854427478157,-0.22532456947656876,-0.3330483410421636,0.21068576428038208,1250,-0.5312975576588785,-0.09442645378579448,-0.023514119230288805,0.35300609269470573,0.39771112464626107,0.1277909274924157
15,140,-0.0328437851649378,-0.17043547045392338,-0.2534816560681134,0.20847183178706263,1410,-0.45731105165264874,-0.07181935587658692,-0.01782395923090643,0.4039413079419936,0.5183843544839898,0.1272436092141986
30,150,-0.02862343118138866,-0.14801542484680397,-0.2324626435736365,0.2091666447301085,1390,-0.4389987318170302,-0.06520162612524036,-0.016057781192507,0.41634925181058585,0.5482520546859635,0.12696885986162107
45,400,-0.043472428810957586,-0.1809848941935963,-0.30237563392094347,0.20991251175864437,1132,-0.5006818105226531,-0.08682645923481315,-0.021706574446070194,0.3726928358296666,0.4476459207361376,0.12659120885992534
35,320,-0.02503829451656181,-0.11534650794995649,-0.2126249756846777,0.2118203394099548,1218,-0.4226525303726878,-0.0592408484919834,-0.014455795982920367,0.4268896412356915,0.5749129828787457,0.12634885400136034
20,380,-0.06384472823578069,-0.26383980016468767,-0.3998299930104185,0.2097009471562978,1170,-0.5855165287554793,-0.10904001014537239,-0.026462584579829442,0.31279777756614535,0.3092790751566641,0.1261747217493025
35,100,-0.005156315854541238,-0.02906898614819875,-0.12154246398092677,0.2069755296263282,1438,-0.33863968070734407,-0.015226555387043905,-0.0034101826999331773,0.48534314447179705,0.7119393470664926,0.12615839701031015
15,150,-0.05463384381421099,-0.26811183278998363,-0.35729890781726903,0.20888349273203063,1400,-0.5464193967664452,-0.09998518379383776,-0.024780851834217636,0.3398780029046882,0.3730471519207089,0.1260004564570691
10,290,-0.0586118916617655,-0.26066112917767736,-0.3729507996881958,0.2107835449809699,1260,-0.5595531763041997,-0.1047476703624345,-0.02581542151322698,0.32818244499854277,0.3516257376338382,0.12423999020882846
30,130,-0.06387842975517999,-0.3088105085290298,-0.40225460155712606,0.20852074638919457,1410,-0.5811789247758012,-0.10991181378406328,-0.026753632633697934,0.3126986942753544,0.3163537798594469,0.123982952034914
5,340,-0.04342489402079264,-0.19198215317989853,-0.2984795916264579,0.21249323504894035,1210,-0.49352082128909613,-0.08798999383119252,-0.021993804659259094,0.3728325892746314,0.45932561405175065,0.1231851282767168
25,230,-0.10170393722427307,-0.42861201872640486,-0.5739340235493464,0.2120521388009489,1315,-0.737668187782301,-0.13787220176870052,-0.026680178161718648,0.20149077775769006,0.06111717224980986,0.12270839275544007
25,290,-0.09633701049003351,-0.3961829594816698,-0.5522905352957919,0.21064458478855982,1255,-0.7116106331985768,-0.13537882374946247,-0.027782569454762835,0.2172696735386762,0.10361747998195432,0.12100352748248705
5,280,-0.039585302860865146,-0.1841733132367348,-0.2822963984748598,0.2110735495839901,1270,-0.47129872568146114,-0.08399195818666365,-0.020928800066824703,0.3841210811348945,0.49557022398792366,0.12021368959804904
50,90,-0.07186072745248118,-0.346391275927284,-0.44341682909870084,0.2071656315778528,1437,-0.6068439285501388,-0.11841714825123092,-0.028252481296746693,0.2892305439361701,0.27449372906875225,0.12011326203469339
10,340,-0.04823614071777127,-0.21131037939886255,-0.32113848988701565,0.21248197542991004,1210,-0.50730722425313,-0.09508270020949472,-0.023765598061555343,0.3586874063855275,0.4368397600316362,0.12002925646037835
50,50,-0.0003034048140833079,-0.0017769784532702948,-0.09866007950291113,0.20579149050335221,1477,-0.3035109781664047,-0.0009996502133671138,-0.00021131812218048694,0.49961082154912023,0.769234848968786,0.11895712039374834
35,110,-0.016681971335303025,-0.09092577657752787,-0.17680828451022235,0.20746749190466934,1428,-0.3723887275355393,-0.04479719739559239,-0.01046979325696519,0.4514574356399137,0.6568940867272606,0.11895197892976142
15,330,-0.07532532977351036,-0.3155473913684459,-0.4501592554077129,0.21175912441736522,1220,-0.6177639969716476,-0.12193221058974635,-0.02879205297941915,0.27904452842801764,0.2566829146702253,0.11832629549854475
35,310,-0.025635578916500257,-0.1188714211205707,-0.21593229746141573,0.21134207088522614,1228,-0.40734937084625333,-0.06293265867391248,-0.0151929419735844,0.42513361050061327,0.5998726922427933,0.11763171967759128
40,150,-0.01859453285021384,-0.09815011523796724,-0.1847388338953824,0.2089140222248557,1387,-0.3760887822981931,-0.049441870445023316,-0.011601337633173168,0.44583445803785804,0.6508592354700826,0.11682634998547581
50,70,-0.025061695341713874,-0.13648758204769984,-0.2183716607141915,0.20635321998439798,1457,-0.40151716359501777,-0.06241749447849719,-0.01499899451322645,0.42682084223776445,0.6093851199012956,0.11595905359604641
5,150,-0.05506966609958186,-0.2699843489366097,-0.35908011967685355,0.20906104789966987,1400,-0.5272901387506617,-0.10443902142767458,-0.026031974220980733,0.33859667473301297,0.40424729197015924,0.11574348472206128
35,120,-0.026605947287952847,-0.14078740274852342,-0.2239599389333208,0.20809948203204662,1418,-0.4070239108543776,-0.06536703760745828,-0.01577669057082486,0.422280703770094,0.6004035229377755,0.11547543575773314
30,180,-0.058615788123171475,-0.2781871723710987,-0.3741140280744645,0.21013857333230931,1360,-0.5415807497701318,-0.10823092982542368,-0.02687060564305708,0.3281709893067691,0.38093906617113454,0.11543797266339798
10,40,-0.019230999066364607,-0.10984155814427898,-0.18979461059632485,0.20670238708624467,1510,-0.3754247537472467,-0.05122464321921565,-0.012011205977561144,0.44396323180540515,0.651942277152581,0.11519157911800929
20,130,-0.05871383457146284,-0.2889113805723862,-0.37826540560859523,0.20809155001848323,1420,-0.5407515745978138,-0.10857820361435193,-0.026964236076268758,0.32788273035226995,0.3822914647576613,0.11483047181929056
15,390,-0.06497647546231256,-0.26600847414482165,-0.40490714348236406,0.2098665751645692,1160,-0.5632351552518743,-0.1153629613784594,-0.028379440217577344,0.30947041305715384,0.3456203683334822,0.11294317863996302
25,210,-0.1114278156204509,-0.4651973570535889,-0.6216606651732053,0.21141407681605986,1335,-0.7578765443138494,-0.14702634150174565,-0.026979287777582798,0.1729023375948279,0.028157004456929206,0.11258453497930075
20,120,-0.055895894843794425,-0.2784810099593973,-0.3657868029363965,0.20748669507628822,1430,-0.5205861919486902,-0.1073710669016431,-0.02679726380149906,0.3361675420297449,0.41518154142891994,0.11076281699214545
5,320,-0.03929121698240878,-0.17769824892665786,-0.2797578550176478,0.21193763077239974,1230,-0.44864472950302936,-0.08757757396577971,-0.02166341956749116,0.3849857008058169,0.5325192709851253,0.10973420926853422
5,80,-0.041059002903570674,-0.21695629464277155,-0.29608979078081116,0.20621785959777092,1470,-0.4548028881397189,-0.09027867670654949,-0.022385249798889627,0.3797883669880933,0.5224752111604883,0.10910929354351881
5,300,-0.03219925698787396,-0.14985343279075647,-0.24721257646265485,0.21115130036986382,1250,-0.41280498162225565,-0.07800113472791965,-0.018907243298744363,0.4058362365365872,0.5909744997396592,0.10679301565371321
45,260,-0.07427203577544728,-0.32263791167526334,-0.4487943075588373,0.2100562199378791,1272,-0.5895606211220827,-0.12597862393537893,-0.03048416823167303,0.2821412385277001,0.3026830928082201,0.10669393912692404
30,170,-0.06737272963620355,-0.31558755034989316,-0.41688692008200895,0.2095837634316179,1370,-0.5589966925958512,-0.12052437971205197,-0.029711596598411286,0.3024253672149291,0.35253337187774797,0.10593774548712596
30,120,-0.07277451638718557,-0.3467309197769174,-0.44610117509294506,0.20796743332463993,1420,-0.5811011590516955,-0.1252355381736753,-0.030485160565165433,0.28654398213264626,0.3164806170572695,0.10563660237567153
15,310,-0.09022954638113145,-0.3720594631104772,-0.5219290047313353,0.211196437411775,1240,-0.6537364540948392,-0.13802128643118566,-0.03124320267534475,0.2352257673019226,0.1980112349197419,0.10525466663542324
5,270,-0.041899676048126056,-0.19540076270463935,-0.2912647719585978,0.212520297706737,1280,-0.4490175451089754,-0.09331411768766655,-0.023085986368135157,0.3773167673947568,0.5319112024908564,0.10454837642907283
10,20,-0.04232112582833114,-0.2309085057983824,-0.2983410316165102,0.20889223815663138,1530,-0.44965212494118445,-0.09411970605913815,-0.023291341669718798,0.3760776947395722,0.5308761921615932,0.1039915286692226
10,320,-0.06070678445862843,-0.2633793635957885,-0.3810899452471996,0.21177883453806895,1230,-0.5267505195391688,-0.11524769735725778,-0.02872945420549356,0.3220234089708743,0.405127419937384,0.10387816029839678
5,160,-0.06983676971163821,-0.32922578229190336,-0.428864184750402,0.20947603671759865,1390,-0.5650885686880975,-0.12358552903267955,-0.030372809473488294,0.29518102916529376,0.34259741999267435,0.10384749441790332
20,210,-0.09562608082341617,-0.4140205595219256,-0.5478941261394286,0.21103727035392883,1340,-0.6730268074171073,-0.14208361356422472,-0.03126716494102212,0.21935982413559055,0.1665483457286636,0.10358737317631429
25,280,-0.08499965393403264,-0.35976289459306054,-0.4987239966323217,0.2105365986859509,1265,-0.6283131898924372,-0.1352823007719828,-0.03159325023098734,0.2506017789292234,0.2394770044218647,0.10357814392389697
35,280,-0.012012002957197732,-0.05854406946314983,-0.15231813188491744,0.2101654120954169,1258,-0.3209613066378403,-0.0374250811819868,-0.008156614792717946,0.4651872568183027,0.7407730711116172,0.1033991584393267
15,160,-0.06370753590302936,-0.30448000739750425,-0.4003186078252298,0.20910228569633266,1390,-0.537394536384252,-0.11854890883646181,-0.029471454182237802,0.3132011263777889,0.38776685028113844,0.1029107333801107
25,310,-0.09452637652897722,-0.3853084924348883,-0.5410172128368701,0.2116871216138362,1235,-0.6669430088627837,-0.14173081548625244,-0.031482670549844737,0.2225929816410123,0.17647112301416643,0.10287375024445866
40,400,-0.058855517471705476,-0.2394290440994291,-0.3754728434447484,0.21001656670626628,1137,-0.5167250940001483,-0.11390102426821289,-0.02844339467371109,0.3274661791624402,0.4214790568181605,0.10278260836825998
45,100,-0.03850663014340583,-0.1999969587845276,-0.28194992343505537,0.20750716804816693,1432,-0.43036737872192365,-0.08947385895687598,-0.02193463266517365,0.38729240528992703,0.562329936073803,0.102405702880808
25,390,-0.06709095681467858,-0.2726164555261059,-0.413780679912665,0.2104761315416189,1155,-0.5496991921568783,-0.122050310009427,-0.030211112052617752,0.3032537861975085,0.3676977507348071,0.10196832511781381
30,370,-0.0406501512593046,-0.17525092199922798,-0.28938658014302704,0.20958176854410024,1170,-0.4383335699689106,-0.09273793759895636,-0.022831825338037407,0.38099040081568447,0.5493369447951229,0.10189219713244227
45,370,-0.0766687399398629,-0.30775510141801266,-0.4604894203840494,0.20992608225231518,1162,-0.5883069052352932,-0.1303209927634612,-0.03156399081755264,0.275094869702334,0.3047279244069042,0.10114803146956251
45,350,-0.06604364975387444,-0.2741990589952149,-0.41147523079083403,0.209110156128968,1182,-0.5434093403236795,-0.12153572795516511,-0.030154913608553397,0.3063328945553126,0.3779566043675081,0.10104604487846638
50,150,-0.05549658797272339,-0.26801023346406194,-0.36057227839937284,0.20937990105024865,1377,-0.49765900186684064,-0.11151529011741396,-0.027878211395202555,0.33734151399084233,0.45257617225588936,0.10036620811682281
40,90,-0.08839721360634145,-0.4122380662870504,-0.5241641003177288,0.20680014816091963,1447,-0.6349372627942532,-0.13922196535972708,-0.03227052876049209,0.24061287044701393,0.22867303063135477,0.09982710012350332
15,170,-0.06716107076966904,-0.31663059885564926,-0.41653459214743915,0.20925289858955334,1380,-0.5433104601305712,-0.12361453661968619,-0.0306717585069383,0.30304764945606033,0.3781178796177322,0.09869799073392256
5,100,-0.07411336586813788,-0.3579413106934253,-0.4549562548311071,0.20686245077139448,1450,-0.5708158280910386,-0.12983761525322954,-0.03180828355750264,0.28260773193351485,0.3332561640315778,0.09784856314398703
5,240,-0.014644519938293743,-0.07382418004431102,-0.16305407905246774,0.21247257437298328,1310,-0.3197242732476868,-0.045803591293016394,-0.009962311443961517,0.45744759254798806,0.742790693279021,0.09737610679988531
50,110,-0.07043948593800953,-0.336830078137364,-0.4341562857671065,0.20831089840888262,1417,-0.5535807575237817,-0.1272433786410711,-0.031445541952860444,0.2934090287277343,0.3613668526435923,0.0969762643163363
25,300,-0.10939731494705573,-0.43582348904267987,-0.6124791390946397,0.21126811786329489,1245,-0.7161270049972934,-0.1527624488165604,-0.03105494343927507,0.17887205920558213,0.0962512019737283,0.09633508085178902
50,160,-0.04215228402053528,-0.2083362469860588,-0.29606099135615344,0.20993067589160286,1367,-0.43297361471416285,-0.09735531817190073,-0.023901457239706075,0.37657409378144613,0.5580791215418077,0.09617812918446997
45,220,-0.09277401627418957,-0.39764568695432656,-0.5320473898171107,0.21196235228774493,1312,-0.6448498425991033,-0.1438691772029574,-0.032948706482491784,0.22774496362255026,0.21250544703205929,0.09566984042616739
5,220,-0.03999440269885346,-0.19379614241617393,-0.28368341728393864,0.21148364353918186,1330,-0.42176712551891204,-0.09482579432820236,-0.023126078435712218,0.3829183176116935,0.5763570930170204,0.09513569442307931
35,390,-0.041336056726668735,-0.17495006223591547,-0.29236169394098577,0.20979512021520041,1148,-0.4261029653760485,-0.0970095495350248,-0.02372264037848263,0.3789738219762342,0.5692852656276346,0.09449609569507353
25,270,-0.10025019921653344,-0.4140265375278438,-0.5709136639513062,0.2106276426881766,1275,-0.6733192970696116,-0.14888953822181783,-0.03274980554896862,0.205764803033765,0.16607129020912284,0.09421397506089864
15,270,-0.059197034122613235,-0.26651690360033087,-0.3764243953376891,0.2103929370772206,1280,-0.4988667718076978,-0.11866301278817663,-0.02966560080927504,0.32646211186117335,0.45060627926416086,0.09334159452357307
35,400,-0.02437224827791329,-0.1054418824641099,-0.21135054289202182,0.2099462233252124,1138,-0.35213426307011775,-0.06921294186320129,-0.015789944591208346,0.42884783345730415,0.6899294573321398,0.09321464622047093
15,180,-0.08315062831888875,-0.37621815202899933,-0.49248999458334686,0.2094471551775495,1370,-0.5985504986813114,-0.13891998837538513,-0.03338077827295352,0.25603795943297364,0.2880204520176617,0.09282043599778303
50,210,-0.03281820718433648,-0.16003220589653322,-0.24921501893751868,0.2119382989416808,1317,-0.3843878850331467,-0.08537783957864979,-0.02020328593416976,0.4040165078301571,0.637323259981557,0.09161457748664281
30,80,-0.061868664461635525,-0.3092749116807557,-0.3968653980808386,0.20628823993609913,1460,-0.5064981601236183,-0.12214983060656247,-0.030532299742511645,0.31860745336251833,0.43815935717068494,0.09157741020255736
30,230,-0.07674113857059017,-0.3397062864465288,-0.45601806560835584,0.21214321507533174,1310,-0.566242359203261,-0.13552701828695723,-0.03328705521843482,0.27488201595837586,0.34071556834787314,0.09020274066650115
45,150,-0.052281713251129514,-0.25508605565344533,-0.34563398851477656,0.20912790886605565,1382,-0.46326722325423786,-0.11285433250354876,-0.028061309126304453,0.34679332425263165,0.508669738894885,0.09015440530837665
50,20,-0.07329150071025081,-0.3656707076136412,-0.4524914744010062,0.2061729468687717,1507,-0.5507791565018472,-0.13306876239788318,-0.032924069770304334,0.28502403558632805,0.365936310809451,0.08973593166759433
40,30,-0.04740087237138202,-0.25203801489773026,-0.3268795984417524,0.2061947967774207,1507,-0.4395333199629581,-0.10784363828293325,-0.026566609568848026,0.36114311574014757,0.5473801324708957,0.08858614127683462
5,190,-0.0893591526982771,-0.39660245041510456,-0.520609043544855,0.21006003267566145,1360,-0.6156805975951615,-0.14513881556006883,-0.03434245616440457,0.23778474600430907,0.2600809739295898,0.0884250300241394
25,400,-0.06799358510515874,-0.2738101610989129,-0.41828922372837307,0.2103654125268588,1145,-0.5241506696733091,-0.12972145041336597,-0.03235470193880065,0.30060003696080045,0.40936781859035,0.08760968029545532
25,80,-0.05454640390896315,-0.27825364216722814,-0.3611418002736867,0.20641865287393793,1465,-0.4675301011250237,-0.11666928776929536,-0.02904431817339922,0.3401350783633866,0.5017169137266281,0.08757948073638216
30,400,-0.030555063515526282,-0.1309729750615639,-0.2406257271549686,0.21009833035420872,1140,-0.3662497255931857,-0.08342685708784808,-0.019364279887482422,0.4106702055338606,0.6669069016627507,0.08739707337487718
45,270,-0.09547479923616431,-0.39499705594421297,-0.5494930927937581,0.21014786309517017,1262,-0.6391255849403605,-0.1493834724908931,-0.034454412327287305,0.21980459569984548,0.22184180709811885,0.08731067486045618
30,210,-0.05530284304011546,-0.2593724253061723,-0.3560265036306732,0.21150909348656652,1330,-0.4698340627544898,-0.11770718094786961,-0.02931968361270415,0.33791112882836405,0.49795911374041896,0.08715005605772913
45,80,-0.06780508948671782,-0.3327314316102261,-0.42503963131363265,0.206580946852759,1452,-0.5222352784398683,-0.12983628698788702,-0.032394879698981555,0.3011542186863636,0.41249185375593433,0.08706039695367424
25,380,-0.062009870453643146,-0.25617263256850864,-0.39054678534841775,0.20998731401790913,1165,-0.4945291161485833,-0.12539174828891578,-0.03134418402571485,0.3181923042945565,0.4576810682569695,0.0854302925290987
15,120,-0.08418763111593741,-0.3928904412592916,-0.5025948844116486,0.2072994261330422,1430,-0.5852858106721399,-0.14384020521402469,-0.03491380518967891,0.25298914586247495,0.3096553802128346,0.08419578803988206
15,380,-0.08267977738297694,-0.3301304949835252,-0.49011716865820093,0.20950047039585346,1170,-0.5780925010824023,-0.1430217088583054,-0.03488321808671556,0.257422272693435,0.32138778857042427,0.08377925431427721
45,360,-0.08710496478523788,-0.3454760871312582,-0.5114232507709136,0.20942529426221645,1172,-0.5965336860107546,-0.1460185180282803,-0.03514391907206295,0.24441211356714282,0.2913099072449872,0.08369550732350381
30,220,-0.08642586383623163,-0.3771660686888373,-0.5024136445070008,0.21182916706146238,1320,-0.5930931350523835,-0.14572056010831802,-0.0351672773039906,0.2464086869562999,0.29692150345326035,0.08340962983343182
45,160,-0.06874928580286854,-0.32144520352571015,-0.4234617804866902,0.2095803916492011,1372,-0.5173912547379758,-0.13287678362032904,-0.033179006558982684,0.29837825843814825,0.4203925375031661,0.08274701965575396
50,100,-0.04762199515365517,-0.24141582502506886,-0.32543726425589703,0.20778811335042077,1427,-0.4263120034946676,-0.11170690659253474,-0.027320166989287086,0.36049300935542083,0.5689443209568478,0.08166181026174021
5,250,-0.027163698927048396,-0.13243826344202947,-0.2217543006443643,0.2126844836379818,1300,-0.3397205737985738,-0.07995894573978385,-0.017935631541059812,0.4206409003181824,0.7101763923404377,0.08139571252059635
5,110,-0.09446530517032325,-0.4327906283993348,-0.5525979211911285,0.2071403108495098,1440,-0.6162840187456438,-0.15328209445150567,-0.0362478472679228,0.22277253292820545,0.2590967839318223,0.07821173787019711
45,90,-0.083779411137202,-0.393883895481865,-0.5013982117448595,0.20698001848879943,1442,-0.5688166774913195,-0.1472871919063599,-0.03612428485195951,0.25418932257796634,0.3365168121257022,0.07697748216686574
45,190,-0.10150987268837952,-0.4344904733796733,-0.5759799230687952,0.21096199332952503,1342,-0.6417046078741051,-0.15818785067582772,-0.03637051963953261,0.20206133223668346,0.2176353775200776,0.07615231930965513
25,260,-0.10804930820039504,-0.4418155546411927,-0.6085057974699501,0.21043235534122992,1285,-0.6687122514195493,-0.16157817950998635,-0.03579541204938411,0.18283523198972468,0.17358545878678303,0.07590902475677236
10,70,-0.07390246220127583,-0.3629486455720047,-0.45413569167354373,0.20677181715278567,1480,-0.5244771441264289,-0.1409069261242414,-0.03514230988203933,0.2832277938691499,0.4088353332920965,0.07560885572077601
15,220,-0.08658427503869448,-0.3799638675142303,-0.504279777862598,0.21135940745126544,1330,-0.5776431310011092,-0.14989233038854957,-0.03656946330988182,0.24594295414905745,0.3221207186955138,0.07552385229568608
50,170,-0.030724699821474966,-0.15468425940913455,-0.24108830873282647,0.21039883720652738,1357,-0.3421928999194569,-0.08978766020191167,-0.020210925690409626,0.41017147064799764,0.7061439870502889,0.07527683333851165
25,250,-0.1135520955709578,-0.46173554451310694,-0.6303749319470234,0.21186136821535517,1295,-0.6902702796826256,-0.16450381671244357,-0.035170458802644536,0.16665690261714394,0.13842395380613956,0.07513264569015889
40,40,-0.05617837959405392,-0.29069311187055547,-0.36952064037905485,0.20615459941807315,1497,-0.44820611850147907,-0.1253405013342506,-0.030998886132500313,0.33533702995928455,0.5332346528710462,0.0747655251101853
15,130,-0.08072757300887756,-0.3776837243643997,-0.48473685678318645,0.20779846137000282,1420,-0.5500538547677093,-0.14676303476314925,-0.036323060289302773,0.2631618012704846,0.367119290079454,0.07407747386550301
50,330,-0.031592503554837226,-0.14142907429172702,-0.24637286154488955,0.20940822471811485,1197,-0.33783875463289803,-0.09351355675332819,-0.020919331498135612,0.40762010646042335,0.7132456709014974,0.0713603732518471
10,280,-0.08488556332360808,-0.36048861559816514,-0.497337494938161,0.21089414007815674,1270,-0.5573341901678943,-0.15230639860446513,-0.03757593663169946,0.25093720811255715,0.3552449411682038,0.06908256332832886
50,310,-0.038860249528755775,-0.17420944248877546,-0.2776521258981623,0.21199279255778017,1217,-0.36334477332855675,-0.1069514477193708,-0.024740580972238854,0.3862527556535763,0.6716449274355542,0.06888345072683713
40,110,-0.09141404707016776,-0.4189154650491198,-0.5363090082463686,0.20774226305553045,1427,-0.58404263779871,-0.156519475041604,-0.038024345887451544,0.23174330632372958,0.311683015980238,0.06871540963253929
30,350,-0.06250557171249649,-0.2627242491949251,-0.3935614782371749,0.20963833168340612,1190,-0.46142357358086383,-0.13546245855499725,-0.033664027444201404,0.31673493047723744,0.5116767623750393,0.06821142262155441
40,120,-0.08919030056626853,-0.40862765077554297,-0.5242309440676363,0.20828663741028763,1417,-0.5717042524133912,-0.15600776133772098,-0.038199826458504324,0.2382811753996207,0.33180712908950805,0.06725468405288207
45,120,-0.06390010989247907,-0.3092621615573966,-0.4023248238541981,0.20853823805533897,1412,-0.4602404043347771,-0.13884072169812883,-0.034490697478527815,0.3126349541417734,0.5136065312217793,0.06476250853270757
50,230,-0.09191611273088418,-0.39119013957667537,-0.5306217800373072,0.21091503768091752,1297,-0.5780625991878299,-0.15900719551831424,-0.038782845698427694,0.23026722100936972,0.32143655906103263,0.06475608698824901
10,390,-0.06894094425652353,-0.28022498663330964,-0.4232176048999904,0.21015416945507492,1160,-0.47852721693770095,-0.144069013874918,-0.035950826068392144,0.2978147778997474,0.4837804337433243,0.06333621440682591
15,260,-0.07580266801412794,-0.33204389664488587,-0.4522759582225992,0.21182348137765972,1290,-0.5061067363976262,-0.14977605031238522,-0.037438427095264924,0.2776411423331539,0.4387977758202507,0.06270946688713253
45,240,-0.11697412116387396,-0.47154666680753576,-0.6524816978496126,0.20992791309748654,1292,-0.6760855452029869,-0.17301674617041815,-0.03788960868215598,0.15659606373033508,0.1615594931963151,0.061149396652340024
45,130,-0.07205646509662034,-0.3403608809383303,-0.4409845290201529,0.2087521421696256,1402,-0.4867223496014609,-0.14804429086854504,-0.03698497310081763,0.2886550704780393,0.470414035181385,0.06093433878021198
5,260,-0.06918638676398059,-0.3072017005450214,-0.4186166717078966,0.21305025048360543,1290,-0.4745574558614196,-0.14579138081055545,-0.036353471081021764,0.2970931709285396,0.4902551805129397,0.06088866549609581
30,380,-0.07239050203711861,-0.29241884677869,-0.44001226405490956,0.209972561186588,1160,-0.48764055892845315,-0.14845053536192787,-0.037089957162626766,0.2876729937082008,0.46891642039814396,0.060696169476297385
50,180,-0.07958328778473789,-0.3580686968595118,-0.47258628455219986,0.21071980089117112,1347,-0.5166719702492408,-0.15403058878217676,-0.038464833686085026,0.26652602779890594,0.4215657025451876,0.06009850869567787
15,370,-0.09915479127925186,-0.386735768060293,-0.5680504728341389,0.20976092262499188,1180,-0.5983842072105449,-0.1657042249518522,-0.03982213010848969,0.20898532914412934,0.2882916761902179,0.05980222754382515
50,400,-0.07108213512389727,-0.2809030648390918,-0.4337338671342883,0.2099954419646399,1127,-0.47957472240668797,-0.14821910289011928,-0.036992939903779554,0.29151962441312607,0.4820719347880593,0.059442156652770445
5,200,-0.08602420539284206,-0.38237968002679157,-0.5035741460598849,0.21054338516464202,1350,-0.5418642215869974,-0.15875601666575562,-0.03941076630000971,0.2475895725974927,0.38047671889247997,0.05916968515050089
5,230,-0.05073680234686906,-0.23871181983718126,-0.33359581564385893,0.21204343408907275,1320,-0.3919051284840873,-0.1294619505060372,-0.030852789304247598,0.35133540007299197,0.6250625100736598,0.05841602702899645
45,250,-0.11162130166498063,-0.45234984128800493,-0.6264227218316796,0.21011578456176658,1282,-0.64650125390415,-0.17265442408798415,-0.03945799017615726,0.17233348389458403,0.20981196754873632,0.05768984846158792
50,60,-0.09677073407737558,-0.4470559112774083,-0.5666954826990422,0.2060555230142704,1467,-0.5802945614258221,-0.16676140103674844,-0.04061520338709006,0.2159945155905036,0.3177961912875944,0.05585730352707419
30,200,-0.09898286876977802,-0.4254937190099506,-0.5641255515883007,0.21091558153106282,1340,-0.5891388068972034,-0.16801281397687517,-0.04066821955948854,0.2094907855242373,0.30337107887021086,0.05563222620590284
10,200,-0.05735179817539893,-0.27123522051484494,-0.36720373612363366,0.21065090184527804,1350,-0.4121688961860326,-0.1391463516682083,-0.03371317082716063,0.3318871506485808,0.5920119657342733,0.05471741573372457
30,190,-0.11422307811189059,-0.4778334150778387,-0.6375529619207161,0.2105285146939402,1350,-0.6504214936604346,-0.1756139353099592,-0.039929933035862224,0.16468419754615887,0.2034179908810276,0.05425354101800292
25,370,-0.08720945743093633,-0.3465346881594835,-0.5114640443203158,0.2096128918962562,1175,-0.533164684109948,-0.163569456173793,-0.0407124546083712,0.24410490263470422,0.3946658101486818,0.0524736887996884
10,400,-0.07221742126597719,-0.28970124557037846,-0.43793737387022086,0.21057216572090298,1150,-0.4676494020674933,-0.15442641634246,-0.03844498739208668,0.2881818554059225,0.5015223318923504,0.05127059921644064
30,330,-0.06005762572668738,-0.25724907415759946,-0.3772120230444099,0.21223508487496445,1210,-0.41540115675883016,-0.1445774157089194,-0.035109618527632565,0.3239319515099902,0.5867400946316726,0.050730337667491354
50,120,-0.0931685923781691,-0.4207626084893933,-0.5423837118899826,0.20865042569922213,1407,-0.5540038738800934,-0.16817317851162566,-0.04155283127670807,0.22658490023233469,0.3606767427834374,0.05040640732760304
30,390,-0.05321646354903231,-0.22085148708705016,-0.3489605391691217,0.20981301703442287,1150,-0.3855756626909712,-0.13801821198368505,-0.03269749035004427,0.3440451355289516,0.6353859747381275,0.05021580244882787
40,280,-0.047013909633337514,-0.21353069284882864,-0.3184341298632426,0.21044826338846867,1257,-0.3585336724927761,-0.1311282962809714,-0.03015783995425351,0.36228079564842275,0.6794919134370253,0.04974898292278834
50,30,-0.09959950518371363,-0.463800370944945,-0.5802967923870507,0.20610057948406213,1497,-0.5790157173313484,-0.17201520131916673,-0.04192982624391833,0.20767785939499145,0.31988200741366013,0.04940989935239597
30,300,-0.10795455797995535,-0.4300031785369468,-0.6059950178438427,0.21114787120729697,1240,-0.613419720090216,-0.17598807870747685,-0.04173310324142815,0.1831137999537711,0.2637685029874733,0.0490491090713978
45,140,-0.1099275410031404,-0.4744242252991381,-0.6221266626646754,0.20884419331368695,1392,-0.6213768606907719,-0.17690961469169644,-0.04162111067115291,0.1773131816405228,0.2507902734646308,0.048882145108976705
50,320,-0.05723911584561059,-0.24596487827196312,-0.3667621722986522,0.21059727987082388,1207,-0.3964945906532241,-0.14436291741410456,-0.03454411603905275,0.3322184394524219,0.6175770204477384,0.04727980148237379
15,360,-0.11763340316835436,-0.446212972246117,-0.656409714649138,0.2096760606931628,1190,-0.647220122492284,-0.1817517705033294,-0.04149869756054782,0.15465775852251304,0.20863948084755718,0.04566858671149196
50,190,-0.0663390211786894,-0.3052361885894487,-0.4086627589787245,0.2112720557029869,1337,-0.43121374328378625,-0.15384254841578876,-0.037732723530444365,0.30546449534667375,0.5609495013051771,0.0455402963511185
45,340,-0.10111331900789833,-0.39602766874954975,-0.5785224473423431,0.20934938577453158,1192,-0.5765103303662924,-0.17538856405860903,-0.04282044606222255,0.2032272097501513,0.32396833549409676,0.045068546176876875
5,90,-0.09263719050183683,-0.430625896691865,-0.5450954180376364,0.20663756614820736,1460,-0.5386691824615479,-0.1719741791771234,-0.04273639082867771,0.22814723473766224,0.3856878811913651,0.04399669995895403
50,200,-0.08722449863880877,-0.38158256277846403,-0.5067401427058712,0.2115966145217065,1327,-0.5142072828540971,-0.16962906117290086,-0.042373026195436016,0.24406068111591114,0.4255856489457824,0.04316678209740307
30,310,-0.09451250500972741,-0.3840501898277153,-0.5408825140855401,0.21171419305971012,1230,-0.5448331389268812,-0.17347055136161857,-0.04301896023743504,0.22263376424666448,0.37563436501115394,0.04315332546931895
25,360,-0.13160879663393255,-0.48498896208563835,-0.7226071634720242,0.2098080455021701,1185,-0.6965092832739512,-0.1889548349094554,-0.039942048017884986,0.1135697601369941,0.12824803450713843,0.04102442174375434
10,140,-0.091185798143543,-0.41432278879503004,-0.5334644239193413,0.2084221424301652,1410,-0.5245031281357966,-0.17385177180475178,-0.04335856177569538,0.23241436374703245,0.4087929529378428,0.04005216874156989
50,280,-0.07368177302793977,-0.3152756074885268,-0.44408180839491523,0.21095611497021735,1247,-0.4437472078070328,-0.16604447697162955,-0.040985691980519955,0.28387662543300307,0.5405072108563025,0.03656147454621139
5,130,-0.07292949771087809,-0.34734596307419197,-0.446990867678473,0.20790021548655804,1420,-0.4389658026053084,-0.1661393604650609,-0.04091594221462049,0.2860883332528241,0.5483057627815201,0.03577010444252085
40,100,-0.07764216079698605,-0.36927034073296783,-0.47134030589830117,0.20715852129576592,1437,-0.4585865774729525,-0.16930753016111857,-0.04203650800949157,0.27223298858933226,0.5163039505186435,0.03567190685693952
30,320,-0.0838644887157608,-0.34560988846081764,-0.49022948104839614,0.21186911993468455,1220,-0.4847000855371012,-0.173023465887838,-0.04321536386170628,0.2539391924174755,0.47371238172325997,0.03564372017525483
50,240,-0.06309665533990527,-0.2831286143941175,-0.3954323678910867,0.2101412582461951,1287,-0.3971167828731642,-0.15888690194203609,-0.03803991456126523,0.3149971301649602,0.6165622145214557,0.035529326759035446
50,140,-0.12503177833764179,-0.5205676328070146,-0.6946097971101406,0.20879604483126066,1387,-0.6557936275798338,-0.19065720232607916,-0.04303673485884199,0.1329063546883478,0.19465595052842408,0.03463766312331624
45,180,-0.12304064500652412,-0.5055979009811211,-0.6799585165692997,0.21036672314691973,1352,-0.6440981552837327,-0.19102778667689754,-0.04379039253290132,0.138760335350561,0.21373146162675008,0.03301279625736768
45,170,-0.10193656741756374,-0.4407119716949761,-0.5801571362084539,0.21017851855527503,1362,-0.5522516376605379,-0.18458354935693802,-0.045641931123720336,0.20080683930329932,0.36353466939014345,0.03150438669526649
45,200,-0.10746119123101194,-0.45168641743690185,-0.603051452792448,0.21136039162296855,1332,-0.5736588662085357,-0.1873259485053401,-0.045815126108010994,0.18456431025489317,0.3286191212691954,0.030609280797666602
45,210,-0.11566276033481027,-0.4752458518461282,-0.6412945923836777,0.21154514936817853,1322,-0.6048744762821061,-0.19121778959121852,-0.04570130875194915,0.1604514966210163,0.27770593868674304,0.029004266028688483
50,220,-0.11848412924692231,-0.48008102926485197,-0.6548004744100768,0.2114905756164662,1307,-0.616509795892821,-0.19218531487457588,-0.04543750290836362,0.15215660305745846,0.2587285376252441,0.028891060852647685
10,190,-0.07209101625337488,-0.3322218469991485,-0.4383533912457732,0.21008395986548187,1360,-0.4170806915792039,-0.17284668820418111,-0.04202324533776966,0.28855348923265645,0.5840007452240609,0.02678721889564123
5,140,-0.11849704645938275,-0.5062422093458282,-0.6648125533317226,0.2083249568097079,1410,-0.6099015645337296,-0.19428880552220565,-0.04622551243117917,0.15211862613709287,0.2695066735943812,0.025631036217650657
45,300,-0.12063828452828962,-0.46661429181155045,-0.6656718438093661,0.21127269515182523,1232,-0.6110103602367396,-0.19744065302190228,-0.04692704284031709,0.14582333387681037,0.26769820924141996,0.021766870941341276
50,290,-0.0762050454105434,-0.32232753377950996,-0.45488866898958574,0.21149140870938232,1237,-0.4235327187763128,-0.1799271745302653,-0.04392971534334358,0.2764581429524918,0.5734773808579907,0.021477485809347052
50,260,-0.06830359215761417,-0.2993217815812441,-0.41998052036063954,0.21025639970584206,1267,-0.3868855110954077,-0.176547299391551,-0.04187792199606333,0.29968860864916397,0.6332495900634973,0.019807149035365568
50,300,-0.07461798726362523,-0.31448714051016136,-0.4470916646032263,0.21162995142750968,1227,-0.41262649366130055,-0.18083663654635443,-0.043828628814971966,0.28112413269645936,0.5912656165918834,0.019407207909956536
10,330,-0.11455835208875464,-0.4451353733207689,-0.6339544810346579,0.21225238737826418,1220,-0.5796344248300864,-0.1976389723959825,-0.048156387566306816,0.16369848385916844,0.3188728851259925,0.018927073163620148
30,240,-0.1159899108754201,-0.4705959561856269,-0.6422772898956992,0.21173084120334348,1300,-0.585427012261067,-0.19812873073184267,-0.04808628389919547,0.15948966603517223,0.3094250780575658,0.018815242807350807
10,210,-0.09499559383330414,-0.41184501314147137,-0.544791304908915,0.21108191852021305,1340,-0.49663764428692714,-0.19127747347807053,-0.04781720589429423,0.22121347129734095,0.4542420235663572,0.018576822838231505
45,280,-0.1291086722329956,-0.49681726026824513,-0.707616103446835,0.2107197271326634,1252,-0.6392838982536257,-0.20195827328936383,-0.04657157694953653,0.12092018698560546,0.22158359543400247,0.01816905225972308
15,200,-0.12868791122387868,-0.5219182381495684,-0.7064092020340961,0.21048410863807235,1350,-0.6370239412715764,-0.20201424606899726,-0.046710630822036754,0.12215723463695544,0.22526962310363272,0.017929177314778985
50,130,-0.1412411755998364,-0.5700627281443545,-0.7722378083410741,0.2087973081067031,1397,-0.6846111915700512,-0.2063085987185242,-0.04454588607367756,0.08525033053563297,0.1476540212514537,0.015379024999506968
50,250,-0.09329801761137901,-0.39122981779808497,-0.5396133398144989,0.2099614839957943,1277,-0.4761444735004581,-0.19594476635522529,-0.04887468213717249,0.22620438688319197,0.48766672817683276,0.012043052365184548
15,230,-0.10926146307935325,-0.45450976301120616,-0.6104824311289389,0.21173658157584582,1320,-0.5427851708835296,-0.20129780425191182,-0.049955961170842035,0.17927146701721747,0.3789746351730519,0.011797636360136643
50,340,-0.0950252260303448,-0.37519567964973577,-0.5500560945144292,0.20911544691071038,1187,-0.4787803925405544,-0.1984735120962495,-0.04952901101028141,0.2211263519137497,0.4833675000968853,0.009778196310559206
10,250,-0.11750225260230973,-0.4752515800811692,-0.6467112065286843,0.21261770511195083,1300,-0.5723268890759191,-0.20530618925144206,-0.05025255391101698,0.15504334439236164,0.3307915982699245,0.009292861593675802
10,80,-0.12461563620786953,-0.539927531182391,-0.7016191532529924,0.20611700170580077,1470,-0.6011803802950927,-0.20728493525803562,-0.0496991606417076,0.13412982272152646,0.2837310710811011,0.00877155458073818
15,350,-0.12918400402134866,-0.48247035919685466,-0.7027358646471578,0.21229029501184438,1200,-0.6198348689734998,-0.20841680661704068,-0.04911125381530394,0.12069870968653316,0.25330528776859834,0.008497510449993723
15,250,-0.102437318273918,-0.42737025481938296,-0.5766204143594482,0.21233607972400745,1300,-0.5069591112524792,-0.2020622886544818,-0.050505786442685184,0.19933461954590162,0.4374075381631444,0.008311972233187803
45,320,-0.11385389041282645,-0.4408534371727395,-0.6316752472225503,0.2119030166234571,1212,-0.5524845899402151,-0.20607613766231325,-0.05095137045499784,0.16576961840536134,0.36315472032234525,0.0070923167870493575
30,250,-0.11466866799129305,-0.4639167390699578,-0.6379146199108929,0.2111076683116374,1290,-0.555820701325725,-0.20630514070056974,-0.05093344852828583,0.1633741524092841,0.3577134668057377,0.007047866644777551
10,270,-0.1322974287681895,-0.513633983409142,-0.7197025342099893,0.21161163331926425,1280,-0.6294634750551471,-0.21017490928540208,-0.04902102951490415,0.11154516483023177,0.23760087006559533,0.006801354361483644
15,210,-0.14278278510750264,-0.5592285753920465,-0.7726454567500326,0.21068238179023727,1340,-0.6715107929032671,-0.21262917382188803,-0.04690260386702674,0.08071796090195477,0.16902099077897273,0.005796275397676513
50,370,-0.12616704804959566,-0.46162850047337334,-0.6978700025347911,0.20944738635947996,1157,-0.5989018258144972,-0.2106639896747859,-0.050605372615067416,0.1295686339861164,0.28744743158218394,0.0044638143156262855
10,100,-0.12005962338923237,-0.520944598823573,-0.6777453265326702,0.20665524040685643,1450,-0.5731312791252,-0.20948014488493039,-0.051249697864871845,0.14752461176969459,0.32947962463397684,0.004423340848593152
10,180,-0.09734088976195521,-0.42693402843145867,-0.5599333442660287,0.2095622469416746,1370,-0.47198911629743234,-0.2062354541680027,-0.05139704922360419,0.21431824394168006,0.4944441853360661,0.0016895151583561918
10,110,-0.11374457080617306,-0.49842414625293197,-0.6463843275662404,0.20691184037482271,1440,-0.539382750521016,-0.21087914045508807,-0.052392711347906976,0.16609102072099155,0.3845240397411714,0.0009065025823426776
10,90,-0.13527630859462403,-0.5691863512527,-0.752718256636438,0.20628742192129704,1460,-0.6293547719363897,-0.21494443933174262,-0.05013951825065775,0.10278718532856966,0.23777816667198987,0.0006175797284018042
10,170,-0.09460034869782019,-0.41970425342688444,-0.5467412155151531,0.20960620023833562,1380,-0.44997994518274886,-0.21023236637668477,-0.05203208897650614,0.22237550165653247,0.5303415118598577,-0.003439602398384589
15,190,-0.14544946277240955,-0.5718454497734423,-0.7886570500879249,0.2097863231603193,1360,-0.6628124504698106,-0.21944286452270617,-0.04904374793271128,0.07287786338625583,0.1832081328990693,-0.0039479354993417
10,160,-0.11722246854272189,-0.49728425621844263,-0.6556181466764546,0.20930242586839307,1390,-0.5363690411371509,-0.218548162836169,-0.054347965490732314,0.15586591636623512,0.38943945019605425,-0.0077256936024516915
50,390,-0.12217766215937265,-0.4445357716757813,-0.6772925431961978,0.20992060755375344,1137,-0.5571696193646745,-0.2192827065816843,-0.0541039806391692,0.14129752601483997,0.35551335890318725,-0.007745739460568196
45,310,-0.13172208328300694,-0.49586871659209975,-0.7166053085315627,0.21172335939557776,1222,-0.5940845992619732,-0.22172277053915265,-0.0534680222218695,0.1132366946196808,0.2953044087302087,-0.009325636385286051
10,130,-0.13518680061891386,-0.5588744425341653,-0.7471126048703146,0.2077154094406579,1420,-0.6058118929838493,-0.22314979647076338,-0.05328902902953944,0.1030503409649765,0.27617699635374987,-0.010717860230641404
50,270,-0.09625673003381785,-0.3964008022723343,-0.552561100647561,0.2103961532897873,1257,-0.43993438333059665,-0.21879792460205136,-0.053910084864970474,0.2175057000422235,0.5467259914044359,-0.011763807391774322
50,380,-0.13940128914489613,-0.4950601415669089,-0.760192387486295,0.2096854582719297,1147,-0.6141773097305492,-0.22697238555760718,-0.053784180404913416,0.0906596416849986,0.2625328616019628,-0.015298109301089838
10,120,-0.14311882747860594,-0.5837530856718411,-0.7867139919662285,0.20734196816675937,1430,-0.6271976984205593,-0.22818774341649364,-0.0533550282833752,0.07972998811711934,0.2412963896859373,-0.016577925223797647
45,330,-0.14009535606274437,-0.5132137427822748,-0.7652192804051441,0.2092150056360082,1202,-0.6097867132074678,-0.22974484853211244,-0.05466706935361358,0.088619067981637,0.2696939980301369,-0.018874851821895168
45,290,-0.16181152671361065,-0.5810289504350423,-0.8616245261793152,0.21101015719667818,1242,-0.6962445835163258,-0.23240615517092414,-0.04915112768875198,0.02477299546567207,0.12867976424292613,-0.021262832446907385
5,210,-0.12663331029398606,-0.5132394413436562,-0.6945317722383633,0.21112541737494697,1340,-0.538240052560027,-0.23527292272598632,-0.058474190705500785,0.1281978115908882,0.38638779924442346,-0.02617787165970531
10,230,-0.10901989929368361,-0.45373442417672405,-0.6086719800732547,0.21196950659393887,1320,-0.45773072657116354,-0.23817474546737524,-0.059118141579270735,0.17998167045156374,0.5176998576664917,-0.029322787983852905
50,350,-0.15069734394585244,-0.5336878272928434,-0.8161620692868361,0.20914638203538186,1177,-0.6298337821747158,-0.23926526047160968,-0.05578306584475219,0.057448964463809975,0.23699689295460036,-0.03088479276171313
15,240,-0.14860927713963168,-0.5667074147612952,-0.7959106008067948,0.2118444922943816,1310,-0.6107786503869646,-0.24331118490385817,-0.05784190341330506,0.06358793191214468,0.2680761318852493,-0.03591128722707352
10,150,-0.16261571594269064,-0.626917844827902,-0.8746160511887384,0.20879529445462114,1400,-0.6682525370125377,-0.24334470418873944,-0.053947351205877445,0.022408659475599592,0.17433526068028435,-0.03661451657116559
10,240,-0.1329335606054366,-0.5236011671449546,-0.7204549756033273,0.21227358514300793,1310,-0.5410503249342443,-0.24569537153792942,-0.06100981444519907,0.10967492167992887,0.38180419795783227,-0.037768814211399465
50,360,-0.1644718949721753,-0.5648836536901185,-0.8804907270523757,0.2095103211248266,1167,-0.665479018926399,-0.24714812983512802,-0.05501929966512634,0.01695144775883852,0.17885891510774887,-0.041791661101137696
10,260,-0.170237645594003,-0.6153016964926141,-0.8968458891379245,0.2121185455584406,1290,-0.6759087344989709,-0.25186484048056373,-0.05517253399647612,0.0,0.1618478744143942,-0.048554362324318256
10,220,-0.15902667601548648,-0.59911733918853,-0.8473081189955812,0.21128875317246915,1330,-0.6100493275554689,-0.2606783891603043,-0.062012559248857534,0.03296052458750087,0.26926566963235643,-0.05770733367845632
