candle_end_time,open,high,low,close,amount,info,pre_close
2020-01-02,1005.62,1019.91,1005.62,1019.72,2193852.76,{},1019.72
2020-01-03,1021.67,1029.07,1018.68,1024.48,2160583.48,{},1019.72
2020-01-06,1020.00,1040.14,1020.00,1027.28,2663011.81,{},1024.48
2020-01-07,1025.66,1043.08,1019.86,1043.08,2675921.67,{},1027.28
2020-01-08,1035.84,1059.44,1034.51,1051.16,3207626.50,{},1043.08
2020-01-09,1060.58,1081.40,1060.58,1078.31,2843420.95,{},1051.16
2020-01-10,1082.31,1088.54,1076.44,1076.44,2515474.87,{},1078.31
2020-01-13,1076.76,1105.85,1069.78,1105.85,2466259.19,{},1076.44
2020-01-14,1107.78,1133.90,1107.78,1118.31,3262463.82,{},1105.85
2020-01-15,1113.25,1120.35,1105.58,1114.77,2420464.21,{},1118.31
2020-01-16,1116.51,1161.48,1116.51,1154.30,3085287.99,{},1114.77
2020-01-17,1159.37,1252.56,1159.37,1238.66,5873596.71,{},1154.30
2020-01-20,1239.44,1270.36,1208.69,1240.51,5202591.97,{},1238.66
2020-01-21,1233.65,1247.84,1194.80,1195.01,4206788.73,{},1240.51
2020-01-22,1178.78,1247.61,1157.29,1244.52,4794740.04,{},1195.01
2020-01-23,1219.23,1262.44,1177.09,1202.10,4425934.37,{},1244.52
2020-02-03,1018.28,1082.79,1015.60,1030.55,5466543.16,{},1202.10
2020-02-04,1049.96,1153.23,1049.96,1153.23,5286206.05,{},1030.55
2020-02-05,1166.97,1240.37,1166.97,1203.61,5860213.39,{},1153.23
2020-02-06,1191.73,1251.84,1191.73,1238.76,5589981.66,{},1203.61
2020-02-07,1240.04,1307.76,1234.23,1307.76,5664784.58,{},1238.76
2020-02-10,1310.53,1336.53,1293.43,1322.25,5932906.94,{},1307.76
2020-02-11,1318.42,1318.42,1266.21,1283.57,5037530.86,{},1322.25
2020-02-12,1274.80,1360.55,1274.80,1348.70,4763905.79,{},1283.57
2020-02-13,1360.13,1409.68,1353.04,1360.71,6144055.01,{},1348.70
2020-02-14,1359.37,1382.96,1305.97,1327.22,5310166.42,{},1360.71
2020-02-17,1332.97,1381.55,1332.97,1381.55,4969888.92,{},1327.22
2020-02-18,1381.58,1404.71,1372.53,1399.38,4905608.71,{},1381.55
2020-02-19,1398.78,1412.17,1373.44,1373.44,4783190.39,{},1399.38
2020-02-20,1377.76,1390.02,1321.73,1348.34,4222266.19,{},1373.44
2020-02-21,1337.56,1373.67,1337.56,1346.86,4475454.98,{},1348.34
2020-02-24,1341.99,1359.23,1328.75,1351.71,4199988.20,{},1346.86
2020-02-25,1312.48,1371.58,1312.48,1367.37,4611598.76,{},1351.71
2020-02-26,1348.08,1361.01,1286.35,1288.24,5015814.02,{},1367.37
2020-02-27,1293.19,1293.19,1251.45,1264.94,5032823.38,{},1288.24
2020-02-28,1206.86,1231.09,1187.10,1191.05,5132083.97,{},1264.94
2020-03-02,1202.96,1259.08,1194.94,1252.62,4979736.01,{},1191.05
2020-03-03,1278.27,1332.84,1272.06,1285.03,5122939.27,{},1252.62
2020-03-04,1268.83,1277.69,1226.80,1255.72,3819524.08,{},1285.03
2020-03-05,1277.71,1277.71,1246.71,1264.79,4312615.62,{},1255.72
2020-03-06,1246.10,1255.07,1237.62,1243.37,3261213.40,{},1264.79
2020-03-09,1216.04,1223.25,1171.86,1171.86,3872702.67,{},1243.37
2020-03-10,1148.40,1216.33,1135.21,1216.33,4064920.40,{},1171.86
2020-03-11,1218.52,1233.43,1184.71,1184.71,4248509.27,{},1216.33
2020-03-12,1161.92,1177.36,1151.79,1167.06,2805383.69,{},1184.71
2020-03-13,1103.96,1187.70,1103.96,1175.28,3383309.86,{},1167.06
2020-03-16,1188.08,1200.46,1115.08,1115.08,3181187.08,{},1175.28
2020-03-17,1132.95,1141.39,1079.84,1131.55,2972677.85,{},1115.08
2020-03-18,1145.30,1173.23,1115.02,1115.02,2999560.33,{},1131.55
2020-03-19,1116.26,1133.69,1091.24,1128.97,2785031.83,{},1115.02
2020-03-20,1140.09,1148.09,1114.29,1127.37,2355961.03,{},1128.97
2020-03-23,1092.50,1096.40,1037.53,1039.88,2830474.41,{},1127.37
2020-03-24,1067.01,1071.34,1020.25,1060.84,2368341.77,{},1039.88
2020-03-25,1097.31,1110.10,1094.16,1101.32,2496325.76,{},1060.84
2020-03-26,1093.33,1111.48,1091.00,1095.34,2113778.99,{},1101.32
2020-03-27,1109.54,1110.54,1082.93,1084.51,2292012.53,{},1095.34
2020-03-30,1062.90,1062.90,1021.50,1035.83,2260875.62,{},1084.51
2020-03-31,1048.74,1055.27,1027.22,1029.75,1703671.65,{},1035.83
2020-04-01,1026.58,1060.71,1026.58,1037.93,1750560.79,{},1029.75
2020-04-02,1033.56,1094.83,1033.56,1094.83,2093097.45,{},1037.93
2020-04-03,1089.24,1095.31,1074.19,1080.53,1814409.81,{},1094.83
2020-04-07,1109.61,1117.79,1108.78,1111.65,1986226.64,{},1080.53
2020-04-08,1104.96,1117.81,1100.31,1104.14,1707432.71,{},1111.65
2020-04-09,1107.47,1110.06,1094.92,1101.28,2031734.92,{},1104.14
2020-04-10,1100.37,1100.37,1054.35,1058.44,2271444.59,{},1101.28
2020-04-13,1048.21,1052.01,1038.82,1042.15,1519103.20,{},1058.44
2020-04-14,1049.21,1073.22,1049.21,1073.22,1430019.69,{},1042.15
2020-04-15,1076.94,1101.67,1076.94,1088.20,1662278.63,{},1073.22
2020-04-16,1080.87,1097.20,1080.87,1091.93,1784416.97,{},1088.20
2020-04-17,1102.66,1129.12,1102.66,1117.07,2585719.47,{},1091.93
2020-04-20,1119.26,1133.36,1115.72,1133.36,5014214.02,{},1117.07
2020-04-21,1127.66,1127.66,1108.48,1119.23,3842314.48,{},1133.36
2020-04-22,1108.68,1135.85,1108.68,1135.85,3821580.47,{},1119.23
2020-04-23,1140.80,1157.87,1140.55,1149.72,4052550.44,{},1135.85
2020-04-24,1148.59,1155.54,1139.31,1144.15,3590074.86,{},1149.72
2020-04-27,1140.19,1145.75,1136.23,1138.10,3145268.71,{},1144.15
2020-04-28,1130.61,1130.61,1037.26,1113.51,4609236.37,{},1138.10
2020-04-29,1105.60,1125.19,1102.57,1102.70,3100417.90,{},1113.51
2020-04-30,1107.43,1171.80,1107.43,1166.35,4087211.42,{},1102.70
2020-05-06,1155.12,1252.75,1155.12,1247.51,5630939.90,{},1166.35
2020-05-07,1249.64,1249.64,1218.24,1224.10,5422596.35,{},1247.51
2020-05-08,1230.91,1272.62,1230.91,1240.25,4659406.89,{},1224.10
2020-05-11,1244.30,1268.08,1215.97,1226.06,4125489.70,{},1240.25
2020-05-12,1222.39,1233.64,1203.15,1233.59,3822613.93,{},1226.06
2020-05-13,1227.72,1252.58,1227.72,1247.03,4068998.77,{},1233.59
2020-05-14,1241.84,1258.25,1238.23,1242.17,4678296.37,{},1247.03
2020-05-15,1244.74,1280.05,1244.74,1270.48,4315539.86,{},1242.17
2020-05-18,1279.29,1279.29,1253.33,1254.30,5082221.06,{},1270.48
2020-05-19,1260.22,1324.42,1260.22,1324.42,4807584.34,{},1254.30
2020-05-20,1317.40,1348.58,1297.67,1307.00,5623680.83,{},1324.42
2020-05-21,1305.91,1309.50,1251.52,1251.93,4949058.34,{},1307.00
2020-05-22,1247.60,1258.31,1208.82,1230.66,4240916.63,{},1251.93
2020-05-25,1223.87,1227.56,1205.73,1212.09,3390681.53,{},1230.66
2020-05-26,1217.62,1272.92,1217.62,1272.66,4465922.14,{},1212.09
2020-05-27,1271.46,1281.21,1251.08,1253.27,4571550.47,{},1272.66
2020-05-28,1251.06,1256.22,1206.62,1232.22,4239302.27,{},1253.27
2020-05-29,1227.20,1267.43,1227.20,1246.11,4498588.34,{},1232.22
2020-06-01,1257.97,1309.96,1257.97,1300.74,5072010.78,{},1246.11
2020-06-02,1305.80,1312.52,1294.22,1305.64,4847517.85,{},1300.74
2020-06-03,1305.73,1314.14,1293.60,1294.28,4800510.23,{},1305.64
2020-06-04,1295.16,1306.07,1291.21,1299.80,5499727.85,{},1294.28
2020-06-05,1300.25,1307.89,1292.05,1297.31,4740083.33,{},1299.80
2020-06-08,1306.50,1311.68,1277.29,1280.05,4728842.52,{},1297.31
2020-06-09,1277.45,1278.85,1269.11,1278.51,4279470.81,{},1280.05
2020-06-10,1278.07,1278.07,1265.11,1269.98,5710625.26,{},1278.51
2020-06-11,1270.72,1294.34,1265.38,1273.59,5348532.49,{},1269.98
2020-06-12,1246.80,1268.46,1246.80,1262.29,4809826.23,{},1273.59
2020-06-15,1262.48,1271.91,1249.58,1249.91,4679291.83,{},1262.29
2020-06-16,1259.09,1289.13,1259.09,1289.13,5315518.00,{},1249.91
2020-06-17,1291.04,1299.78,1280.52,1291.12,5459737.30,{},1289.13
2020-06-18,1289.77,1304.49,1286.47,1302.37,4995969.24,{},1291.12
2020-06-19,1301.02,1329.20,1301.02,1325.15,4724995.14,{},1302.37
2020-06-22,1347.94,1380.37,1347.94,1371.21,7112389.80,{},1325.15
2020-06-23,1365.33,1407.19,1365.33,1407.19,5800882.24,{},1371.21
2020-06-24,1408.55,1432.99,1406.87,1424.28,6376433.04,{},1407.19
2020-06-29,1415.91,1415.91,1393.71,1401.64,5241554.58,{},1424.28
2020-06-30,1410.58,1454.31,1410.58,1447.89,5533660.39,{},1401.64
2020-07-01,1453.25,1459.77,1417.60,1439.88,6278613.52,{},1447.89
2020-07-02,1439.01,1452.75,1424.15,1437.05,5994840.48,{},1439.88
2020-07-03,1435.08,1441.09,1408.08,1438.59,6024870.37,{},1437.05
2020-07-06,1445.61,1547.14,1444.69,1538.40,9449414.67,{},1438.59
2020-07-07,1550.30,1617.60,1550.30,1572.19,10320028.01,{},1538.40
2020-07-08,1572.78,1608.19,1555.31,1599.91,7913151.86,{},1572.19
2020-07-09,1596.98,1681.91,1594.26,1666.85,9680794.36,{},1599.91
2020-07-10,1653.50,1682.62,1633.18,1654.83,7818090.11,{},1666.85
2020-07-13,1647.18,1721.98,1640.98,1721.98,8097677.94,{},1654.83
2020-07-14,1714.87,1726.19,1647.64,1701.58,9448435.48,{},1721.98
2020-07-15,1702.58,1707.63,1611.91,1612.03,10008757.26,{},1701.58
2020-07-16,1606.44,1612.33,1460.64,1469.80,13819920.26,{},1612.03
2020-07-17,1475.46,1495.91,1425.64,1443.40,8965055.76,{},1469.80
2020-07-20,1459.78,1463.71,1388.28,1459.03,9053350.01,{},1443.40
2020-07-21,1456.49,1499.85,1454.59,1490.17,7598157.00,{},1459.03
2020-07-22,1474.02,1519.12,1468.11,1497.23,9910810.97,{},1490.17
2020-07-23,1487.20,1512.47,1459.73,1494.14,8947755.00,{},1497.23
2020-07-24,1467.10,1474.46,1389.31,1389.31,10254387.00,{},1494.14
2020-07-27,1396.49,1403.11,1361.98,1374.52,6206763.00,{},1389.31
2020-07-28,1385.79,1404.90,1383.28,1400.54,5444707.00,{},1374.52
2020-07-29,1400.92,1476.92,1395.97,1476.92,7326990.00,{},1400.54
2020-07-30,1484.43,1496.27,1467.80,1472.79,7402878.00,{},1476.92
2020-07-31,1469.10,1513.76,1467.78,1512.98,8554323.00,{},1472.79
2020-08-03,1533.23,1622.81,1533.23,1622.81,9665389.00,{},1512.98
2020-08-04,1620.79,1628.14,1555.90,1566.06,7827533.00,{},1622.81
2020-08-05,1592.39,1597.47,1556.68,1588.62,7167247.00,{},1566.06
2020-08-06,1582.47,1589.75,1552.54,1573.87,6986209.00,{},1588.62
2020-08-07,1561.86,1568.56,1492.25,1526.80,7357510.00,{},1573.87
2020-08-10,1520.10,1555.68,1507.27,1535.60,6018437.00,{},1526.80
2020-08-11,1531.60,1539.84,1490.84,1491.84,5771384.00,{},1535.60
2020-08-12,1485.56,1488.88,1422.73,1458.64,6336105.00,{},1491.84
2020-08-13,1465.60,1482.63,1453.38,1468.23,4944971.00,{},1458.64
2020-08-14,1466.80,1486.40,1453.74,1484.04,4313049.00,{},1468.23
2020-08-17,1486.81,1501.25,1471.92,1496.40,7506811.00,{},1484.04
2020-08-18,1496.42,1512.76,1492.96,1512.51,7946743.00,{},1496.40
2020-08-19,1516.98,1517.89,1470.34,1472.02,8016528.00,{},1512.51
2020-08-20,1460.03,1473.05,1438.46,1442.58,6154748.00,{},1472.02
2020-08-21,1447.80,1467.98,1443.52,1447.71,5215102.00,{},1442.58
2020-08-24,1453.49,1457.58,1421.89,1450.67,5606668.00,{},1447.71
2020-08-25,1449.54,1462.90,1424.42,1427.70,5269909.00,{},1450.67
2020-08-26,1422.00,1430.79,1377.21,1383.31,6544953.00,{},1427.70
2020-08-27,1389.94,1429.96,1380.13,1417.56,6056520.00,{},1383.31
2020-08-28,1415.65,1416.82,1393.85,1413.64,5652897.00,{},1417.56
2020-08-31,1417.66,1441.46,1417.66,1423.24,5475692.00,{},1413.64
2020-09-01,1424.43,1435.65,1419.60,1426.65,4431871.00,{},1423.24
2020-09-02,1430.87,1434.92,1411.84,1422.95,4919830.00,{},1426.65
2020-09-03,1422.42,1423.89,1396.11,1402.14,5304861.00,{},1422.95
2020-09-04,1377.39,1396.00,1371.16,1390.28,4909810.00,{},1402.14
2020-09-07,1387.49,1394.90,1349.77,1356.70,6207608.00,{},1390.28
2020-09-08,1356.82,1363.28,1328.92,1344.61,4448545.00,{},1356.70
2020-09-09,1331.43,1332.07,1289.35,1298.08,6252185.00,{},1344.61
2020-09-10,1309.32,1321.06,1276.50,1280.19,4750599.00,{},1298.08
2020-09-11,1279.84,1313.85,1272.84,1312.51,4036201.00,{},1280.19
2020-09-14,1334.98,1372.83,1334.98,1348.07,4373248.00,{},1312.51
2020-09-15,1348.79,1372.44,1334.82,1364.60,4109504.00,{},1348.07
2020-09-16,1363.32,1364.42,1341.68,1349.67,4133686.00,{},1364.60
2020-09-17,1347.45,1393.85,1335.03,1383.59,8406254.00,{},1349.67
2020-09-18,1386.38,1403.92,1379.92,1403.90,6376210.00,{},1383.59
2020-09-21,1407.07,1411.50,1390.90,1397.75,5173416.00,{},1403.90
2020-09-22,1389.78,1403.26,1379.01,1390.09,5571567.00,{},1397.75
2020-09-23,1401.37,1440.64,1400.28,1423.90,6208908.00,{},1390.09
2020-09-24,1412.16,1416.38,1392.01,1394.93,5031487.00,{},1423.90
2020-09-25,1399.39,1402.68,1360.55,1364.02,3824131.00,{},1394.93
2020-09-28,1367.46,1369.04,1335.99,1338.95,4523227.00,{},1364.02
2020-09-29,1345.99,1403.43,1345.99,1389.96,4293616.00,{},1338.95
2020-09-30,1394.86,1431.88,1393.91,1418.80,3985063.00,{},1389.96
2020-10-09,1446.52,1467.98,1446.52,1465.96,4921015.00,{},1418.80
2020-10-12,1475.26,1491.61,1469.65,1490.58,6598166.00,{},1465.96
2020-10-13,1491.85,1498.83,1485.13,1497.60,5095454.00,{},1490.58
2020-10-14,1495.34,1498.00,1481.12,1488.67,4673418.00,{},1497.60
2020-10-15,1489.38,1493.00,1451.88,1453.79,4520312.00,{},1488.67
2020-10-16,1457.15,1461.83,1429.08,1438.53,3777447.00,{},1453.79
2020-10-19,1444.84,1446.49,1411.27,1412.15,4009461.00,{},1438.53
2020-10-20,1413.87,1428.08,1402.71,1426.18,3879556.00,{},1412.15
2020-10-21,1427.24,1429.45,1396.12,1396.98,3849928.00,{},1426.18
2020-10-22,1395.13,1395.13,1373.51,1376.58,3329097.00,{},1396.98
2020-10-23,1380.37,1389.52,1336.37,1336.53,3775379.00,{},1376.58
2020-10-26,1332.68,1364.97,1313.45,1356.11,3074009.00,{},1336.53
2020-10-27,1359.18,1386.80,1354.81,1385.75,3147773.00,{},1356.11
2020-10-28,1396.56,1413.66,1392.07,1406.07,4166346.00,{},1385.75
2020-10-29,1394.28,1418.41,1387.38,1412.06,4612046.00,{},1406.07
2020-10-30,1413.51,1430.12,1393.91,1393.91,6123725.00,{},1412.06
2020-11-02,1402.08,1406.94,1370.90,1400.91,5250701.00,{},1393.91
2020-11-03,1403.64,1451.63,1402.26,1449.01,5020761.00,{},1400.91
2020-11-04,1454.73,1462.67,1443.42,1458.90,4180001.00,{},1449.01
2020-11-05,1477.61,1479.47,1453.72,1475.38,4796505.00,{},1458.90
2020-11-06,1477.53,1477.53,1429.12,1441.47,4453441.00,{},1475.38
2020-11-09,1446.47,1491.52,1442.62,1485.15,7796951.00,{},1441.47
2020-11-10,1483.66,1483.66,1438.59,1441.97,5811330.00,{},1485.15
2020-11-11,1440.78,1441.00,1393.73,1395.51,5615446.00,{},1441.97
2020-11-12,1404.81,1421.74,1404.57,1413.29,4220596.00,{},1395.51
2020-11-13,1406.68,1441.01,1401.46,1436.89,4160211.00,{},1413.29
2020-11-16,1520.27,1520.27,1444.39,1446.95,4716782.00,{},1436.89
2020-11-17,1455.23,1455.23,1425.26,1430.81,4858681.00,{},1446.95
2020-11-18,1431.66,1441.22,1418.36,1419.23,5021121.00,{},1430.81
2020-11-19,1415.64,1436.49,1408.22,1435.92,4496034.00,{},1419.23
2020-11-20,1433.95,1442.31,1427.31,1430.72,4702930.00,{},1435.92
2020-11-23,1429.39,1429.39,1412.02,1418.10,4743939.00,{},1430.72
2020-11-24,1412.02,1420.34,1409.40,1412.75,4864347.00,{},1418.10
2020-11-25,1414.19,1414.51,1387.56,1388.36,4652580.00,{},1412.75
2020-11-26,1386.21,1398.57,1380.13,1385.31,3800503.00,{},1388.36
2020-11-27,1386.65,1398.14,1380.64,1387.77,3723177.00,{},1385.31
2020-11-30,1392.95,1397.01,1380.22,1385.48,4183574.00,{},1387.77
2020-12-01,1386.58,1408.04,1381.96,1404.24,3731742.00,{},1385.48
2020-12-02,1408.67,1419.11,1403.73,1408.49,5738486.00,{},1404.24
2020-12-03,1410.44,1418.12,1398.10,1410.83,4585012.00,{},1408.49
2020-12-04,1409.59,1410.93,1401.53,1404.87,4178597.00,{},1410.83
2020-12-07,1410.50,1417.78,1403.42,1406.19,4758978.00,{},1404.87
2020-12-08,1405.72,1408.79,1397.55,1398.73,4279576.00,{},1406.19
2020-12-09,1400.57,1404.23,1364.20,1365.04,4783357.00,{},1398.73
2020-12-10,1363.00,1370.83,1355.88,1360.18,5043398.00,{},1365.04
2020-12-11,1362.34,1365.43,1345.32,1362.96,6665413.00,{},1360.18
2020-12-14,1361.61,1380.05,1353.90,1375.06,4584335.00,{},1362.96
2020-12-15,1373.96,1379.77,1357.36,1363.18,4713483.00,{},1375.06
2020-12-16,1357.22,1357.22,1339.96,1345.13,5560614.00,{},1363.18
2020-12-17,1343.28,1364.88,1339.90,1363.36,4798301.00,{},1345.13
2020-12-18,1381.48,1381.48,1357.77,1361.11,4663221.00,{},1363.36
2020-12-21,1359.69,1390.59,1355.93,1388.67,5212184.00,{},1361.11
2020-12-22,1383.29,1390.99,1355.97,1358.62,5162246.00,{},1388.67
2020-12-23,1359.73,1378.61,1355.25,1376.60,5196093.00,{},1358.62
2020-12-24,1378.38,1384.31,1347.80,1348.01,5764382.00,{},1376.60
2020-12-25,1348.47,1357.65,1340.79,1349.79,4981681.00,{},1348.01
2020-12-28,1345.30,1349.35,1335.25,1339.01,5208984.00,{},1349.79
2020-12-29,1338.24,1353.06,1336.09,1337.47,4819255.00,{},1339.01
2020-12-30,1336.72,1367.76,1335.21,1362.91,5200486.00,{},1337.47
2020-12-31,1370.44,1394.74,1368.47,1393.03,5460861.00,{},1362.91
2021-01-04,1398.96,1425.70,1389.59,1422.12,5855451.00,{},1393.03
2021-01-05,1413.18,1427.12,1409.54,1425.16,6097512.00,{},1422.12
2021-01-06,1430.07,1434.19,1408.06,1415.02,6071455.00,{},1425.16
2021-01-07,1414.90,1417.43,1370.19,1381.94,6633573.00,{},1415.02
2021-01-08,1382.15,1385.12,1366.18,1378.74,5424099.00,{},1381.94
2021-01-11,1385.35,1407.91,1378.12,1390.66,5762420.00,{},1378.74
2021-01-12,1389.47,1408.42,1379.80,1405.22,4511353.00,{},1390.66
2021-01-13,1412.07,1416.66,1389.77,1407.41,5709620.00,{},1405.22
2021-01-14,1406.05,1478.75,1399.56,1447.27,7542993.00,{},1407.41
2021-01-15,1450.86,1465.69,1431.45,1447.58,6054884.00,{},1447.27
2021-01-18,1443.82,1496.37,1437.02,1481.25,6290347.00,{},1447.58
2021-01-19,1485.46,1489.22,1441.62,1443.92,5731520.00,{},1481.25
2021-01-20,1450.72,1482.11,1444.74,1481.45,4920432.00,{},1443.92
2021-01-21,1485.65,1492.95,1465.89,1482.28,5260490.00,{},1481.45
2021-01-22,1482.65,1487.61,1456.02,1486.31,5801637.00,{},1482.28
2021-01-25,1481.74,1513.73,1471.18,1498.60,6035836.00,{},1486.31
2021-01-26,1498.00,1509.41,1471.31,1478.45,4841190.00,{},1498.60
2021-01-27,1481.49,1489.76,1441.18,1458.37,4527917.00,{},1478.45
2021-01-28,1441.40,1461.84,1418.94,1421.59,4281555.00,{},1458.37
2021-01-29,1435.28,1440.25,1400.67,1421.96,4920399.00,{},1421.59
2021-02-01,1419.18,1439.04,1412.16,1421.48,4623272.00,{},1421.96
2021-02-02,1419.71,1438.09,1414.36,1438.06,4469188.00,{},1421.48
2021-02-03,1436.00,1443.98,1410.15,1410.15,5084930.00,{},1438.06
2021-02-04,1402.09,1412.71,1367.71,1394.10,4842044.00,{},1410.15
2021-02-05,1396.12,1407.32,1368.65,1368.80,4227634.00,{},1394.10
2021-02-08,1371.75,1395.14,1367.33,1382.48,3771755.00,{},1368.80
2021-02-09,1389.07,1434.87,1383.86,1427.68,3905478.00,{},1382.48
2021-02-10,1424.77,1440.21,1407.64,1437.02,4082148.00,{},1427.68
2021-02-18,1457.80,1465.68,1429.09,1429.74,4797954.00,{},1437.02
2021-02-19,1426.10,1430.72,1404.15,1427.91,4339918.00,{},1429.74
2021-02-22,1431.56,1436.80,1388.52,1389.92,5450826.00,{},1427.91
2021-02-23,1371.63,1401.51,1370.91,1390.53,4358750.00,{},1389.92
2021-02-24,1393.72,1398.33,1358.41,1365.64,4513936.00,{},1390.53
2021-02-25,1373.84,1375.61,1349.71,1349.71,4900397.00,{},1365.64
2021-02-26,1319.89,1344.15,1319.65,1325.59,4743338.00,{},1349.71
2021-03-01,1339.99,1359.72,1337.19,1358.14,4967721.00,{},1325.59
2021-03-02,1373.03,1373.66,1342.90,1352.04,5245032.00,{},1358.14
2021-03-03,1350.01,1359.79,1340.32,1359.40,4491709.00,{},1352.04
2021-03-04,1358.28,1362.99,1322.34,1324.16,5243798.00,{},1359.40
2021-03-05,1307.06,1338.83,1305.92,1329.84,3836834.00,{},1324.16
2021-03-08,1337.02,1340.42,1275.46,1275.46,4922588.00,{},1329.84
2021-03-09,1275.32,1278.32,1227.18,1230.14,5040233.00,{},1275.46
2021-03-10,1251.18,1258.88,1227.42,1232.74,3711132.00,{},1230.14
2021-03-11,1241.10,1273.96,1227.33,1267.30,3855338.00,{},1232.74
2021-03-12,1268.44,1269.21,1251.20,1261.32,3716221.00,{},1267.30
2021-03-15,1254.68,1254.68,1213.43,1223.39,3478461.00,{},1261.32
2021-03-16,1223.80,1231.99,1212.34,1220.37,3304112.00,{},1223.39
2021-03-17,1220.45,1237.91,1213.35,1236.54,3172300.00,{},1220.37
2021-03-18,1241.56,1251.56,1237.62,1241.31,3572963.00,{},1236.54
2021-03-19,1226.41,1242.13,1221.42,1231.29,3970796.00,{},1241.31
2021-03-22,1229.47,1247.49,1227.84,1242.76,3570030.00,{},1231.29
2021-03-23,1246.36,1257.38,1232.26,1236.47,4327683.00,{},1242.76
2021-03-24,1228.61,1244.45,1219.51,1221.45,3866384.00,{},1236.47
2021-03-25,1212.83,1231.96,1212.38,1219.71,3365032.00,{},1221.45
2021-03-26,1224.64,1258.16,1224.64,1256.66,3534232.00,{},1219.71
2021-03-29,1262.29,1263.44,1248.33,1250.77,3478752.00,{},1256.66
2021-03-30,1250.28,1259.28,1245.01,1248.34,3490176.00,{},1250.77
2021-03-31,1248.16,1253.79,1236.26,1248.33,3552431.00,{},1248.34
2021-04-01,1251.00,1269.88,1248.96,1266.75,4255372.00,{},1248.33
2021-04-02,1276.03,1302.62,1274.38,1299.92,5421746.00,{},1266.75
2021-04-06,1304.64,1309.95,1291.92,1296.62,4364205.00,{},1299.92
2021-04-07,1296.82,1300.77,1283.16,1298.78,4135531.00,{},1296.62
2021-04-08,1293.64,1305.43,1287.01,1291.86,4764705.00,{},1298.78
2021-04-09,1290.31,1296.86,1269.92,1271.44,4141692.00,{},1291.86
2021-04-12,1269.02,1280.08,1240.44,1243.50,4406542.00,{},1271.44
2021-04-13,1242.76,1259.04,1239.46,1241.40,3849525.00,{},1243.50
2021-04-14,1243.24,1258.17,1243.24,1254.71,3526558.00,{},1241.40
2021-04-15,1250.36,1266.58,1245.18,1264.16,3525387.00,{},1254.71
2021-04-16,1265.15,1279.29,1255.84,1274.70,4652616.00,{},1264.16
2021-04-19,1273.08,1300.54,1268.99,1299.01,6874662.00,{},1274.70
2021-04-20,1295.61,1304.76,1290.02,1290.50,6992433.00,{},1299.01
2021-04-21,1285.31,1291.53,1275.61,1286.86,5194641.00,{},1290.50
2021-04-22,1288.58,1308.34,1288.58,1305.18,4982010.00,{},1286.86
2021-04-23,1303.29,1318.30,1300.10,1311.83,4761955.00,{},1305.18
2021-04-26,1315.51,1335.47,1313.06,1314.91,6231161.00,{},1311.83
2021-04-27,1310.66,1316.20,1297.27,1311.91,5052354.00,{},1314.91
2021-04-28,1318.55,1326.01,1304.33,1324.24,5728293.00,{},1311.91
2021-04-29,1320.89,1337.85,1312.94,1324.05,5513658.00,{},1324.24
2021-04-30,1319.01,1327.37,1313.83,1322.24,6061533.00,{},1324.05
2021-05-06,1321.21,1322.68,1298.91,1310.13,4730640.00,{},1322.24
2021-05-07,1311.66,1315.75,1263.69,1263.90,4847937.00,{},1310.13
2021-05-10,1262.48,1265.80,1249.49,1254.49,4379785.00,{},1263.90
2021-05-11,1243.81,1260.82,1240.20,1258.11,4367330.00,{},1254.49
2021-05-12,1254.74,1273.69,1251.81,1270.91,4739303.00,{},1258.11
2021-05-13,1257.87,1287.92,1257.87,1275.48,5027245.00,{},1270.91
2021-05-14,1277.97,1301.37,1273.96,1300.54,5060970.00,{},1275.48
2021-05-17,1303.08,1338.29,1301.06,1328.92,5946864.00,{},1300.54
2021-05-18,1330.47,1332.32,1316.38,1321.64,5422690.00,{},1328.92
2021-05-19,1320.68,1335.25,1318.16,1326.14,7668543.00,{},1321.64
2021-05-20,1322.05,1339.97,1321.04,1329.79,6869658.00,{},1326.14
2021-05-21,1334.60,1341.28,1314.40,1315.21,6261344.00,{},1329.79
2021-05-24,1314.79,1333.42,1304.64,1330.87,5612988.00,{},1315.21
2021-05-25,1329.68,1371.59,1329.68,1370.12,6243466.00,{},1330.87
2021-05-26,1371.78,1375.81,1360.59,1364.04,6150436.00,{},1370.12
2021-05-27,1362.95,1400.38,1361.01,1397.77,8323018.00,{},1364.04
2021-05-28,1395.43,1414.61,1381.45,1386.04,21565099.00,{},1397.77
2021-05-31,1398.19,1442.67,1398.19,1442.67,16376296.00,{},1386.04
2021-06-01,1437.32,1467.94,1432.97,1460.54,15904982.00,{},1442.67
2021-06-02,1461.74,1465.16,1423.45,1426.85,14395871.00,{},1460.54
2021-06-03,1425.80,1438.64,1410.12,1414.53,11441596.00,{},1426.85
2021-06-04,1406.31,1445.14,1405.51,1431.52,10000221.00,{},1414.53
2021-06-07,1443.86,1451.39,1425.11,1433.56,10420182.00,{},1431.52
2021-06-08,1443.74,1446.38,1411.23,1419.08,9490826.00,{},1433.56
2021-06-09,1420.31,1442.16,1417.77,1427.32,8264218.00,{},1419.08
2021-06-10,1427.87,1455.83,1426.49,1450.40,10102674.00,{},1427.32
2021-06-11,1453.60,1455.66,1433.06,1436.28,10683273.00,{},1450.40
2021-06-15,1442.09,1467.47,1435.05,1448.20,10071064.00,{},1436.28
2021-06-16,1452.95,1454.92,1404.69,1406.47,8539387.00,{},1448.20
2021-06-17,1409.05,1477.05,1409.05,1473.51,11908654.00,{},1406.47
2021-06-18,1475.21,1499.82,1474.68,1494.70,10061074.00,{},1473.51
2021-06-21,1485.66,1529.28,1482.49,1528.13,10219505.00,{},1494.70
2021-06-22,1531.52,1534.43,1506.31,1523.36,19707938.00,{},1528.13
2021-06-23,1530.64,1551.92,1516.69,1534.30,16034833.00,{},1523.36
2021-06-24,1531.24,1537.58,1496.94,1504.81,14070093.00,{},1534.30
2021-06-25,1505.29,1536.50,1502.89,1534.85,10854452.00,{},1504.81
2021-06-28,1538.02,1579.22,1536.71,1562.98,10952572.00,{},1534.85
2021-06-29,1567.88,1576.87,1546.68,1562.08,10390392.00,{},1562.98
2021-06-30,1564.32,1603.35,1558.96,1588.22,11534991.00,{},1562.08
2021-07-01,1587.53,1594.11,1569.90,1579.80,10411769.00,{},1588.22
2021-07-02,1563.83,1564.88,1527.20,1538.16,9514212.00,{},1579.80
2021-07-05,1545.68,1581.07,1545.68,1575.89,9806062.00,{},1538.16
2021-07-06,1580.28,1584.69,1510.71,1532.79,11070754.00,{},1575.89
2021-07-07,1523.83,1573.15,1519.41,1570.03,10339861.00,{},1532.79
2021-07-08,1577.50,1616.70,1577.41,1610.77,11734788.00,{},1570.03
2021-07-09,1598.28,1602.00,1556.58,1583.71,10147818.00,{},1610.77
2021-07-12,1593.57,1611.60,1576.72,1601.61,10538463.00,{},1583.71
2021-07-13,1602.12,1621.71,1573.78,1590.98,11111536.00,{},1601.61
2021-07-14,1579.03,1585.60,1556.69,1556.72,9198546.00,{},1590.98
2021-07-15,1549.28,1567.27,1536.90,1560.70,9376894.00,{},1556.72
2021-07-16,1568.17,1569.25,1523.64,1525.23,9509712.00,{},1560.70
2021-07-19,1514.83,1530.59,1503.11,1514.18,8526475.00,{},1525.23
2021-07-20,1505.08,1529.27,1501.92,1522.63,7907029.00,{},1514.18
2021-07-21,1528.60,1576.77,1527.60,1565.64,9164912.00,{},1522.63
2021-07-22,1570.49,1584.32,1549.45,1582.13,12357063.00,{},1565.64
2021-07-23,1593.31,1593.70,1548.39,1563.49,11488401.00,{},1582.13
2021-07-26,1559.84,1566.68,1496.65,1556.98,12628435.00,{},1563.49
2021-07-27,1556.93,1627.85,1541.36,1545.29,18598248.00,{},1556.98
2021-07-28,1532.42,1555.25,1476.59,1518.70,13614854.00,{},1545.29
2021-07-29,1554.13,1598.34,1545.11,1588.47,12811655.00,{},1518.70
2021-07-30,1582.58,1608.96,1570.45,1591.22,15280930.00,{},1588.47
2021-08-02,1594.03,1619.36,1572.11,1599.47,15124102.00,{},1591.22
2021-08-03,1586.35,1593.03,1558.10,1564.19,13659596.00,{},1599.47
2021-08-04,1566.45,1608.50,1564.46,1605.89,12551651.00,{},1564.19
2021-08-05,1606.65,1616.05,1584.31,1604.81,12622179.00,{},1605.89
2021-08-06,1630.30,1639.19,1575.42,1586.67,12602316.00,{},1604.81
2021-08-09,1567.44,1582.92,1548.69,1574.44,10713509.00,{},1586.67
2021-08-10,1574.01,1592.83,1569.28,1588.19,11203302.00,{},1574.44
2021-08-11,1589.43,1593.15,1564.97,1578.79,13221209.00,{},1588.19
2021-08-12,1572.15,1604.73,1570.35,1586.50,12889128.00,{},1578.79
2021-08-13,1580.12,1588.23,1549.68,1552.78,12574406.00,{},1586.50
2021-08-16,1547.39,1566.00,1535.35,1547.93,10953033.00,{},1552.78
2021-08-17,1544.40,1555.45,1506.72,1509.25,10909613.00,{},1547.93
2021-08-18,1514.46,1530.24,1501.18,1507.99,10366160.00,{},1509.25
2021-08-19,1509.72,1553.16,1508.17,1546.11,9872179.00,{},1507.99
2021-08-20,1537.91,1557.11,1514.07,1529.09,10376035.00,{},1546.11
2021-08-23,1534.39,1568.84,1524.20,1564.11,11546176.00,{},1529.09
2021-08-24,1567.70,1586.52,1550.88,1578.03,11717098.00,{},1564.11
2021-08-25,1573.74,1574.40,1535.09,1542.78,10847549.00,{},1578.03
2021-08-26,1546.32,1555.04,1494.89,1497.34,10721530.00,{},1542.78
2021-08-27,1491.34,1506.65,1476.56,1480.31,10400805.00,{},1497.34
2021-08-30,1487.90,1508.78,1463.40,1471.46,11875582.00,{},1480.31
2021-08-31,1463.13,1463.56,1423.51,1441.17,10729866.00,{},1471.46
2021-09-01,1437.26,1438.38,1400.16,1424.66,12748492.00,{},1441.17
2021-09-02,1416.16,1424.17,1395.51,1399.48,11488714.00,{},1424.66
2021-09-03,1399.47,1415.24,1382.64,1400.89,11395644.00,{},1399.48
2021-09-06,1398.24,1441.71,1393.54,1439.00,9785658.00,{},1400.89
2021-09-07,1435.73,1443.34,1426.03,1438.57,9452685.00,{},1439.00
2021-09-08,1439.66,1439.66,1408.72,1412.72,9905056.00,{},1438.57
2021-09-09,1414.07,1425.28,1393.61,1402.19,9410267.00,{},1412.72
2021-09-10,1398.33,1431.71,1392.21,1426.81,10523019.00,{},1402.19
2021-09-13,1426.54,1426.76,1384.02,1384.43,9265900.00,{},1426.81
2021-09-14,1384.28,1414.09,1383.41,1396.67,9748823.00,{},1384.43
2021-09-15,1395.61,1395.99,1378.95,1384.52,7924336.00,{},1396.67
2021-09-16,1378.18,1380.16,1347.90,1351.43,9126226.00,{},1384.52
2021-09-17,1349.34,1360.91,1332.10,1349.68,8729839.00,{},1351.43
2021-09-22,1338.01,1361.21,1335.50,1355.28,7818997.00,{},1349.68
2021-09-23,1359.67,1376.57,1354.21,1363.79,7350698.00,{},1355.28
2021-09-24,1362.98,1390.50,1359.85,1375.00,7169070.00,{},1363.79
2021-09-27,1386.52,1397.18,1354.20,1368.69,8402437.00,{},1375.00
2021-09-28,1362.33,1379.59,1350.79,1354.10,5858258.00,{},1368.69
2021-09-29,1344.89,1356.64,1336.51,1345.77,6903713.00,{},1354.10
2021-09-30,1348.65,1371.49,1348.65,1368.72,5485896.00,{},1345.77
2021-10-08,1378.53,1388.02,1361.04,1364.46,5502787.00,{},1368.72
2021-10-11,1367.21,1377.31,1348.05,1349.77,5145543.00,{},1364.46
2021-10-12,1348.22,1355.92,1312.44,1319.39,5915764.00,{},1349.77
2021-10-13,1322.89,1349.17,1322.89,1344.76,5223684.00,{},1319.39
2021-10-14,1346.99,1356.21,1339.56,1347.27,5616097.00,{},1344.76
2021-10-15,1349.40,1367.23,1341.75,1363.16,6729274.00,{},1347.27
2021-10-18,1366.55,1366.55,1338.89,1352.58,6536446.00,{},1363.16
2021-10-19,1355.07,1369.16,1352.01,1366.79,6254979.00,{},1352.58
2021-10-20,1370.21,1381.06,1363.65,1373.59,7260010.00,{},1366.79
2021-10-21,1374.65,1379.19,1355.93,1362.40,6545723.00,{},1373.59
2021-10-22,1367.06,1379.19,1359.27,1368.14,6723731.00,{},1362.40
2021-10-25,1366.21,1381.24,1359.63,1380.31,7034967.00,{},1368.14
2021-10-26,1379.79,1389.48,1372.66,1376.13,7720807.00,{},1380.31
2021-10-27,1371.79,1374.36,1354.30,1361.82,8823225.00,{},1376.13
2021-10-28,1359.07,1371.17,1354.72,1356.37,8884098.00,{},1361.82
2021-10-29,1363.25,1398.42,1355.37,1396.20,8218328.00,{},1356.37
2021-11-01,1398.59,1415.58,1392.40,1404.21,9112094.00,{},1396.20
2021-11-02,1405.87,1423.93,1395.70,1405.64,9807672.00,{},1404.21
2021-11-03,1408.20,1416.47,1386.40,1399.55,7383885.00,{},1405.64
2021-11-04,1404.66,1420.33,1404.66,1410.74,8411022.00,{},1399.55
2021-11-05,1416.24,1418.88,1396.03,1396.74,9115940.00,{},1410.74
2021-11-08,1398.57,1401.05,1381.62,1400.80,8082439.00,{},1396.74
2021-11-09,1404.89,1422.90,1397.82,1420.51,8749737.00,{},1400.80
2021-11-10,1417.66,1423.31,1398.88,1420.45,8704593.00,{},1420.51
2021-11-11,1418.48,1443.60,1416.18,1437.15,10200216.00,{},1420.45
2021-11-12,1432.71,1444.41,1425.58,1440.16,10727916.00,{},1437.15
2021-11-15,1441.41,1448.03,1429.32,1432.60,11415896.00,{},1440.16
2021-11-16,1428.48,1438.61,1418.20,1421.27,10301429.00,{},1432.60
2021-11-17,1420.99,1438.80,1414.12,1436.16,9775222.00,{},1421.27
2021-11-18,1433.51,1433.64,1417.17,1423.97,10239622.00,{},1436.16
2021-11-19,1424.76,1447.19,1424.76,1444.78,9380937.00,{},1423.97
2021-11-22,1449.45,1483.48,1449.38,1479.99,11213782.00,{},1444.78
2021-11-23,1477.67,1485.80,1473.55,1476.25,10579714.00,{},1479.99
2021-11-24,1477.96,1489.71,1471.62,1472.22,10066693.00,{},1476.25
2021-11-25,1472.64,1477.74,1465.64,1468.07,9806109.00,{},1472.22
2021-11-26,1466.36,1470.53,1450.93,1459.93,9106979.00,{},1468.07
2021-11-29,1448.50,1474.44,1444.30,1471.23,10436432.00,{},1459.93
2021-11-30,1477.80,1479.93,1463.15,1475.71,10256269.00,{},1471.23
2021-12-01,1473.52,1479.09,1452.75,1456.48,8961384.00,{},1475.71
2021-12-02,1454.74,1458.08,1427.98,1429.50,9043364.00,{},1456.48
2021-12-03,1432.23,1444.99,1431.59,1444.83,8489747.00,{},1429.50
2021-12-06,1444.93,1445.16,1405.51,1405.77,9235243.00,{},1444.83
2021-12-07,1413.00,1415.05,1380.51,1389.44,8730994.00,{},1405.77
2021-12-08,1394.99,1416.69,1394.99,1415.37,7151266.00,{},1389.44
2021-12-09,1417.34,1438.49,1410.15,1434.52,8145978.00,{},1415.37
2021-12-10,1431.85,1442.62,1425.00,1435.70,10303018.00,{},1434.52
2021-12-13,1439.19,1450.83,1434.15,1445.71,8536485.00,{},1435.70
2021-12-14,1445.05,1451.68,1435.89,1439.47,7914952.00,{},1445.71
2021-12-15,1439.12,1443.55,1424.77,1424.90,8234987.00,{},1439.47
2021-12-16,1425.53,1436.06,1419.70,1425.93,7414006.00,{},1424.90
2021-12-17,1426.79,1430.39,1395.64,1399.06,8054162.00,{},1425.93
2021-12-20,1389.18,1401.34,1363.11,1363.96,7751401.00,{},1399.06
2021-12-21,1366.27,1378.49,1363.97,1374.65,6785367.00,{},1363.96
2021-12-22,1378.31,1386.24,1373.53,1375.03,7598660.00,{},1374.65
2021-12-23,1375.83,1380.15,1366.99,1375.97,7016695.00,{},1375.03
2021-12-24,1375.18,1378.30,1353.65,1358.73,7635981.00,{},1375.97
2021-12-27,1356.41,1369.21,1349.11,1355.64,6350202.00,{},1358.73
2021-12-28,1355.65,1370.31,1355.65,1369.62,6636276.00,{},1355.64
2021-12-29,1370.49,1370.49,1352.00,1356.21,6304036.00,{},1369.62
2021-12-30,1355.97,1381.44,1355.41,1375.56,7816841.00,{},1356.21
2021-12-31,1384.28,1399.75,1383.84,1398.19,7840208.00,{},1375.56
2022-01-04,1403.39,1405.51,1361.43,1364.99,9302562.00,{},1398.19
2022-01-05,1364.01,1365.77,1328.29,1333.33,9000497.00,{},1364.99
2022-01-06,1327.70,1331.43,1309.90,1320.94,7953740.00,{},1333.33
2022-01-07,1322.89,1331.91,1305.14,1305.49,9117416.00,{},1320.94
2022-01-10,1306.60,1323.15,1291.41,1318.27,8517367.00,{},1305.49
2022-01-11,1317.92,1317.93,1291.51,1294.40,8035785.00,{},1318.27
2022-01-12,1298.62,1317.52,1298.62,1316.35,8890363.00,{},1294.40
2022-01-13,1319.19,1319.19,1294.65,1294.65,8251106.00,{},1316.35
2022-01-14,1289.38,1316.33,1288.85,1312.29,9975888.00,{},1294.65
2022-01-17,1317.39,1341.17,1313.62,1338.32,10462288.00,{},1312.29
2022-01-18,1340.41,1362.48,1328.40,1342.36,11182558.00,{},1338.32
2022-01-19,1340.71,1343.30,1318.31,1324.09,8753067.00,{},1342.36
2022-01-20,1326.64,1329.81,1304.69,1306.02,9122820.00,{},1324.09
2022-01-21,1304.16,1308.44,1288.78,1290.41,8648363.00,{},1306.02
2022-01-24,1286.14,1311.51,1285.04,1307.74,7030921.00,{},1290.41
2022-01-25,1303.93,1311.73,1276.20,1277.00,8234706.00,{},1307.74
2022-01-26,1281.51,1289.41,1261.95,1276.36,15139954.00,{},1277.00
2022-01-27,1274.63,1280.25,1239.49,1240.55,11187482.00,{},1276.36
2022-01-28,1253.94,1255.19,1229.22,1229.22,9061238.00,{},1240.55
2022-02-07,1247.58,1263.97,1230.70,1233.62,8199670.00,{},1229.22
2022-02-08,1233.66,1233.66,1191.49,1204.05,8219262.00,{},1233.62
2022-02-09,1204.24,1212.45,1195.09,1210.29,8613441.00,{},1204.05
2022-02-10,1214.98,1215.28,1182.40,1188.20,9020558.00,{},1210.29
2022-02-11,1182.87,1188.52,1168.90,1169.59,8975096.00,{},1188.20
2022-02-14,1161.84,1179.89,1148.70,1169.44,6205633.00,{},1169.59
2022-02-15,1172.77,1204.34,1171.68,1203.12,7440951.00,{},1169.44
2022-02-16,1210.42,1211.55,1195.97,1197.56,7084265.00,{},1203.12
2022-02-17,1196.60,1217.47,1191.45,1207.82,7402910.00,{},1197.56
2022-02-18,1200.34,1206.01,1195.24,1204.37,6396948.00,{},1207.82
2022-02-21,1207.15,1212.49,1191.84,1193.60,7576727.00,{},1204.37
2022-02-22,1184.84,1186.78,1168.57,1183.98,7696765.00,{},1193.60
2022-02-23,1182.42,1233.44,1181.40,1231.08,9068585.00,{},1183.98
2022-02-24,1226.95,1240.35,1199.07,1214.99,11331530.00,{},1231.08
2022-02-25,1231.54,1253.46,1230.61,1240.88,8620741.00,{},1214.99
2022-02-28,1243.98,1249.59,1230.65,1249.59,9812227.00,{},1240.88
2022-03-01,1254.57,1259.68,1232.09,1239.02,8568308.00,{},1249.59
2022-03-02,1233.10,1233.92,1216.47,1230.28,7208667.00,{},1239.02
2022-03-03,1235.96,1237.20,1208.82,1209.82,7620905.00,{},1230.28
2022-03-04,1201.12,1228.19,1197.83,1203.09,7767776.00,{},1209.82
2022-03-07,1198.01,1198.01,1164.98,1169.98,8184385.00,{},1203.09
2022-03-08,1167.59,1179.20,1135.52,1137.08,9672312.00,{},1169.98
2022-03-09,1148.18,1156.40,1097.07,1129.65,10917419.00,{},1137.08
2022-03-10,1161.99,1168.14,1149.42,1153.36,10228939.00,{},1129.65
2022-03-11,1137.61,1162.60,1125.34,1161.21,10553236.00,{},1153.36
2022-03-14,1151.97,1154.70,1126.26,1126.28,8923501.00,{},1161.21
2022-03-15,1115.19,1142.81,1093.43,1093.43,10622022.00,{},1126.28
2022-03-16,1115.84,1128.12,1070.77,1125.48,11589989.00,{},1093.43
2022-03-17,1144.98,1163.51,1138.01,1142.71,11980371.00,{},1125.48
2022-03-18,1136.98,1144.32,1124.85,1144.32,8593988.00,{},1142.71
2022-03-21,1143.55,1160.71,1137.81,1152.33,9242880.00,{},1144.32
2022-03-22,1145.08,1149.47,1131.88,1134.32,10100149.00,{},1152.33
2022-03-23,1138.73,1150.20,1130.22,1144.09,8990593.00,{},1134.32
2022-03-24,1135.85,1141.76,1121.64,1134.57,8134171.00,{},1144.09
2022-03-25,1137.80,1140.92,1106.36,1106.86,7338739.00,{},1134.57
2022-03-28,1097.87,1101.33,1085.27,1090.73,6734435.00,{},1106.86
2022-03-29,1097.36,1099.24,1078.34,1079.93,6966104.00,{},1090.73
2022-03-30,1084.76,1112.63,1084.76,1112.52,7382173.00,{},1079.93
2022-03-31,1109.55,1109.55,1086.99,1091.06,7493790.00,{},1112.52
2022-04-01,1085.31,1095.46,1074.79,1089.19,6563324.00,{},1091.06
2022-04-06,1087.76,1087.76,1054.70,1058.49,7593340.00,{},1089.19
2022-04-07,1050.43,1059.36,1036.07,1036.07,7199422.00,{},1058.49
2022-04-08,1032.84,1039.10,1017.18,1027.24,7185175.00,{},1036.07
2022-04-11,1022.91,1022.91,985.59,988.76,7376606.00,{},1027.24
2022-04-12,987.45,994.83,970.05,994.44,6643485.00,{},988.76
2022-04-13,989.66,989.66,964.83,964.83,5728478.00,{},994.44
2022-04-14,972.24,982.70,961.54,975.57,6624018.00,{},964.83
2022-04-15,968.91,980.15,955.77,973.36,6724774.00,{},975.57
2022-04-18,969.06,1005.89,964.49,1004.61,7087611.00,{},973.36
2022-04-19,1002.98,1010.58,987.77,989.93,6158754.00,{},1004.61
2022-04-20,988.75,992.47,973.05,973.51,6078594.00,{},989.93
2022-04-21,968.48,989.25,954.84,957.72,6865450.00,{},973.51
2022-04-22,953.64,959.73,940.26,942.07,6360020.00,{},957.72
2022-04-25,924.96,924.96,884.30,884.30,9136037.00,{},942.07
2022-04-26,884.18,901.76,865.65,868.07,8059534.00,{},884.30
2022-04-27,857.38,910.07,853.21,906.43,9287122.00,{},868.07
2022-04-28,899.66,908.45,885.25,903.06,8793258.00,{},906.43
2022-04-29,910.14,949.06,902.58,947.15,9738874.00,{},903.06
2022-05-05,944.55,967.25,944.06,956.13,8590368.00,{},947.15
2022-05-06,933.01,960.04,929.82,942.23,7183487.00,{},956.13
2022-05-09,938.39,953.60,937.43,946.72,6765286.00,{},942.23
2022-05-10,935.06,983.68,931.58,972.14,8374513.00,{},946.72
2022-05-11,974.54,1026.49,972.86,1002.46,10648066.00,{},972.14
2022-05-12,999.54,1021.96,996.47,1013.06,8131937.00,{},1002.46
2022-05-13,1020.39,1021.37,1002.27,1010.80,6622283.00,{},1013.06
2022-05-16,1016.94,1025.60,995.25,996.51,7612821.00,{},1010.80
2022-05-17,995.97,1013.95,993.38,1010.37,7342573.00,{},996.51
2022-05-18,1011.53,1023.93,1007.57,1014.00,6720129.00,{},1010.37
2022-05-19,1002.66,1036.67,999.40,1036.34,7902840.00,{},1014.00
2022-05-20,1045.69,1049.04,1028.95,1045.38,8060715.00,{},1036.34
2022-05-23,1044.18,1050.06,1033.79,1046.15,7552498.00,{},1045.38
2022-05-24,1045.01,1045.03,996.65,996.65,9146504.00,{},1046.15
2022-05-25,996.75,1008.58,991.97,1006.52,6407957.00,{},996.65
2022-05-26,1006.10,1014.85,986.42,1004.26,6793010.00,{},1006.52
2022-05-27,1008.06,1015.46,988.21,993.70,6835761.00,{},1004.26
2022-05-30,995.96,1007.12,984.28,1001.54,7110602.00,{},993.70
2022-05-31,1004.08,1035.32,991.75,1035.32,12296032.00,{},1001.54
2022-06-01,1029.09,1038.70,1024.76,1031.58,13257484.00,{},1035.32
2022-06-02,1028.69,1081.92,1023.99,1079.85,19161110.00,{},1031.58
2022-06-06,1084.66,1130.76,1081.45,1121.54,22940399.00,{},1079.85
2022-06-07,1124.16,1124.52,1104.43,1111.40,16527788.00,{},1121.54
2022-06-08,1108.59,1126.46,1091.68,1111.67,15056600.00,{},1111.40
2022-06-09,1108.93,1109.73,1073.66,1081.17,11377633.00,{},1111.67
2022-06-10,1074.07,1103.15,1072.18,1102.85,12923596.00,{},1081.17
2022-06-13,1088.76,1094.79,1080.39,1088.38,11242662.00,{},1102.85
2022-06-14,1073.75,1076.82,1039.00,1070.54,11274084.00,{},1088.38
2022-06-15,1069.94,1085.88,1061.46,1062.71,11204511.00,{},1070.54
2022-06-16,1065.69,1094.70,1065.44,1078.95,10129777.00,{},1062.71
2022-06-17,1070.62,1094.27,1066.17,1092.09,10617344.00,{},1078.95
2022-06-20,1099.46,1109.74,1086.75,1095.33,10970631.00,{},1092.09
2022-06-21,1094.33,1098.90,1073.50,1083.02,10545015.00,{},1095.33
2022-06-22,1084.71,1090.02,1063.59,1063.69,10786063.00,{},1083.02
2022-06-23,1064.73,1083.10,1054.91,1081.84,11016481.00,{},1063.69
2022-06-24,1084.61,1107.33,1084.61,1101.48,12574040.00,{},1081.84
2022-06-27,1113.22,1121.45,1101.32,1103.40,11837409.00,{},1101.48
2022-06-28,1105.11,1119.18,1084.59,1117.28,12493418.00,{},1103.40
2022-06-29,1112.59,1121.24,1089.25,1090.68,13435015.00,{},1117.28
2022-06-30,1092.46,1116.95,1090.50,1105.67,11699048.00,{},1090.68
2022-07-01,1105.97,1107.86,1086.25,1089.03,11272489.00,{},1105.67
2022-07-04,1087.34,1098.64,1073.04,1095.09,12158535.00,{},1089.03
2022-07-05,1100.18,1106.99,1077.35,1090.93,10864734.00,{},1095.09
2022-07-06,1092.70,1116.14,1091.41,1101.75,11098901.00,{},1090.93
2022-07-07,1103.78,1113.73,1087.59,1111.67,10722936.00,{},1101.75
2022-07-08,1117.18,1120.87,1100.55,1104.02,10217150.00,{},1111.67
2022-07-11,1098.67,1098.67,1070.66,1081.16,9892558.00,{},1104.02
2022-07-12,1081.90,1084.94,1049.21,1049.24,9916930.00,{},1081.16
2022-07-13,1051.78,1061.41,1041.65,1052.79,8995422.00,{},1049.24
2022-07-14,1052.43,1086.33,1049.65,1076.81,10386484.00,{},1052.79
2022-07-15,1072.99,1093.82,1071.97,1072.26,10002371.00,{},1076.81
2022-07-18,1075.71,1078.30,1053.35,1069.33,10702567.00,{},1072.26
2022-07-19,1068.69,1073.06,1052.95,1061.85,10769581.00,{},1069.33
2022-07-20,1066.20,1082.62,1066.20,1079.53,10869764.00,{},1061.85
2022-07-21,1080.65,1109.54,1075.67,1091.41,11941082.00,{},1079.53
2022-07-22,1099.62,1101.37,1076.35,1084.97,11345458.00,{},1091.41
2022-07-25,1082.62,1095.69,1070.81,1073.76,10544993.00,{},1084.97
2022-07-26,1072.54,1087.86,1066.13,1084.66,9935264.00,{},1073.76
2022-07-27,1083.67,1098.37,1083.32,1095.70,10781892.00,{},1084.66
2022-07-28,1102.44,1116.16,1094.66,1108.79,12965483.00,{},1095.70
2022-07-29,1113.08,1113.32,1086.71,1088.91,11999335.00,{},1108.79
2022-08-01,1081.62,1100.96,1068.19,1100.18,11774034.00,{},1088.91
2022-08-02,1084.98,1107.24,1074.97,1094.91,14710583.00,{},1100.18
2022-08-03,1099.44,1127.00,1090.61,1100.35,16086424.00,{},1094.91
2022-08-04,1106.15,1119.50,1099.10,1110.92,12893393.00,{},1100.35
2022-08-05,1115.02,1158.51,1112.92,1157.33,18170966.00,{},1110.92
2022-08-08,1161.04,1161.04,1144.32,1152.58,16118744.00,{},1157.33
2022-08-09,1152.91,1163.70,1141.34,1162.32,14508790.00,{},1152.58
2022-08-10,1154.17,1170.52,1152.97,1156.16,14272798.00,{},1162.32
2022-08-11,1163.54,1176.06,1150.98,1173.14,14374724.00,{},1156.16
2022-08-12,1169.66,1174.40,1146.02,1146.19,14592381.00,{},1173.14
2022-08-15,1145.02,1155.45,1138.06,1143.75,12172440.00,{},1146.19
2022-08-16,1143.70,1154.43,1134.21,1137.30,12572219.00,{},1143.75
2022-08-17,1136.80,1140.66,1127.89,1132.31,12724451.00,{},1137.30
2022-08-18,1132.60,1148.38,1129.32,1146.63,15236276.00,{},1132.31
2022-08-19,1146.33,1155.78,1108.16,1108.45,16589097.00,{},1146.63
2022-08-22,1103.15,1111.40,1096.99,1107.28,13588642.00,{},1108.45
2022-08-23,1109.25,1117.71,1105.68,1107.30,12444586.00,{},1107.28
2022-08-24,1110.01,1112.75,1068.98,1068.98,14611786.00,{},1107.30
2022-08-25,1071.98,1077.66,1044.77,1055.89,12317057.00,{},1068.98
2022-08-26,1064.71,1069.26,1044.40,1045.99,11305675.00,{},1055.89
2022-08-29,1032.04,1058.72,1029.89,1054.28,10769680.00,{},1045.99
2022-08-30,1054.26,1064.76,1047.73,1050.28,9794386.00,{},1054.28
2022-08-31,1048.40,1057.84,1023.47,1029.66,11907422.00,{},1050.28
2022-09-01,1032.78,1041.92,1023.54,1025.66,10261082.00,{},1029.66
2022-09-02,1027.47,1040.46,1022.58,1030.12,9911829.00,{},1025.66
2022-09-05,1030.60,1034.95,1018.56,1024.39,10061240.00,{},1030.12
2022-09-06,1025.86,1038.97,1016.65,1035.78,9997951.00,{},1024.39
2022-09-07,1032.02,1065.17,1031.90,1049.58,10687587.00,{},1035.78
2022-09-08,1050.32,1054.74,1040.05,1040.77,9081518.00,{},1049.58
2022-09-09,1039.59,1042.11,1022.68,1033.78,8187492.00,{},1040.77
2022-09-13,1034.50,1046.18,1028.77,1031.17,8362207.00,{},1033.78
2022-09-14,1018.07,1033.45,1016.87,1031.30,8314302.00,{},1031.17
2022-09-15,1035.76,1037.63,990.85,1000.08,11337668.00,{},1031.30
2022-09-16,997.36,1018.72,997.36,998.52,9295366.00,{},1000.08
2022-09-19,997.53,1003.15,970.87,975.55,9222551.00,{},998.52
2022-09-20,982.37,997.22,977.27,985.15,7670276.00,{},975.55
2022-09-21,980.62,983.80,968.71,970.39,8649923.00,{},985.15
2022-09-22,964.96,986.43,963.89,975.87,8075362.00,{},970.39
2022-09-23,975.58,984.11,956.11,960.94,9223295.00,{},975.87
2022-09-26,955.04,978.49,952.18,961.83,10879005.00,{},960.94
2022-09-27,963.49,976.45,959.20,976.45,10265123.00,{},961.83
2022-09-28,973.47,977.66,955.32,956.19,9450678.00,{},976.45
2022-09-29,962.45,970.11,955.61,961.47,8817168.00,{},956.19
2022-09-30,956.40,961.89,937.86,939.38,8064603.00,{},961.47
2022-10-10,933.02,934.96,895.20,897.34,9226559.00,{},939.38
2022-10-11,898.37,904.47,889.45,892.74,8002565.00,{},897.34
2022-10-12,890.29,926.19,871.45,924.91,10789074.00,{},892.74
2022-10-13,917.40,942.87,916.37,926.52,11210006.00,{},924.91
2022-10-14,936.42,961.50,925.93,954.92,13755285.00,{},926.52
2022-10-17,948.64,964.95,946.94,963.22,14404748.00,{},954.92
2022-10-18,964.97,968.13,952.99,960.00,13254453.00,{},963.22
2022-10-19,957.73,963.11,949.50,949.50,11824277.00,{},960.00
2022-10-20,944.16,976.71,938.33,963.95,13492214.00,{},949.50
2022-10-21,961.48,972.81,951.67,967.98,12339327.00,{},963.95
2022-10-24,967.56,989.65,960.62,969.49,13263780.00,{},967.98
2022-10-25,962.97,984.48,955.57,971.33,12032286.00,{},969.49
2022-10-26,972.45,1010.98,963.36,1003.25,14944917.00,{},971.33
2022-10-27,1008.71,1021.56,995.55,1004.91,15104565.00,{},1003.25
2022-10-28,996.61,1015.42,989.23,993.72,14442282.00,{},1004.91
2022-10-31,991.89,1022.23,991.89,1010.33,16546709.00,{},993.72
2022-11-01,1011.96,1029.64,1000.97,1024.52,15026220.00,{},1010.33
2022-11-02,1020.07,1046.82,1017.99,1037.18,16917400.00,{},1024.52
2022-11-03,1028.43,1055.12,1027.04,1048.07,14597022.00,{},1037.18
2022-11-04,1048.89,1077.49,1048.89,1072.87,15534409.00,{},1048.07
2022-11-07,1070.14,1080.79,1058.13,1061.35,15112128.00,{},1072.87
2022-11-08,1061.71,1062.72,1040.87,1051.71,12506547.00,{},1061.35
2022-11-09,1049.72,1053.14,1036.95,1037.53,11487172.00,{},1051.71
2022-11-10,1033.13,1044.72,1021.11,1023.06,14736055.00,{},1037.53
2022-11-11,1053.86,1059.76,1023.26,1023.26,17654333.00,{},1023.06
2022-11-14,1021.41,1031.71,1012.67,1022.91,13552908.00,{},1023.26
2022-11-15,1022.04,1054.36,1021.14,1052.04,15939905.00,{},1022.91
2022-11-16,1052.41,1054.34,1034.20,1036.49,13316508.00,{},1052.04
2022-11-17,1029.31,1041.75,1015.05,1041.67,13408446.00,{},1036.49
2022-11-18,1039.85,1045.95,1030.74,1031.99,14299613.00,{},1041.67
2022-11-21,1023.90,1032.95,1020.06,1032.47,12221752.00,{},1031.99
2022-11-22,1029.50,1030.37,1015.14,1017.82,14199148.00,{},1032.47
2022-11-23,1014.74,1021.91,994.50,1017.02,14127160.00,{},1017.82
2022-11-24,1019.18,1024.24,1013.48,1015.36,11487495.00,{},1017.02
2022-11-25,1012.80,1012.80,999.84,999.99,11343303.00,{},1015.36
2022-11-28,983.59,997.90,980.76,992.81,11452162.00,{},999.99
2022-11-29,995.34,1003.61,988.07,1002.45,12619262.00,{},992.81
2022-11-30,999.61,1003.73,991.49,1000.26,12195134.00,{},1002.45
2022-12-01,1008.71,1017.01,1004.32,1009.33,13135534.00,{},1000.26
2022-12-02,1005.63,1021.40,1005.16,1008.14,12601183.00,{},1009.33
2022-12-05,1011.28,1011.29,999.49,1003.60,15041170.00,{},1008.14
2022-12-06,1003.31,1014.33,999.52,1003.14,13059792.00,{},1003.60
2022-12-07,999.28,1008.85,996.94,1000.47,12105057.00,{},1003.14
2022-12-08,999.75,1005.88,995.88,997.31,12358659.00,{},1000.47
2022-12-09,998.74,1004.36,992.63,1001.69,16837179.00,{},997.31
2022-12-12,1000.29,1011.76,996.23,1004.62,14016449.00,{},1001.69
2022-12-13,1002.54,1004.21,989.18,989.31,11266264.00,{},1004.62
2022-12-14,1003.57,1004.74,983.09,984.22,11259073.00,{},989.31
2022-12-15,985.15,992.97,979.53,989.20,9608035.00,{},984.22
2022-12-16,984.25,985.87,973.70,978.36,10897108.00,{},989.20
2022-12-19,973.60,980.47,954.02,956.19,9767095.00,{},978.36
2022-12-20,955.08,959.96,950.47,952.77,8004557.00,{},956.19
2022-12-21,950.56,954.62,937.52,940.84,7709576.00,{},952.77
2022-12-22,944.57,946.04,928.91,930.80,8129995.00,{},940.84
2022-12-23,925.14,930.06,915.35,920.35,8693046.00,{},930.80
2022-12-26,920.74,951.66,920.56,951.11,9612288.00,{},920.35
2022-12-27,951.86,965.49,947.17,963.14,9259026.00,{},951.11
2022-12-28,960.39,963.36,955.49,957.27,8731054.00,{},963.14
2022-12-29,956.10,970.57,954.74,962.25,8302554.00,{},957.27
2022-12-30,963.29,971.04,958.99,959.90,7869400.00,{},962.25
2023-01-03,960.51,982.24,956.70,979.91,11260680.00,{},959.90
2023-01-04,982.03,983.84,966.29,972.38,9969593.00,{},979.91
2023-01-05,972.61,985.82,969.32,983.52,10431918.00,{},972.38
2023-01-06,985.99,1003.05,984.02,991.10,11444622.00,{},983.52
2023-01-09,994.74,1000.07,986.17,988.67,10381752.00,{},991.10
2023-01-10,989.85,998.16,985.22,990.32,9545891.00,{},988.67
2023-01-11,990.15,993.47,973.56,973.96,9935611.00,{},990.32
2023-01-12,978.36,979.36,971.50,974.19,9156746.00,{},973.96
2023-01-13,976.58,977.06,967.11,974.31,9132180.00,{},974.19
2023-01-16,972.70,1000.27,971.90,992.61,13295506.00,{},974.31
2023-01-17,994.64,1006.59,993.45,1003.68,10530097.00,{},992.61
2023-01-18,1006.69,1009.87,1001.75,1006.75,9384388.00,{},1003.68
2023-01-19,1004.79,1023.71,1004.08,1023.65,10429025.00,{},1006.75
2023-01-20,1025.00,1034.59,1024.16,1029.14,9878585.00,{},1023.65
2023-01-30,1046.44,1051.67,1031.36,1031.61,14771562.00,{},1029.14
2023-01-31,1027.82,1029.62,1014.13,1014.36,11950707.00,{},1031.61
2023-02-01,1016.31,1026.87,1010.40,1026.40,13265177.00,{},1014.36
2023-02-02,1030.33,1041.24,1028.37,1031.68,15089642.00,{},1026.40
2023-02-03,1029.12,1034.26,1016.91,1033.87,13436468.00,{},1031.68
2023-02-06,1031.92,1038.27,1020.81,1024.43,13472147.00,{},1033.87
2023-02-07,1024.24,1027.76,1014.48,1020.17,13468151.00,{},1024.43
2023-02-08,1021.16,1026.22,1010.69,1010.69,12411983.00,{},1020.17
2023-02-09,1007.84,1037.70,1004.67,1036.86,15250329.00,{},1010.69
2023-02-10,1034.22,1038.60,1018.76,1024.54,15500931.00,{},1036.86
2023-02-13,1020.55,1031.47,1017.59,1024.04,14680015.00,{},1024.54
2023-02-14,1026.45,1032.59,1016.93,1022.67,13336025.00,{},1024.04
2023-02-15,1022.79,1026.20,1016.25,1024.22,14513134.00,{},1022.67
2023-02-16,1024.12,1030.43,998.96,1005.18,18716012.00,{},1024.22
2023-02-17,1002.08,1005.38,986.33,986.33,13315050.00,{},1005.18
2023-02-20,985.11,999.98,979.83,998.83,12940704.00,{},986.33
2023-02-21,997.55,1003.18,989.98,995.73,12560806.00,{},998.83
2023-02-22,988.79,993.52,987.28,989.65,11471029.00,{},995.73
2023-02-23,988.20,997.76,988.20,992.46,11555135.00,{},989.65
2023-02-24,996.03,999.80,988.33,990.63,10365102.00,{},992.46
2023-02-27,988.11,996.12,983.92,986.28,13105651.00,{},990.63
2023-02-28,991.44,994.73,980.10,990.47,13030246.00,{},986.28
2023-03-01,989.11,998.06,984.59,994.63,16923481.00,{},990.47
2023-03-02,994.54,997.46,987.91,988.89,16987362.00,{},994.63
2023-03-03,996.10,1002.48,990.27,998.90,15729559.00,{},988.89
2023-03-06,999.72,1011.03,991.66,1007.63,16894733.00,{},998.90
2023-03-07,1005.62,1008.08,990.21,990.58,16561087.00,{},1007.63
2023-03-08,989.71,996.81,987.97,994.89,13918512.00,{},990.58
2023-03-09,996.56,1003.20,992.21,998.30,14563629.00,{},994.89
2023-03-10,990.90,1003.89,987.50,993.55,15658157.00,{},998.30
2023-03-13,992.94,1000.02,991.16,998.91,15444107.00,{},993.55
2023-03-14,997.77,1017.69,989.33,1013.39,18844123.00,{},998.91
2023-03-15,1016.18,1027.17,1007.18,1007.30,17202626.00,{},1013.39
2023-03-16,1001.52,1010.28,990.16,992.44,16082071.00,{},1007.30
2023-03-17,1002.37,1021.83,995.08,1015.76,19707246.00,{},992.44
2023-03-20,1016.23,1035.28,1012.45,1025.32,20209621.00,{},1015.76
2023-03-21,1024.53,1030.19,1020.52,1030.19,15983189.00,{},1025.32
2023-03-22,1031.61,1039.16,1028.31,1034.05,17059582.00,{},1030.19
2023-03-23,1030.47,1058.99,1030.47,1058.99,20085463.00,{},1034.05
2023-03-24,1058.12,1064.12,1051.05,1060.99,20005305.00,{},1058.99
2023-03-27,1057.17,1070.18,1044.70,1057.49,20895865.00,{},1060.99
2023-03-28,1059.67,1065.95,1037.01,1038.63,17470067.00,{},1057.49
2023-03-29,1039.79,1076.06,1035.68,1062.14,18078374.00,{},1038.63
2023-03-30,1065.39,1070.11,1053.53,1065.69,16252582.00,{},1062.14
2023-03-31,1063.29,1083.16,1059.36,1081.54,16056229.00,{},1065.69
2023-04-03,1093.08,1128.23,1090.75,1126.49,22345749.00,{},1081.54
2023-04-04,1122.38,1147.73,1115.74,1129.08,26905799.00,{},1126.49
2023-04-06,1127.03,1165.34,1127.03,1146.96,26538856.00,{},1129.08
2023-04-07,1149.54,1162.57,1141.83,1161.02,22424695.00,{},1146.96
2023-04-10,1164.98,1171.30,1126.05,1129.17,26075743.00,{},1161.02
2023-04-11,1132.22,1138.62,1109.22,1121.74,21302438.00,{},1129.17
2023-04-12,1118.13,1139.09,1112.45,1129.41,21288229.00,{},1121.74
2023-04-13,1122.37,1124.71,1098.12,1100.13,21642002.00,{},1129.41
2023-04-14,1107.62,1137.95,1095.96,1136.21,23625575.00,{},1100.13
2023-04-17,1134.05,1151.40,1134.05,1140.13,22116216.00,{},1136.21
2023-04-18,1130.81,1137.83,1114.83,1129.82,19347408.00,{},1140.13
2023-04-19,1131.74,1151.68,1127.71,1134.40,20114570.00,{},1129.82
2023-04-20,1134.94,1165.68,1134.94,1164.95,27229110.00,{},1134.40
2023-04-21,1162.94,1167.54,1116.83,1116.83,28650984.00,{},1164.95
2023-04-24,1116.67,1118.77,1089.96,1096.38,23101640.00,{},1116.83
2023-04-25,1095.95,1102.39,1068.72,1076.86,22597602.00,{},1096.38
2023-04-26,1072.70,1085.97,1060.13,1069.01,22745807.00,{},1076.86
2023-04-27,1063.53,1082.03,1059.95,1068.01,18987330.00,{},1069.01
2023-04-28,1060.71,1089.74,1060.71,1087.87,20603987.00,{},1068.01
2023-05-04,1077.85,1082.84,1060.30,1064.20,20084234.00,{},1087.87
2023-05-05,1062.66,1067.41,1047.09,1049.09,19637312.00,{},1064.20
2023-05-08,1050.10,1063.89,1046.26,1057.21,17974243.00,{},1049.09
2023-05-09,1058.37,1063.02,1034.19,1034.21,19030597.00,{},1057.21
2023-05-10,1031.13,1038.11,1018.08,1025.71,22885687.00,{},1034.21
2023-05-11,1035.18,1042.32,1025.57,1025.97,17588344.00,{},1025.71
2023-05-12,1028.36,1036.88,1014.02,1014.11,15956440.00,{},1025.97
2023-05-15,1013.53,1025.91,1006.30,1025.79,16836051.00,{},1014.11
2023-05-16,1029.33,1033.82,1022.34,1025.87,17614131.00,{},1025.79
2023-05-17,1025.45,1035.15,1024.18,1029.65,16864851.00,{},1025.87
2023-05-18,1031.40,1038.52,1027.76,1034.82,19118822.00,{},1029.65
2023-05-19,1040.35,1048.90,1036.97,1040.16,20303218.00,{},1034.82
2023-05-22,1040.83,1048.47,1027.44,1032.11,16554774.00,{},1040.16
2023-05-23,1029.14,1029.33,1016.11,1016.11,15240431.00,{},1032.11
2023-05-24,1011.12,1024.07,1006.71,1011.77,17253064.00,{},1016.11
2023-05-25,1016.92,1023.42,1006.79,1021.72,16642805.00,{},1011.77
2023-05-26,1023.86,1040.67,1022.11,1038.66,15634356.00,{},1021.72
2023-05-29,1041.27,1047.36,1026.83,1028.38,18659870.00,{},1038.66
2023-05-30,1025.83,1047.47,1022.15,1044.43,17457968.00,{},1028.38
2023-05-31,1040.34,1053.91,1037.63,1053.91,18804422.00,{},1044.43
2023-06-01,1048.95,1067.23,1044.98,1053.55,20426297.00,{},1053.91
2023-06-02,1055.95,1059.25,1047.37,1053.29,18112868.00,{},1053.55
2023-06-05,1063.15,1068.30,1049.45,1051.73,17502161.00,{},1053.29
2023-06-06,1047.92,1048.30,1021.00,1022.98,18426402.00,{},1051.73
2023-06-07,1023.95,1026.46,1015.34,1019.05,15778532.00,{},1022.98
2023-06-08,1012.66,1014.57,1001.75,1007.12,17727474.00,{},1019.05
2023-06-09,1008.90,1032.55,1003.32,1032.55,24684305.00,{},1007.12
2023-06-12,1030.26,1032.09,1022.40,1026.64,20110923.00,{},1032.55
2023-06-13,1025.21,1043.96,1021.27,1039.46,18988534.00,{},1026.64
2023-06-14,1038.89,1040.33,1031.07,1035.31,19049046.00,{},1039.46
2023-06-15,1036.31,1038.72,1029.74,1033.85,21223890.00,{},1035.31
2023-06-16,1034.42,1055.08,1032.31,1052.88,21132829.00,{},1033.85
2023-06-19,1053.34,1059.98,1044.98,1055.45,23703244.00,{},1052.88
2023-06-20,1054.51,1058.60,1043.50,1055.41,23794637.00,{},1055.45
2023-06-21,1050.12,1051.02,1020.14,1020.22,21023428.00,{},1055.41
2023-06-26,1011.15,1029.94,1006.35,1010.31,19884217.00,{},1020.22
2023-06-27,1011.08,1018.90,1006.79,1011.35,17787955.00,{},1010.31
2023-06-28,1017.08,1019.67,996.14,1008.22,18586625.00,{},1011.35
2023-06-29,1004.54,1012.06,1001.46,1001.46,17583075.00,{},1008.22
2023-06-30,999.18,1009.10,997.54,1005.15,18964358.00,{},1001.46
2023-07-03,1006.58,1013.19,999.16,1008.40,20382267.00,{},1005.15
2023-07-04,1008.43,1022.46,1004.12,1015.40,19590085.00,{},1008.40
2023-07-05,1013.38,1016.81,1004.54,1005.73,17758381.00,{},1015.40
2023-07-06,1004.67,1012.85,1001.37,1002.11,15231644.00,{},1005.73
2023-07-07,1001.02,1002.45,989.66,991.85,15591017.00,{},1002.11
2023-07-10,992.74,1001.03,990.25,993.73,14149016.00,{},991.85
2023-07-11,996.56,1003.22,994.26,1001.41,15145939.00,{},993.73
2023-07-12,999.24,1000.01,984.03,984.98,16631197.00,{},1001.41
2023-07-13,988.70,997.70,988.59,995.97,15896275.00,{},984.98
2023-07-14,999.79,1002.82,990.62,991.56,16804282.00,{},995.97
2023-07-17,988.88,988.88,982.05,984.82,14046030.00,{},991.56
2023-07-18,985.24,987.71,980.02,980.02,14128257.00,{},984.82
2023-07-19,987.00,988.55,973.34,975.11,12939210.00,{},980.02
2023-07-20,978.38,978.63,960.29,961.13,14404593.00,{},975.11
2023-07-21,958.89,963.97,953.93,955.55,12792754.00,{},961.13
2023-07-24,953.96,961.40,949.64,950.55,11588354.00,{},955.55
2023-07-25,961.52,965.69,956.37,964.40,13204061.00,{},950.55
2023-07-26,963.55,967.67,959.32,961.60,12189232.00,{},964.40
2023-07-27,962.61,964.62,950.81,952.30,12473734.00,{},961.60
2023-07-28,950.51,963.01,948.20,962.64,13856046.00,{},952.30
2023-07-31,961.69,973.90,961.69,968.99,15253905.00,{},962.64
2023-08-01,969.41,971.52,966.13,969.68,13167740.00,{},968.99
2023-08-02,967.69,973.39,965.99,968.44,12403790.00,{},969.68
2023-08-03,962.55,972.16,962.05,970.37,11962658.00,{},968.44
2023-08-04,972.48,976.98,968.82,975.78,13588524.00,{},970.37
2023-08-07,973.29,977.41,967.16,968.90,14225930.00,{},975.78
2023-08-08,967.43,971.72,965.04,965.53,11723743.00,{},968.90
2023-08-09,961.50,966.70,956.40,957.37,11707097.00,{},965.53
2023-08-10,957.22,961.86,954.42,959.17,10619882.00,{},957.37
2023-08-11,960.10,960.65,938.77,938.77,11783185.00,{},959.17
2023-08-14,932.09,934.25,919.94,930.50,12250489.00,{},938.77
2023-08-15,933.06,935.01,911.59,917.45,14348806.00,{},930.50
2023-08-16,916.59,920.35,901.68,901.79,12645853.00,{},917.45
2023-08-17,899.80,913.85,896.44,910.38,13304289.00,{},901.79
2023-08-18,924.30,924.30,904.25,904.25,16818811.00,{},910.38
2023-08-21,900.22,907.60,891.74,892.09,13615262.00,{},904.25
2023-08-22,896.74,903.78,877.62,901.13,15881399.00,{},892.09
2023-08-23,899.96,899.96,879.46,879.46,12681585.00,{},901.13
2023-08-24,883.80,895.91,880.03,885.48,14458614.00,{},879.46
2023-08-25,880.17,882.44,865.09,870.40,15625560.00,{},885.48
2023-08-28,926.00,927.63,878.26,880.19,20051901.00,{},870.40
2023-08-29,878.78,920.54,878.78,916.46,23830685.00,{},880.19
2023-08-30,935.82,950.70,928.42,939.65,27726785.00,{},916.46
2023-08-31,936.19,949.46,932.34,942.61,23925719.00,{},939.65
2023-09-01,944.25,945.72,927.21,934.79,17556889.00,{},942.61
2023-09-04,935.82,942.45,927.58,942.43,18012264.00,{},934.79
2023-09-05,942.56,947.95,929.25,930.63,17212030.00,{},942.43
2023-09-06,926.25,936.88,920.25,934.60,18227324.00,{},930.63
2023-09-07,929.36,929.36,899.30,899.83,17950120.00,{},934.60
2023-09-08,895.50,906.34,894.40,901.51,17510457.00,{},899.83
2023-09-11,901.54,915.99,895.62,907.51,20968300.00,{},901.51
2023-09-12,905.92,909.84,901.38,901.62,15686209.00,{},907.51
2023-09-13,900.00,902.52,882.91,889.13,15290497.00,{},901.62
2023-09-14,888.26,892.79,877.82,880.80,13108085.00,{},889.13
2023-09-15,883.07,893.91,876.62,887.01,15945029.00,{},880.80
2023-09-18,881.38,888.68,876.91,879.53,14389660.00,{},887.01
2023-09-19,879.35,880.26,870.66,873.62,12530683.00,{},879.53
2023-09-20,870.03,876.90,865.79,866.02,11526322.00,{},873.62
2023-09-21,862.64,869.86,860.31,860.39,10756565.00,{},866.02
2023-09-22,860.73,883.26,859.09,882.88,15168082.00,{},860.39
2023-09-25,880.32,881.70,874.21,874.55,15043259.00,{},882.88
2023-09-26,876.26,884.02,873.98,876.05,14088806.00,{},874.55
2023-09-27,875.43,886.67,875.43,880.17,15841409.00,{},876.05
2023-09-28,880.39,890.07,878.59,887.80,14657804.00,{},880.17
2023-10-09,884.20,890.95,880.34,887.21,14532703.00,{},887.80
2023-10-10,888.15,892.48,881.84,882.04,14728131.00,{},887.21
2023-10-11,885.63,895.16,883.66,893.45,17694937.00,{},882.04
2023-10-12,896.00,901.47,891.17,899.98,16006127.00,{},893.45
2023-10-13,895.47,897.15,888.54,891.72,16365379.00,{},899.98
2023-10-16,890.48,890.94,870.61,874.03,16909757.00,{},891.72
2023-10-17,874.28,884.91,871.79,882.19,14405849.00,{},874.03
2023-10-18,884.71,884.93,869.45,869.76,14009232.00,{},882.19
2023-10-19,864.46,879.55,864.06,870.10,16604081.00,{},869.76
2023-10-20,865.78,872.80,861.08,861.81,15319707.00,{},870.10
2023-10-23,857.48,859.99,836.64,840.14,15304396.00,{},861.81
2023-10-24,844.09,858.29,839.08,850.61,15420049.00,{},840.14
2023-10-25,859.77,862.20,848.65,848.65,15689852.00,{},850.61
2023-10-26,841.99,850.99,837.47,849.31,15464978.00,{},848.65
2023-10-27,843.88,866.54,842.60,861.85,19976172.00,{},849.31
2023-10-30,862.12,881.88,860.40,878.13,24262162.00,{},861.85
2023-10-31,882.43,882.56,869.02,874.41,20324141.00,{},878.13
2023-11-01,874.04,878.33,868.45,869.92,16086212.00,{},874.41
2023-11-02,871.55,875.26,859.89,859.93,14696377.00,{},869.92
2023-11-03,861.54,877.09,861.54,875.37,17361652.00,{},859.93
2023-11-06,880.60,891.56,880.60,890.21,22588830.00,{},875.37
2023-11-07,887.20,892.99,883.75,891.46,19798147.00,{},890.21
2023-11-08,890.87,905.94,889.89,899.63,22146826.00,{},891.46
2023-11-09,897.93,904.59,891.49,893.80,20711730.00,{},899.63
2023-11-10,888.99,894.63,885.30,889.75,16883019.00,{},893.80
2023-11-13,893.50,897.11,888.55,896.55,17875503.00,{},889.75
2023-11-14,895.81,904.71,893.28,904.34,21101284.00,{},896.55
2023-11-15,912.63,913.20,900.62,902.18,22918258.00,{},904.34
2023-11-16,898.74,900.15,886.77,887.11,18718815.00,{},902.18
2023-11-17,886.67,891.95,884.51,891.38,18134883.00,{},887.11
2023-11-20,890.90,896.07,883.03,892.63,21501083.00,{},891.38
2023-11-21,892.92,896.96,884.60,884.89,19630210.00,{},892.63
2023-11-22,881.96,884.71,870.76,870.76,16915590.00,{},884.89
2023-11-23,869.85,878.45,866.63,877.77,15187726.00,{},870.76
2023-11-24,875.58,876.26,863.85,864.77,14603206.00,{},877.77
2023-11-27,864.27,869.87,861.38,868.03,16634920.00,{},864.77
2023-11-28,868.81,873.66,863.81,871.91,16621707.00,{},868.03
2023-11-29,870.40,872.90,862.04,862.04,16363503.00,{},871.91
2023-11-30,861.51,865.68,857.63,865.68,16189968.00,{},862.04
2023-12-01,863.33,869.82,856.44,867.54,15860366.00,{},865.68
2023-12-04,867.83,873.51,861.92,861.92,16454691.00,{},867.54
2023-12-05,859.49,859.49,845.60,845.80,15218409.00,{},861.92
2023-12-06,843.82,852.31,842.59,848.79,15882736.00,{},845.80
2023-12-07,847.10,850.08,839.03,847.48,17385923.00,{},848.79
2023-12-08,849.16,868.23,847.93,868.23,24478442.00,{},847.48
2023-12-11,859.97,880.03,854.81,878.52,20641230.00,{},868.23
2023-12-12,876.69,877.83,866.84,869.97,15631617.00,{},878.52
2023-12-13,868.87,875.19,861.03,861.25,14566895.00,{},869.97
2023-12-14,865.09,869.29,855.43,855.90,13153971.00,{},861.25
2023-12-15,857.01,859.25,846.82,847.51,12939167.00,{},855.90
2023-12-18,845.54,847.59,838.32,840.68,12609513.00,{},847.51
2023-12-19,839.64,850.41,838.21,845.86,12152471.00,{},840.68
2023-12-20,847.27,847.59,835.31,835.71,12112031.00,{},845.86
2023-12-21,832.37,850.99,831.93,847.82,14325569.00,{},835.71
2023-12-22,846.67,851.48,839.79,843.32,14511892.00,{},847.82
2023-12-25,840.38,845.56,834.43,837.22,11853019.00,{},843.32
2023-12-26,836.53,836.66,822.44,825.26,11693280.00,{},837.22
2023-12-27,826.83,833.81,826.17,830.06,12035678.00,{},825.26
2023-12-28,828.40,853.49,828.34,850.39,17920884.00,{},830.06
2023-12-29,849.61,854.88,848.33,852.00,17181516.00,{},850.39
2024-01-02,850.97,850.97,839.80,839.80,15138040.00,{},852.00
2024-01-03,838.30,842.20,827.18,829.77,14285605.00,{},839.80
2024-01-04,831.23,831.55,817.75,823.85,12465895.00,{},829.77
2024-01-05,820.40,825.94,803.40,807.73,13831363.00,{},823.85
2024-01-08,802.90,804.60,783.74,784.43,13204224.00,{},807.73
2024-01-09,786.48,793.60,777.56,782.93,13703054.00,{},784.43
2024-01-10,779.08,790.36,771.58,777.15,12740775.00,{},782.93
2024-01-11,775.37,793.14,775.18,789.86,13547240.00,{},777.15
2024-01-12,788.03,790.38,778.11,778.36,13106491.00,{},789.86
2024-01-15,774.96,784.19,770.98,773.41,12190529.00,{},778.36
2024-01-16,771.84,777.53,765.43,777.40,13152859.00,{},773.41
2024-01-17,775.86,776.23,757.04,757.04,11754122.00,{},777.40
2024-01-18,752.29,769.12,741.34,768.28,17344119.00,{},757.04
2024-01-19,767.24,773.15,762.26,765.47,12880392.00,{},768.28
2024-01-22,763.60,764.62,735.41,742.23,17115759.00,{},765.47
2024-01-23,738.38,754.65,733.48,749.74,16124075.00,{},742.23
2024-01-24,753.01,754.22,728.37,750.27,16456236.00,{},749.74
2024-01-25,749.13,768.02,742.93,765.79,18867797.00,{},750.27
2024-01-26,759.94,762.18,742.93,746.10,15653146.00,{},765.79
2024-01-29,748.26,754.59,725.31,725.31,18099305.00,{},746.10
2024-01-30,720.19,722.63,696.56,697.85,15184450.00,{},725.31
2024-01-31,693.85,699.67,681.38,684.85,18790544.00,{},697.85
2024-02-01,680.72,704.66,678.97,690.01,17736774.00,{},684.85
2024-02-02,693.02,694.75,653.62,673.41,20966472.00,{},690.01
2024-02-05,675.40,687.62,635.74,676.79,27776959.00,{},673.41
2024-02-06,675.45,721.38,665.63,720.80,27528071.00,{},676.79
2024-02-07,723.31,744.34,717.70,743.42,30993446.00,{},720.80
2024-02-08,749.64,767.86,745.24,751.50,31037561.00,{},743.42
2024-02-19,762.64,763.36,748.29,763.32,27425987.00,{},751.50
2024-02-20,756.08,758.06,748.60,754.70,19703420.00,{},763.32
2024-02-21,747.25,769.15,744.26,755.16,22272663.00,{},754.70
