candle_end_time,open,close,high,low,amount,info,7,8,9,10,交易日期,开盘价,最高价,最低价,收盘价,成交量,pre_close
2023-11-15,3416.32,3394.49,3421.37,3377.25,40428308.00,{},0.00,6048815.91,0.00,0.00,2023-11-15,3416.32,3421.37,3377.25,3394.49,40428308.00,3394.49
2023-11-16,3378.01,3354.99,3391.46,3354.49,35382028.00,{},2.86,4955907.41,0.00,0.00,2023-11-16,3378.01,3391.46,3354.49,3354.99,35382028.00,3394.49
2023-11-17,3348.60,3386.41,3387.39,3347.35,32212613.00,{},2.60,4767307.11,0.00,0.00,2023-11-17,3348.60,3387.39,3347.35,3386.41,32212613.00,3354.99
2023-11-20,3389.29,3422.72,3424.77,3384.31,39804611.00,{},3.21,5633695.67,0.00,0.00,2023-11-20,3389.29,3424.77,3384.31,3422.72,39804611.00,3386.41
2023-11-21,3424.68,3385.99,3428.70,3377.81,42504546.00,{},3.43,5873452.56,0.00,0.00,2023-11-21,3424.68,3428.70,3377.81,3385.99,42504546.00,3422.72
2023-11-22,3369.82,3334.39,3389.56,3334.39,39426641.00,{},3.18,5344652.66,0.00,0.00,2023-11-22,3369.82,3389.56,3334.39,3334.39,39426641.00,3385.99
2023-11-23,3326.74,3362.22,3366.32,3310.18,32767717.00,{},2.64,4521448.78,0.00,0.00,2023-11-23,3326.74,3366.32,3310.18,3362.22,32767717.00,3334.39
2023-11-24,3362.67,3296.36,3363.67,3286.38,33543007.00,{},2.71,4673928.55,0.00,0.00,2023-11-24,3362.67,3363.67,3286.38,3296.36,33543007.00,3362.22
2023-11-27,3288.36,3307.01,3321.41,3284.84,31666835.00,{},2.56,4402280.03,0.00,0.00,2023-11-27,3288.36,3321.41,3284.84,3307.01,31666835.00,3296.36
2023-11-28,3298.74,3323.05,3325.78,3281.00,29928186.00,{},2.42,3946196.41,0.00,0.00,2023-11-28,3298.74,3325.78,3281.00,3323.05,29928186.00,3307.01
2023-11-29,3318.42,3299.42,3331.22,3293.06,27871408.00,{},2.25,3705171.24,0.00,0.00,2023-11-29,3318.42,3331.22,3293.06,3299.42,27871408.00,3323.05
2023-11-30,3294.67,3276.24,3299.42,3243.10,28217000.00,{},2.28,3778034.44,0.00,0.00,2023-11-30,3294.67,3299.42,3243.10,3276.24,28217000.00,3299.42
2023-12-01,3278.68,3346.73,3352.60,3269.90,40405300.00,{},3.26,5056004.24,0.00,0.00,2023-12-01,3278.68,3352.60,3269.90,3346.73,40405300.00,3276.24
2023-12-04,3345.21,3334.50,3363.15,3328.54,39349280.00,{},3.17,5082854.61,0.00,0.00,2023-12-04,3345.21,3363.15,3328.54,3334.50,39349280.00,3346.73
2023-12-05,3324.46,3253.48,3324.46,3253.48,32912073.00,{},2.66,4442353.78,0.00,0.00,2023-12-05,3324.46,3324.46,3253.48,3253.48,32912073.00,3334.50
2023-12-06,3245.20,3274.76,3305.36,3233.80,34392526.00,{},2.77,4206681.28,0.00,0.00,2023-12-06,3245.20,3305.36,3233.80,3274.76,34392526.00,3253.48
2023-12-07,3272.10,3292.95,3309.24,3264.59,39060176.00,{},3.15,5091815.82,0.00,0.00,2023-12-07,3272.10,3309.24,3264.59,3292.95,39060176.00,3274.76
2023-12-08,3293.00,3315.40,3336.93,3287.08,42455070.00,{},3.43,6138614.74,0.00,0.00,2023-12-08,3293.00,3336.93,3287.08,3315.40,42455070.00,3292.95
2023-12-11,3302.80,3363.15,3365.24,3274.95,41535133.00,{},3.06,5654076.25,0.00,0.00,2023-12-11,3302.80,3365.24,3274.95,3363.15,41535133.00,3315.40
2023-12-12,3362.31,3362.72,3377.65,3348.36,35204413.00,{},2.87,5049204.90,0.00,0.00,2023-12-12,3362.31,3377.65,3348.36,3362.72,35204413.00,3363.15
2023-12-13,3354.57,3329.77,3370.45,3329.74,34881501.00,{},2.84,4854246.97,0.00,0.00,2023-12-13,3354.57,3370.45,3329.74,3329.77,34881501.00,3362.72
2023-12-14,3341.62,3294.06,3366.25,3292.14,31799674.00,{},2.59,4424239.07,0.00,0.00,2023-12-14,3341.62,3366.25,3292.14,3294.06,31799674.00,3329.77
2023-12-15,3298.42,3267.25,3307.31,3258.32,30662043.00,{},2.50,4097833.52,0.00,0.00,2023-12-15,3298.42,3307.31,3258.32,3267.25,30662043.00,3294.06
2023-12-18,3261.95,3206.20,3267.63,3199.63,27453297.00,{},2.24,3738702.71,0.00,0.00,2023-12-18,3261.95,3267.63,3199.63,3206.20,27453297.00,3267.25
2023-12-19,3204.54,3224.26,3239.30,3188.36,24137609.00,{},1.97,3340126.89,0.00,0.00,2023-12-19,3204.54,3239.30,3188.36,3224.26,24137609.00,3206.20
2023-12-20,3230.93,3161.10,3233.77,3160.63,25148916.00,{},2.05,3598427.69,0.00,0.00,2023-12-20,3230.93,3233.77,3160.63,3161.10,25148916.00,3224.26
2023-12-21,3145.91,3187.91,3197.76,3115.24,27539562.00,{},2.24,3793292.34,0.00,0.00,2023-12-21,3145.91,3197.76,3115.24,3187.91,27539562.00,3161.10
2023-12-22,3186.37,3108.47,3188.44,3097.72,38259782.00,{},3.11,4836598.70,0.00,0.00,2023-12-22,3186.37,3188.44,3097.72,3108.47,38259782.00,3187.91
2023-12-25,3112.64,3117.87,3132.45,3090.68,24693750.00,{},2.01,3286726.45,0.00,0.00,2023-12-25,3112.64,3132.45,3090.68,3117.87,24693750.00,3108.47
2023-12-26,3116.63,3057.49,3116.63,3041.42,23258116.00,{},1.89,3115758.67,0.00,0.00,2023-12-26,3116.63,3116.63,3041.42,3057.49,23258116.00,3117.87
2023-12-27,3064.39,3079.92,3087.84,3052.83,25034452.00,{},2.03,3308026.08,0.00,0.00,2023-12-27,3064.39,3087.84,3052.83,3079.92,25034452.00,3057.49
2023-12-28,3073.19,3137.87,3153.20,3049.81,29783995.00,{},2.42,4066528.12,0.00,0.00,2023-12-28,3073.19,3153.20,3049.81,3137.87,29783995.00,3079.92
2023-12-29,3136.32,3207.58,3207.58,3135.03,33456821.00,{},2.71,4549937.93,0.00,0.00,2023-12-29,3136.32,3207.58,3135.03,3207.58,33456821.00,3137.87
2024-01-02,3213.56,3176.94,3215.56,3176.93,30960232.00,{},2.51,4051108.93,0.00,0.00,2024-01-02,3213.56,3215.56,3176.93,3176.94,30960232.00,3207.58
2024-01-03,3164.65,3144.34,3177.01,3119.72,27182859.00,{},2.20,3581117.76,0.00,0.00,2024-01-03,3164.65,3177.01,3119.72,3144.34,27182859.00,3176.94
2024-01-04,3137.70,3124.58,3137.89,3105.34,22881081.00,{},1.85,3103654.59,0.00,0.00,2024-01-04,3137.70,3137.89,3105.34,3124.58,22881081.00,3144.34
2024-01-05,3124.99,3048.98,3131.65,3034.52,25270511.00,{},2.04,3435011.73,0.00,0.00,2024-01-05,3124.99,3131.65,3034.52,3048.98,25270511.00,3124.58
2024-01-08,3042.56,2976.20,3043.29,2976.20,22140730.00,{},1.79,2837569.27,0.00,0.00,2024-01-08,3042.56,3043.29,2976.20,2976.20,22140730.00,3048.98
2024-01-09,2989.54,2979.60,3016.46,2956.92,26596300.00,{},2.15,3156755.78,0.00,0.00,2024-01-09,2989.54,3016.46,2956.92,2979.60,26596300.00,2976.20
2024-01-10,2971.91,2940.42,2987.34,2913.33,24903238.00,{},2.01,2882421.60,0.00,0.00,2024-01-10,2971.91,2987.34,2913.33,2940.42,24903238.00,2979.60
2024-01-11,2939.31,3013.27,3024.41,2936.26,25681750.00,{},2.08,3211846.29,0.00,0.00,2024-01-11,2939.31,3024.41,2936.26,3013.27,25681750.00,2940.42
2024-01-12,3005.77,2971.40,3015.74,2969.59,23139622.00,{},1.87,2909492.29,0.00,0.00,2024-01-12,3005.77,3015.74,2969.59,2971.40,23139622.00,3013.27
2024-01-15,2959.81,2961.26,2990.93,2937.08,19957696.00,{},1.61,2541457.56,0.00,0.00,2024-01-15,2959.81,2990.93,2937.08,2961.26,19957696.00,2971.40
2024-01-16,2959.14,2947.34,2959.14,2898.11,22427644.00,{},1.81,2687556.20,0.00,0.00,2024-01-16,2959.14,2959.14,2898.11,2947.34,22427644.00,2961.26
2024-01-17,2941.82,2863.33,2941.82,2863.33,20220926.00,{},1.63,2562312.36,0.00,0.00,2024-01-17,2941.82,2941.82,2863.33,2863.33,20220926.00,2947.34
2024-01-18,2845.86,2877.34,2878.86,2784.36,29694374.00,{},2.40,3726434.86,0.00,0.00,2024-01-18,2845.86,2878.86,2784.36,2877.34,29694374.00,2863.33
2024-01-19,2874.47,2830.66,2898.92,2830.66,25474415.00,{},2.06,3260039.16,0.00,0.00,2024-01-19,2874.47,2898.92,2830.66,2830.66,25474415.00,2877.34
2024-01-22,2828.65,2656.97,2830.62,2639.13,29869457.00,{},2.41,3584024.60,0.00,0.00,2024-01-22,2828.65,2830.62,2639.13,2656.97,29869457.00,2830.66
2024-01-23,2652.85,2699.53,2712.60,2628.44,27673658.00,{},2.24,3350431.67,0.00,0.00,2024-01-23,2652.85,2712.60,2628.44,2699.53,27673658.00,2656.97
2024-01-24,2709.56,2722.74,2726.47,2613.18,27458411.00,{},2.22,3326509.05,0.00,0.00,2024-01-24,2709.56,2726.47,2613.18,2722.74,27458411.00,2699.53
2024-01-25,2718.41,2808.81,2809.40,2689.83,31217039.00,{},2.52,3983481.68,0.00,0.00,2024-01-25,2718.41,2809.40,2689.83,2808.81,31217039.00,2722.74
2024-01-26,2797.17,2769.32,2832.96,2762.68,29776875.00,{},2.41,3647569.19,0.00,0.00,2024-01-26,2797.17,2832.96,2762.68,2769.32,29776875.00,2808.81
2024-01-29,2769.24,2659.67,2779.31,2659.67,26636171.00,{},2.15,3317585.86,0.00,0.00,2024-01-29,2769.24,2779.31,2659.67,2659.67,26636171.00,2769.32
2024-01-30,2641.19,2572.52,2670.10,2568.98,22990329.00,{},1.86,2694819.32,0.00,0.00,2024-01-30,2641.19,2670.10,2568.98,2572.52,22990329.00,2659.67
2024-01-31,2550.32,2453.13,2575.45,2449.37,31708278.00,{},2.56,3451869.34,0.00,0.00,2024-01-31,2550.32,2575.45,2449.37,2453.13,31708278.00,2572.52
2024-02-01,2435.30,2441.34,2507.46,2401.84,29327125.00,{},2.37,3138801.58,0.00,0.00,2024-02-01,2435.30,2507.46,2401.84,2441.34,29327125.00,2453.13
2024-02-02,2445.41,2337.59,2486.28,2252.15,34886909.00,{},2.82,3554892.30,0.00,0.00,2024-02-02,2445.41,2486.28,2252.15,2337.59,34886909.00,2441.34
2024-02-05,2314.86,2146.21,2314.86,2078.97,44842556.00,{},3.62,3994018.63,0.00,0.00,2024-02-05,2314.86,2314.86,2078.97,2146.21,44842556.00,2337.59
2024-02-06,2113.87,2327.03,2358.94,2098.48,44190030.00,{},3.57,4126010.95,0.00,0.00,2024-02-06,2113.87,2358.94,2098.48,2327.03,44190030.00,2146.21
2024-02-07,2328.78,2403.76,2455.69,2323.90,44350954.00,{},3.58,4501496.58,0.00,0.00,2024-02-07,2328.78,2455.69,2323.90,2403.76,44350954.00,2327.03
2024-02-08,2418.63,2548.20,2568.70,2418.63,45813531.00,{},3.70,4748926.64,0.00,0.00,2024-02-08,2418.63,2568.70,2418.63,2548.20,45813531.00,2403.76
2024-02-19,2611.73,2613.53,2624.40,2554.91,47934596.00,{},3.84,5137422.03,0.00,0.00,2024-02-19,2611.73,2624.40,2554.91,2613.53,47934596.00,2548.20
2024-02-20,2594.15,2626.83,2634.53,2567.23,39041221.00,{},3.12,4821827.46,0.00,0.00,2024-02-20,2594.15,2634.53,2567.23,2626.83,39041221.00,2613.53
2024-02-21,2590.43,2633.30,2709.91,2579.71,45639015.00,{},3.65,5251535.23,0.00,0.00,2024-02-21,2590.43,2709.91,2579.71,2633.30,45639015.00,2626.83
2024-02-22,2643.12,2697.75,2698.69,2643.12,38406665.00,{},3.07,4700983.27,0.00,0.00,2024-02-22,2643.12,2698.69,2643.12,2697.75,38406665.00,2633.30
2024-02-23,2714.56,2755.45,2755.45,2682.54,47160448.00,{},3.77,5757998.48,0.00,0.00,2024-02-23,2714.56,2755.45,2682.54,2755.45,47160448.00,2697.75
2024-02-26,2750.67,2776.49,2820.68,2733.87,47001082.00,{},3.76,5522328.37,0.00,0.00,2024-02-26,2750.67,2820.68,2733.87,2776.49,47001082.00,2755.45
2024-02-27,2762.86,2883.05,2883.05,2750.57,52099236.00,{},4.16,6298392.04,0.00,0.00,2024-02-27,2762.86,2883.05,2750.57,2883.05,52099236.00,2776.49
2024-02-28,2886.27,2694.95,2930.15,2694.95,65934632.00,{},5.27,7828910.63,0.00,0.00,2024-02-28,2886.27,2930.15,2694.95,2694.95,65934632.00,2883.05
2024-02-29,2675.20,2829.09,2829.09,2675.20,45646305.00,{},3.65,5612712.58,0.00,0.00,2024-02-29,2675.20,2829.09,2675.20,2829.09,45646305.00,2694.95
2024-03-01,2833.49,2884.25,2891.15,2821.55,46727345.00,{},3.73,6406670.14,0.00,0.00,2024-03-01,2833.49,2891.15,2821.55,2884.25,46727345.00,2829.09
2024-03-04,2902.00,2911.79,2911.99,2841.98,48749246.00,{},3.89,6533256.33,0.00,0.00,2024-03-04,2902.00,2911.99,2841.98,2911.79,48749246.00,2884.25
2024-03-05,2881.38,2863.77,2900.40,2842.16,47006842.00,{},3.76,6568307.57,0.00,0.00,2024-03-05,2881.38,2900.40,2842.16,2863.77,47006842.00,2911.79
2024-03-06,2842.46,2867.22,2899.52,2816.45,39062839.00,{},3.12,5268185.61,0.00,0.00,2024-03-06,2842.46,2899.52,2816.45,2867.22,39062839.00,2863.77
2024-03-07,2867.23,2790.17,2892.63,2790.17,39779700.00,{},3.17,5194044.28,0.00,0.00,2024-03-07,2867.23,2892.63,2790.17,2790.17,39779700.00,2867.22
2024-03-08,2798.90,2849.10,2857.05,2787.08,32522508.00,{},2.59,4379487.99,0.00,0.00,2024-03-08,2798.90,2857.05,2787.08,2849.10,32522508.00,2790.17
2024-03-11,2831.86,2914.82,2914.82,2825.62,38657101.00,{},3.08,5108171.78,0.00,0.00,2024-03-11,2831.86,2914.82,2825.62,2914.82,38657101.00,2849.10
2024-03-12,2925.52,2946.10,2965.37,2914.89,49459787.00,{},3.95,6260585.95,0.00,0.00,2024-03-12,2925.52,2965.37,2914.89,2946.10,49459787.00,2914.82
2024-03-13,2954.18,2980.11,3008.57,2946.01,54063393.00,{},4.31,6884845.06,0.00,0.00,2024-03-13,2954.18,3008.57,2946.01,2980.11,54063393.00,2946.10
2024-03-14,2966.78,2940.94,2980.38,2901.69,43358699.00,{},3.46,5487051.32,0.00,0.00,2024-03-14,2966.78,2980.38,2901.69,2940.94,43358699.00,2980.11
2024-03-15,2933.82,2982.68,2982.68,2923.78,38699637.00,{},3.09,5159877.98,0.00,0.00,2024-03-15,2933.82,2982.68,2923.78,2982.68,38699637.00,2940.94
2024-03-18,2993.61,3041.81,3041.81,2978.96,47038943.00,{},3.75,6346719.94,0.00,0.00,2024-03-18,2993.61,3041.81,2978.96,3041.81,47038943.00,2982.68
2024-03-19,3031.36,3018.99,3048.79,3018.95,45437956.00,{},3.62,6093338.07,0.00,0.00,2024-03-19,3031.36,3048.79,3018.95,3018.99,45437956.00,3041.81
2024-03-20,3012.97,3065.30,3068.66,3012.97,46884136.00,{},3.74,6281581.99,0.00,0.00,2024-03-20,3012.97,3068.66,3012.97,3065.30,46884136.00,3018.99
2024-03-21,3077.56,3074.02,3097.18,3056.63,52886064.00,{},4.22,6851003.37,0.00,0.00,2024-03-21,3077.56,3097.18,3056.63,3074.02,52886064.00,3065.30
2024-03-22,3065.25,3056.36,3088.56,3010.59,61693440.00,{},4.92,7885415.66,0.00,0.00,2024-03-22,3065.25,3088.56,3010.59,3056.36,61693440.00,3074.02
2024-03-25,3048.76,2950.60,3059.04,2949.69,53235391.00,{},4.24,6962494.23,0.00,0.00,2024-03-25,3048.76,3059.04,2949.69,2950.60,53235391.00,3056.36
2024-03-26,2938.12,2918.61,2969.11,2883.53,45043811.00,{},3.59,5878306.66,0.00,0.00,2024-03-26,2938.12,2969.11,2883.53,2918.61,45043811.00,2950.60
2024-03-27,2907.69,2778.74,2909.45,2778.74,45600594.00,{},3.63,5497264.80,0.00,0.00,2024-03-27,2907.69,2909.45,2778.74,2778.74,45600594.00,2918.61
2024-03-28,2779.27,2876.19,2899.36,2779.27,47769534.00,{},3.80,5854534.21,0.00,0.00,2024-03-28,2779.27,2899.36,2779.27,2876.19,47769534.00,2778.74
2024-03-29,2870.00,2899.47,2900.21,2838.52,42457917.00,{},3.38,5254429.78,0.00,0.00,2024-03-29,2870.00,2900.21,2838.52,2899.47,42457917.00,2876.19
2024-04-01,2909.44,2976.13,2976.13,2909.44,43185397.00,{},3.44,5487253.59,0.00,0.00,2024-04-01,2909.44,2976.13,2909.44,2976.13,43185397.00,2899.47
2024-04-02,2971.40,2935.52,2971.40,2915.34,42615444.00,{},3.39,5453003.60,0.00,0.00,2024-04-02,2971.40,2971.40,2915.34,2935.52,42615444.00,2976.13
2024-04-03,2924.73,2884.60,2927.47,2863.67,38551359.00,{},3.07,4986755.32,0.00,0.00,2024-04-03,2924.73,2927.47,2863.67,2884.60,38551359.00,2935.52
2024-04-08,2872.26,2806.15,2872.58,2806.15,33806590.00,{},2.69,4294718.68,0.00,0.00,2024-04-08,2872.26,2872.58,2806.15,2806.15,33806590.00,2884.60
2024-04-09,2809.12,2853.20,2853.20,2798.08,30511529.00,{},2.43,3967662.28,0.00,0.00,2024-04-09,2809.12,2853.20,2798.08,2853.20,30511529.00,2806.15
2024-04-10,2842.16,2771.67,2842.16,2748.05,32857281.00,{},2.61,3857633.30,0.00,0.00,2024-04-10,2842.16,2842.16,2748.05,2771.67,32857281.00,2853.20
2024-04-11,2755.87,2778.28,2821.88,2755.54,35618292.00,{},2.83,4064425.67,0.00,0.00,2024-04-11,2755.87,2821.88,2755.54,2778.28,35618292.00,2771.67
2024-04-12,2776.52,2739.09,2798.52,2736.34,33622935.00,{},2.67,3939843.90,0.00,0.00,2024-04-12,2776.52,2798.52,2736.34,2739.09,33622935.00,2778.28
2024-04-15,2730.35,2685.98,2765.56,2642.54,40408722.00,{},3.21,4565347.34,0.00,0.00,2024-04-15,2730.35,2765.56,2642.54,2685.98,40408722.00,2739.09
2024-04-16,2663.43,2541.30,2683.44,2539.39,42564956.00,{},3.39,4587934.06,0.00,0.00,2024-04-16,2663.43,2683.44,2539.39,2541.30,42564956.00,2685.98
2024-04-17,2580.20,2696.08,2696.08,2580.20,39452778.00,{},3.14,4577211.02,0.00,0.00,2024-04-17,2580.20,2696.08,2580.20,2696.08,39452778.00,2541.30
2024-04-18,2689.04,2686.98,2730.02,2651.99,37960105.00,{},3.02,4753731.76,0.00,0.00,2024-04-18,2689.04,2730.02,2651.99,2686.98,37960105.00,2696.08
2024-04-19,2668.74,2659.25,2690.42,2633.70,33549861.00,{},2.67,4198364.56,0.00,0.00,2024-04-19,2668.74,2690.42,2633.70,2659.25,33549861.00,2686.98
2024-04-22,2627.20,2659.73,2676.74,2588.69,31126823.00,{},2.47,3826050.61,0.00,0.00,2024-04-22,2627.20,2676.74,2588.69,2659.73,31126823.00,2659.25
2024-04-23,2661.75,2677.38,2693.46,2659.24,32334232.00,{},2.57,4053510.77,0.00,0.00,2024-04-23,2661.75,2693.46,2659.24,2677.38,32334232.00,2659.73
2024-04-24,2672.94,2753.02,2753.02,2668.46,39615158.00,{},3.15,4913043.01,0.00,0.00,2024-04-24,2672.94,2753.02,2668.46,2753.02,39615158.00,2677.38
2024-04-25,2730.49,2746.29,2778.28,2722.05,36110374.00,{},2.86,4584808.90,0.00,0.00,2024-04-25,2730.49,2778.28,2722.05,2746.29,36110374.00,2753.02
2024-04-26,2740.75,2812.83,2825.09,2740.75,45939233.00,{},3.64,5760115.69,0.00,0.00,2024-04-26,2740.75,2825.09,2740.75,2812.83,45939233.00,2746.29
2024-04-29,2821.78,2890.23,2895.48,2821.78,47195124.00,{},3.73,5942658.88,0.00,0.00,2024-04-29,2821.78,2895.48,2821.78,2890.23,47195124.00,2812.83
2024-04-30,2888.57,2866.99,2900.06,2851.87,39415242.00,{},3.11,4892137.31,0.00,0.00,2024-04-30,2888.57,2900.06,2851.87,2866.99,39415242.00,2890.23
2024-05-06,2911.77,2915.95,2930.20,2900.11,40655541.00,{},3.21,5196369.61,0.00,0.00,2024-05-06,2911.77,2930.20,2900.11,2915.95,40655541.00,2866.99
2024-05-07,2916.99,2937.68,2945.61,2908.29,42714040.00,{},3.37,5575762.79,0.00,0.00,2024-05-07,2916.99,2945.61,2908.29,2937.68,42714040.00,2915.95
2024-05-08,2922.41,2876.30,2922.41,2872.10,40667402.00,{},3.21,5164069.69,0.00,0.00,2024-05-08,2922.41,2922.41,2872.10,2876.30,40667402.00,2937.68
2024-05-09,2871.27,2919.37,2926.08,2871.27,37186710.00,{},2.94,4761353.94,0.00,0.00,2024-05-09,2871.27,2926.08,2871.27,2919.37,37186710.00,2876.30
2024-05-10,2919.62,2868.80,2925.08,2861.39,37420821.00,{},2.95,4763597.64,0.00,0.00,2024-05-10,2919.62,2925.08,2861.39,2868.80,37420821.00,2919.37
2024-05-13,2841.11,2810.88,2845.40,2799.23,33754887.00,{},2.66,4304790.84,0.00,0.00,2024-05-13,2841.11,2845.40,2799.23,2810.88,33754887.00,2868.80
2024-05-14,2821.71,2839.16,2857.72,2817.32,37190010.00,{},2.94,4209309.04,0.00,0.00,2024-05-14,2821.71,2857.72,2817.32,2839.16,37190010.00,2810.88
2024-05-15,2834.98,2801.01,2844.14,2797.56,33806128.00,{},2.67,3896684.14,0.00,0.00,2024-05-15,2834.98,2844.14,2797.56,2801.01,33806128.00,2839.16
2024-05-16,2808.10,2801.54,2831.75,2793.58,33685547.00,{},2.66,3798410.36,0.00,0.00,2024-05-16,2808.10,2831.75,2793.58,2801.54,33685547.00,2801.01
2024-05-17,2800.85,2840.13,2840.13,2781.66,34562980.00,{},2.72,4025197.98,0.00,0.00,2024-05-17,2800.85,2840.13,2781.66,2840.13,34562980.00,2801.54
2024-05-20,2836.55,2856.65,2868.88,2823.97,34580714.00,{},2.73,4238796.36,0.00,0.00,2024-05-20,2836.55,2868.88,2823.97,2856.65,34580714.00,2840.13
2024-05-21,2852.86,2830.04,2856.46,2820.40,33959283.00,{},2.68,3918741.99,0.00,0.00,2024-05-21,2852.86,2856.46,2820.40,2830.04,33959283.00,2856.65
2024-05-22,2822.65,2838.84,2840.30,2806.54,31238158.00,{},2.46,3675296.75,0.00,0.00,2024-05-22,2822.65,2840.30,2806.54,2838.84,31238158.00,2830.04
2024-05-23,2832.09,2766.90,2832.09,2762.46,32679632.00,{},2.57,3829711.38,0.00,0.00,2024-05-23,2832.09,2832.09,2762.46,2766.90,32679632.00,2838.84
2024-05-24,2761.28,2717.45,2779.05,2717.44,28721482.00,{},2.26,3387548.89,0.00,0.00,2024-05-24,2761.28,2779.05,2717.44,2717.45,28721482.00,2766.90
2024-05-27,2723.49,2745.53,2745.58,2672.10,28293679.00,{},2.23,3277240.13,0.00,0.00,2024-05-27,2723.49,2745.58,2672.10,2745.53,28293679.00,2717.45
2024-05-28,2732.76,2715.90,2761.75,2714.29,26684207.00,{},2.10,3368956.27,0.00,0.00,2024-05-28,2732.76,2761.75,2714.29,2715.90,26684207.00,2745.53
2024-05-29,2712.27,2717.74,2744.28,2702.02,26194616.00,{},2.06,3100211.75,0.00,0.00,2024-05-29,2712.27,2744.28,2702.02,2717.74,26194616.00,2715.90
2024-05-30,2705.61,2728.86,2744.87,2687.01,26219530.00,{},2.06,3361669.90,0.00,0.00,2024-05-30,2705.61,2744.87,2687.01,2728.86,26219530.00,2717.74
2024-05-31,2728.70,2764.02,2773.89,2728.70,30701128.00,{},2.42,3843902.70,0.00,0.00,2024-05-31,2728.70,2773.89,2728.70,2764.02,30701128.00,2728.86
2024-06-03,2764.72,2730.38,2768.95,2707.37,32642990.00,{},2.57,4128088.13,0.00,0.00,2024-06-03,2764.72,2768.95,2707.37,2730.38,32642990.00,2764.02
2024-06-04,2713.49,2722.85,2727.41,2686.52,33070057.00,{},2.60,3651725.96,0.00,0.00,2024-06-04,2713.49,2727.41,2686.52,2722.85,33070057.00,2730.38
2024-06-05,2712.22,2692.45,2742.33,2692.45,29998355.00,{},2.36,3533719.93,0.00,0.00,2024-06-05,2712.22,2742.33,2692.45,2692.45,29998355.00,2722.85
2024-06-06,2697.99,2611.09,2717.00,2602.96,38170770.00,{},3.00,4145967.58,0.00,0.00,2024-06-06,2697.99,2717.00,2602.96,2611.09,38170770.00,2692.45
2024-06-07,2631.70,2614.69,2650.98,2585.19,26315144.00,{},2.07,3023374.54,0.00,0.00,2024-06-07,2631.70,2650.98,2585.19,2614.69,26315144.00,2611.09
2024-06-11,2606.04,2673.70,2676.90,2577.01,27358711.00,{},2.15,3362695.08,0.00,0.00,2024-06-11,2606.04,2676.90,2577.01,2673.70,27358711.00,2614.69
2024-06-12,2668.04,2690.34,2700.76,2667.79,28503164.00,{},2.24,3479313.94,0.00,0.00,2024-06-12,2668.04,2700.76,2667.79,2690.34,28503164.00,2673.70
2024-06-13,2690.92,2682.52,2703.83,2678.52,28595731.00,{},2.25,3560254.08,0.00,0.00,2024-06-13,2690.92,2703.83,2678.52,2682.52,28595731.00,2690.34
2024-06-14,2676.02,2684.33,2692.74,2658.76,29846647.00,{},2.35,3897789.77,0.00,0.00,2024-06-14,2676.02,2692.74,2658.76,2684.33,29846647.00,2682.52
2024-06-17,2671.07,2694.90,2703.94,2667.25,24590883.00,{},2.06,3206505.10,0.00,0.00,2024-06-17,2671.07,2703.94,2667.25,2694.90,24590883.00,2684.33
2024-06-18,2694.33,2724.18,2728.92,2690.04,25116660.00,{},2.11,3257407.58,0.00,0.00,2024-06-18,2694.33,2728.92,2690.04,2724.18,25116660.00,2694.90
2024-06-19,2724.74,2699.31,2735.64,2693.40,27157817.00,{},2.28,3466215.46,0.00,0.00,2024-06-19,2724.74,2735.64,2693.40,2699.31,27157817.00,2724.18
2024-06-20,2690.72,2625.21,2703.26,2625.21,29196133.00,{},2.45,3615125.96,0.00,0.00,2024-06-20,2690.72,2703.26,2625.21,2625.21,29196133.00,2699.31
2024-06-21,2616.38,2622.12,2641.35,2589.74,22197270.00,{},1.86,2772764.76,0.00,0.00,2024-06-21,2616.38,2641.35,2589.74,2622.12,22197270.00,2625.21
2024-06-24,2604.30,2522.25,2610.53,2519.61,27535363.00,{},2.31,3349092.98,0.00,0.00,2024-06-24,2604.30,2610.53,2519.61,2522.25,27535363.00,2622.12
2024-06-25,2523.65,2488.75,2541.00,2467.58,24313118.00,{},2.03,2990941.91,0.00,0.00,2024-06-25,2523.65,2541.00,2467.58,2488.75,24313118.00,2522.25
2024-06-26,2486.46,2602.24,2603.32,2467.46,30920143.00,{},2.59,3617032.97,0.00,0.00,2024-06-26,2486.46,2603.32,2467.46,2602.24,30920143.00,2488.75
2024-06-27,2586.19,2540.11,2594.67,2538.91,27906964.00,{},2.34,3422154.37,0.00,0.00,2024-06-27,2586.19,2594.67,2538.91,2540.11,27906964.00,2602.24
2024-06-28,2535.31,2551.56,2599.64,2535.18,28151340.00,{},2.36,3477647.82,0.00,0.00,2024-06-28,2535.31,2599.64,2535.18,2551.56,28151340.00,2540.11
2024-07-01,2550.42,2566.28,2573.25,2509.55,23853206.00,{},2.00,2898373.11,0.00,0.00,2024-07-01,2550.42,2573.25,2509.55,2566.28,23853206.00,2551.56
2024-07-02,2566.98,2560.68,2591.74,2550.82,26027977.00,{},2.18,3100002.42,0.00,0.00,2024-07-02,2566.98,2591.74,2550.82,2560.68,26027977.00,2566.28
2024-07-03,2556.23,2530.60,2559.38,2523.17,22868387.00,{},1.91,2790764.95,0.00,0.00,2024-07-03,2556.23,2559.38,2523.17,2530.60,22868387.00,2560.68
2024-07-04,2529.68,2460.49,2539.05,2455.04,23007590.00,{},1.92,2658645.22,0.00,0.00,2024-07-04,2529.68,2539.05,2455.04,2460.49,23007590.00,2530.60
2024-07-05,2456.80,2487.63,2501.96,2426.22,22408626.00,{},1.87,2536034.64,0.00,0.00,2024-07-05,2456.80,2501.96,2426.22,2487.63,22408626.00,2460.49
2024-07-08,2480.88,2417.85,2480.88,2409.34,23483373.00,{},1.95,2716206.68,0.00,0.00,2024-07-08,2480.88,2480.88,2409.34,2417.85,23483373.00,2487.63
2024-07-09,2415.60,2481.26,2486.64,2389.40,27900624.00,{},2.31,3362220.94,0.00,0.00,2024-07-09,2415.60,2486.64,2389.40,2481.26,27900624.00,2417.85
2024-07-10,2469.82,2478.94,2507.00,2465.99,23925684.00,{},1.98,3032148.16,0.00,0.00,2024-07-10,2469.82,2507.00,2465.99,2478.94,23925684.00,2481.26
2024-07-11,2525.38,2550.94,2554.70,2505.96,28381596.00,{},2.35,3448718.20,0.00,0.00,2024-07-11,2525.38,2554.70,2505.96,2550.94,28381596.00,2478.94
2024-07-12,2539.80,2543.61,2556.76,2530.64,21942012.00,{},1.82,2855412.54,0.00,0.00,2024-07-12,2539.80,2556.76,2530.64,2543.61,21942012.00,2550.94
2024-07-15,2538.40,2506.11,2541.81,2499.95,23483173.00,{},1.94,2779200.47,0.00,0.00,2024-07-15,2538.40,2541.81,2499.95,2506.11,23483173.00,2543.61
2024-07-16,2499.48,2522.26,2528.08,2479.90,22613263.00,{},1.87,2893376.37,0.00,0.00,2024-07-16,2499.48,2528.08,2479.90,2522.26,22613263.00,2506.11
2024-07-17,2518.06,2491.40,2526.40,2491.40,23398949.00,{},1.94,2964833.80,0.00,0.00,2024-07-17,2518.06,2526.40,2491.40,2491.40,23398949.00,2522.26
2024-07-18,2469.24,2492.53,2501.58,2431.78,25228607.00,{},2.09,3197941.42,0.00,0.00,2024-07-18,2469.24,2501.58,2431.78,2492.53,25228607.00,2491.40
2024-07-19,2481.37,2512.31,2532.28,2475.83,23056002.00,{},1.91,3121857.05,0.00,0.00,2024-07-19,2481.37,2532.28,2475.83,2512.31,23056002.00,2492.53
2024-07-22,2519.42,2529.29,2542.68,2512.64,23724842.00,{},1.96,3092729.25,0.00,0.00,2024-07-22,2519.42,2542.68,2512.64,2529.29,23724842.00,2512.31
2024-07-23,2529.54,2461.44,2529.83,2460.76,25837929.00,{},2.14,3178473.94,0.00,0.00,2024-07-23,2529.54,2529.83,2460.76,2461.44,25837929.00,2529.29
2024-07-24,2451.38,2424.82,2475.97,2421.45,27357109.00,{},2.27,3077998.91,0.00,0.00,2024-07-24,2451.38,2475.97,2421.45,2424.82,27357109.00,2461.44
2024-07-25,2405.28,2423.67,2455.26,2395.94,24178241.00,{},2.00,2706311.83,0.00,0.00,2024-07-25,2405.28,2455.26,2395.94,2423.67,24178241.00,2424.82
2024-07-26,2425.56,2463.67,2473.57,2425.56,25160859.00,{},2.08,2844937.58,0.00,0.00,2024-07-26,2425.56,2473.57,2425.56,2463.67,25160859.00,2423.67
2024-07-29,2462.54,2453.06,2466.68,2437.67,24999419.00,{},2.07,2747454.10,0.00,0.00,2024-07-29,2462.54,2466.68,2437.67,2453.06,24999419.00,2463.67
2024-07-30,2444.51,2468.21,2477.44,2428.45,24566420.00,{},2.03,2854023.75,0.00,0.00,2024-07-30,2444.51,2477.44,2428.45,2468.21,24566420.00,2453.06
2024-07-31,2465.25,2566.15,2566.15,2460.99,36819859.00,{},3.05,4315039.95,0.00,0.00,2024-07-31,2465.25,2566.15,2460.99,2566.15,36819859.00,2468.21
2024-08-01,2564.83,2564.35,2588.55,2549.04,31071664.00,{},2.57,3832361.60,0.00,0.00,2024-08-01,2564.83,2588.55,2549.04,2564.35,31071664.00,2566.15
2024-08-02,2543.32,2516.00,2583.24,2512.28,30836048.00,{},2.55,3595889.93,0.00,0.00,2024-08-02,2543.32,2583.24,2512.28,2516.00,30836048.00,2564.35
2024-08-05,2496.33,2424.28,2541.19,2424.28,31611424.00,{},2.62,3566394.21,0.00,0.00,2024-08-05,2496.33,2541.19,2424.28,2424.28,31611424.00,2516.00
2024-08-06,2462.10,2475.15,2478.96,2443.82,25402706.00,{},2.10,2808362.09,0.00,0.00,2024-08-06,2462.10,2478.96,2443.82,2475.15,25402706.00,2424.28
2024-08-07,2472.75,2474.97,2497.38,2462.85,23583786.00,{},1.95,2713247.43,0.00,0.00,2024-08-07,2472.75,2497.38,2462.85,2474.97,23583786.00,2475.15
2024-08-08,2463.64,2462.71,2489.74,2430.42,27119382.00,{},2.25,2986273.13,0.00,0.00,2024-08-08,2463.64,2489.74,2430.42,2462.71,27119382.00,2474.97
2024-08-09,2476.54,2432.54,2488.29,2432.54,23972982.00,{},1.98,2532286.60,0.00,0.00,2024-08-09,2476.54,2488.29,2432.54,2432.54,23972982.00,2462.71
2024-08-12,2430.70,2413.01,2437.62,2403.01,22962851.00,{},1.91,2293662.49,0.00,0.00,2024-08-12,2430.70,2437.62,2403.01,2413.01,22962851.00,2432.54
2024-08-13,2411.84,2430.62,2430.64,2395.96,19470623.00,{},1.62,1946417.62,0.00,0.00,2024-08-13,2411.84,2430.64,2395.96,2430.62,19470623.00,2413.01
2024-08-14,2429.75,2411.45,2430.37,2408.82,20521740.00,{},1.70,2029515.13,0.00,0.00,2024-08-14,2429.75,2430.37,2408.82,2411.45,20521740.00,2430.62
2024-08-15,2404.40,2444.53,2471.07,2395.66,30283895.00,{},2.51,2868450.62,0.00,0.00,2024-08-15,2404.40,2471.07,2395.66,2444.53,30283895.00,2411.45
2024-08-16,2448.87,2445.67,2460.99,2440.81,32526032.00,{},2.69,3113756.74,0.00,0.00,2024-08-16,2448.87,2460.99,2440.81,2445.67,32526032.00,2444.53
2024-08-19,2439.49,2448.75,2473.30,2435.27,34573968.00,{},2.85,3313504.35,0.00,0.00,2024-08-19,2439.49,2473.30,2435.27,2448.75,34573968.00,2445.67
2024-08-20,2440.16,2407.66,2443.05,2399.70,33926988.00,{},2.80,3088665.60,0.00,0.00,2024-08-20,2440.16,2443.05,2399.70,2407.66,33926988.00,2448.75
2024-08-21,2399.02,2395.06,2425.75,2391.93,31067363.00,{},2.56,3031519.11,0.00,0.00,2024-08-21,2399.02,2425.75,2391.93,2395.06,31067363.00,2407.66
2024-08-22,2395.70,2355.53,2411.89,2351.98,30377382.00,{},2.51,3093828.33,0.00,0.00,2024-08-22,2395.70,2411.89,2351.98,2355.53,30377382.00,2395.06
2024-08-23,2349.55,2366.53,2380.38,2337.44,29679389.00,{},2.45,3135118.55,0.00,0.00,2024-08-23,2349.55,2380.38,2337.44,2366.53,29679389.00,2355.53
2024-08-26,2363.14,2374.11,2388.79,2356.63,29193234.00,{},2.41,3055860.60,0.00,0.00,2024-08-26,2363.14,2388.79,2356.63,2374.11,29193234.00,2366.53
2024-08-27,2359.52,2326.33,2363.67,2322.34,28972640.00,{},2.39,2849653.14,0.00,0.00,2024-08-27,2359.52,2363.67,2322.34,2326.33,28972640.00,2374.11
2024-08-28,2314.76,2331.94,2349.80,2301.86,25290419.00,{},2.09,2459252.32,0.00,0.00,2024-08-28,2314.76,2349.80,2301.86,2331.94,25290419.00,2326.33
2024-08-29,2320.20,2388.29,2400.16,2316.74,32673234.00,{},2.69,3337084.75,0.00,0.00,2024-08-29,2320.20,2400.16,2316.74,2388.29,32673234.00,2331.94
2024-08-30,2386.04,2449.23,2483.29,2386.04,46086833.00,{},3.79,4788290.62,0.00,0.00,2024-08-30,2386.04,2483.29,2386.04,2449.23,46086833.00,2388.29
2024-09-02,2448.02,2388.64,2458.04,2387.66,38758932.00,{},3.19,3906073.00,0.00,0.00,2024-09-02,2448.02,2458.04,2387.66,2388.64,38758932.00,2449.23
2024-09-03,2384.66,2424.07,2431.76,2384.66,32259387.00,{},2.66,3365968.80,0.00,0.00,2024-09-03,2384.66,2431.76,2384.66,2424.07,32259387.00,2388.64
2024-09-04,2402.33,2414.61,2441.54,2400.52,32568895.00,{},2.68,3520602.97,0.00,0.00,2024-09-04,2402.33,2441.54,2400.52,2414.61,32568895.00,2424.07
2024-09-05,2413.23,2432.95,2449.75,2413.23,33127145.00,{},2.73,3341516.41,0.00,0.00,2024-09-05,2413.23,2449.75,2413.23,2432.95,33127145.00,2414.61
2024-09-06,2428.43,2374.94,2434.12,2374.94,30081856.00,{},2.48,3067470.21,0.00,0.00,2024-09-06,2428.43,2434.12,2374.94,2374.94,30081856.00,2432.95
2024-09-09,2362.13,2364.71,2396.55,2353.92,25057986.00,{},2.06,2466185.48,0.00,0.00,2024-09-09,2362.13,2396.55,2353.92,2364.71,25057986.00,2374.94
2024-09-10,2368.28,2386.95,2398.15,2327.87,29104163.00,{},2.40,2877987.95,0.00,0.00,2024-09-10,2368.28,2398.15,2327.87,2386.95,29104163.00,2364.71
2024-09-11,2378.24,2386.26,2399.27,2370.07,25617593.00,{},2.11,2787676.41,0.00,0.00,2024-09-11,2378.24,2399.27,2370.07,2386.26,25617593.00,2386.95
2024-09-12,2391.06,2375.50,2415.78,2375.45,28104562.00,{},2.31,2916324.42,0.00,0.00,2024-09-12,2391.06,2415.78,2375.45,2375.50,28104562.00,2386.26
2024-09-13,2374.29,2329.11,2379.95,2329.11,26294503.00,{},2.16,2583550.60,0.00,0.00,2024-09-13,2374.29,2379.95,2329.11,2329.11,26294503.00,2375.50
2024-09-18,2326.09,2306.64,2335.39,2277.57,24087090.00,{},1.98,2246280.66,0.00,0.00,2024-09-18,2326.09,2335.39,2277.57,2306.64,24087090.00,2329.11
2024-09-19,2321.57,2355.10,2373.25,2298.56,30199381.00,{},2.49,3074597.36,0.00,0.00,2024-09-19,2321.57,2373.25,2298.56,2355.10,30199381.00,2306.64
2024-09-20,2357.27,2350.91,2367.44,2333.77,30569893.00,{},2.52,3243223.49,0.00,0.00,2024-09-20,2357.27,2367.44,2333.77,2350.91,30569893.00,2355.10
2024-09-23,2352.83,2355.77,2382.67,2344.93,30246606.00,{},2.49,3339520.42,0.00,0.00,2024-09-23,2352.83,2382.67,2344.93,2355.77,30246606.00,2350.91
2024-09-24,2361.24,2445.00,2445.03,2339.35,46386742.00,{},3.81,4856843.13,0.00,0.00,2024-09-24,2361.24,2445.03,2339.35,2445.00,46386742.00,2355.77
2024-09-25,2469.34,2481.04,2539.55,2469.34,54841858.00,{},4.51,5907194.01,0.00,0.00,2024-09-25,2469.34,2539.55,2469.34,2481.04,54841858.00,2445.00
2024-09-26,2475.11,2579.66,2579.66,2470.92,53167506.00,{},4.37,5925360.66,0.00,0.00,2024-09-26,2475.11,2579.66,2470.92,2579.66,53167506.00,2481.04
2024-09-27,2624.02,2777.64,2815.95,2624.02,76017405.00,{},6.24,9059408.54,0.00,0.00,2024-09-27,2624.02,2815.95,2624.02,2777.64,76017405.00,2579.66
2024-09-30,2936.37,3235.07,3252.88,2911.13,110653804.00,{},9.05,13772083.62,0.00,0.00,2024-09-30,2936.37,3252.88,2911.13,3235.07,110653804.00,2777.64
2024-10-08,3847.84,3759.54,3847.84,3466.24,134727875.00,{},11.02,19522869.66,0.00,0.00,2024-10-08,3847.84,3847.84,3466.24,3759.54,134727875.00,3235.07
2024-10-09,3635.99,3446.21,3737.06,3429.39,129169219.00,{},10.56,19865361.90,0.00,0.00,2024-10-09,3635.99,3737.06,3429.39,3446.21,129169219.00,3759.54
2024-10-10,3506.47,3339.83,3545.12,3330.27,93769600.00,{},7.67,15324824.38,0.00,0.00,2024-10-10,3506.47,3545.12,3330.27,3339.83,93769600.00,3446.21
2024-10-11,3265.90,3175.33,3302.82,3123.83,77502278.00,{},6.33,11911180.96,0.00,0.00,2024-10-11,3265.90,3302.82,3123.83,3175.33,77502278.00,3339.83
2024-10-14,3198.96,3359.90,3359.90,3122.81,77314150.00,{},6.32,12326664.65,0.00,0.00,2024-10-14,3198.96,3359.90,3122.81,3359.90,77314150.00,3175.33
2024-10-15,3330.65,3321.71,3488.82,3299.29,92446766.00,{},7.56,16316190.70,0.00,0.00,2024-10-15,3330.65,3488.82,3299.29,3321.71,92446766.00,3359.90
2024-10-16,3245.20,3335.06,3390.50,3245.20,72803892.00,{},5.95,12618231.61,0.00,0.00,2024-10-16,3245.20,3390.50,3245.20,3335.06,72803892.00,3321.71
2024-10-17,3366.78,3365.57,3462.66,3353.08,87073838.00,{},7.09,15361821.75,0.00,0.00,2024-10-17,3366.78,3462.66,3353.08,3365.57,87073838.00,3335.06
2024-10-18,3338.77,3539.15,3656.84,3334.71,104019810.00,{},8.43,18421650.26,0.00,0.00,2024-10-18,3338.77,3656.84,3334.71,3539.15,104019810.00,3365.57
2024-10-21,3561.24,3697.37,3770.99,3557.31,116838765.00,{},9.47,21083341.72,0.00,0.00,2024-10-21,3561.24,3770.99,3557.31,3697.37,116838765.00,3539.15
2024-10-22,3690.13,3664.06,3740.99,3604.95,114528365.00,{},9.28,18980887.04,0.00,0.00,2024-10-22,3690.13,3740.99,3604.95,3664.06,114528365.00,3697.37
2024-10-23,3636.03,3639.25,3719.41,3620.42,99289335.00,{},8.04,16760824.59,0.00,0.00,2024-10-23,3636.03,3719.41,3620.42,3639.25,99289335.00,3664.06
2024-10-24,3584.81,3591.16,3608.54,3560.22,71571819.00,{},5.80,12514776.54,0.00,0.00,2024-10-24,3584.81,3608.54,3560.22,3591.16,71571819.00,3639.25
2024-10-25,3601.75,3659.37,3711.46,3599.40,81388741.00,{},6.59,13868375.00,0.00,0.00,2024-10-25,3601.75,3711.46,3599.40,3659.37,81388741.00,3591.16
2024-10-28,3659.89,3720.94,3720.94,3630.25,88387109.00,{},7.16,14685420.18,0.00,0.00,2024-10-28,3659.89,3720.94,3630.25,3720.94,88387109.00,3659.37
2024-10-29,3733.92,3651.53,3761.37,3651.53,98877041.00,{},8.00,17245632.00,0.00,0.00,2024-10-29,3733.92,3761.37,3651.53,3651.53,98877041.00,3720.94
2024-10-30,3624.89,3685.63,3698.31,3619.70,87550038.00,{},7.09,15536208.15,0.00,0.00,2024-10-30,3624.89,3698.31,3619.70,3685.63,87550038.00,3651.53
2024-10-31,3691.07,3732.55,3783.84,3651.58,98814699.00,{},8.00,17862938.41,0.00,0.00,2024-10-31,3691.07,3783.84,3651.58,3732.55,98814699.00,3685.63
2024-11-01,3698.91,3521.21,3723.39,3520.92,97689122.00,{},7.91,16096353.09,0.00,0.00,2024-11-01,3698.91,3723.39,3520.92,3521.21,97689122.00,3732.55
2024-11-04,3503.12,3626.65,3626.65,3503.12,66569427.00,{},5.39,11131755.12,0.00,0.00,2024-11-04,3503.12,3626.65,3503.12,3626.65,66569427.00,3521.21
2024-11-05,3625.72,3810.99,3820.65,3619.60,93550807.00,{},7.57,16394032.07,0.00,0.00,2024-11-05,3625.72,3820.65,3619.60,3810.99,93550807.00,3626.65
2024-11-06,3827.30,3847.69,3914.21,3811.62,109707738.00,{},8.87,18974880.28,0.00,0.00,2024-11-06,3827.30,3914.21,3811.62,3847.69,109707738.00,3810.99
2024-11-07,3805.43,3930.35,3930.35,3802.48,101103988.00,{},8.18,16526299.38,0.00,0.00,2024-11-07,3805.43,3930.35,3802.48,3930.35,101103988.00,3847.69
2024-11-08,3980.61,3950.45,4051.43,3936.65,105060535.00,{},8.50,19046720.49,0.00,0.00,2024-11-08,3980.61,4051.43,3936.65,3950.45,105060535.00,3930.35
2024-11-11,3934.55,4087.29,4087.47,3934.55,101345523.00,{},8.20,18513476.67,0.00,0.00,2024-11-11,3934.55,4087.47,3934.55,4087.29,101345523.00,3950.45
2024-11-12,4088.84,3996.85,4090.52,3945.79,93766555.00,{},7.58,16465156.76,0.00,0.00,2024-11-12,4088.84,4090.52,3945.79,3996.85,93766555.00,4087.29
2024-11-13,3959.32,3987.39,4011.20,3897.51,72039707.00,{},5.82,12690315.45,0.00,0.00,2024-11-13,3959.32,4011.20,3897.51,3987.39,72039707.00,3996.85
2024-11-14,3971.44,3836.13,3979.36,3827.71,63956989.00,{},5.17,11181933.19,0.00,0.00,2024-11-14,3971.44,3979.36,3827.71,3836.13,63956989.00,3987.39
2024-11-15,3823.52,3727.50,3899.84,3727.50,68821855.00,{},5.56,11757407.85,0.00,0.00,2024-11-15,3823.52,3899.84,3727.50,3727.50,68821855.00,3836.13
2024-11-18,3742.19,3558.08,3762.36,3531.68,69101931.00,{},5.58,10918795.26,0.00,0.00,2024-11-18,3742.19,3762.36,3531.68,3558.08,69101931.00,3727.50
2024-11-19,3565.52,3698.60,3698.60,3553.84,58902347.00,{},4.76,9523422.94,0.00,0.00,2024-11-19,3565.52,3698.60,3553.84,3698.60,58902347.00,3558.08
2024-11-20,3680.10,3795.94,3817.32,3671.85,74837800.00,{},6.05,11563708.70,0.00,0.00,2024-11-20,3680.10,3817.32,3671.85,3795.94,74837800.00,3698.60
2024-11-21,3773.89,3794.54,3822.05,3745.14,74283516.00,{},6.00,11574999.10,0.00,0.00,2024-11-21,3773.89,3822.05,3745.14,3794.54,74283516.00,3795.94
2024-11-22,3767.96,3623.80,3808.75,3623.54,80026278.00,{},6.47,12468157.44,0.00,0.00,2024-11-22,3767.96,3808.75,3623.54,3623.80,80026278.00,3794.54
2024-11-25,3648.39,3672.07,3673.30,3575.59,66047419.00,{},5.34,10138417.27,0.00,0.00,2024-11-25,3648.39,3673.30,3575.59,3672.07,66047419.00,3623.80
2024-11-26,3654.54,3601.01,3705.70,3599.35,62333793.00,{},5.03,9461592.38,0.00,0.00,2024-11-26,3654.54,3705.70,3599.35,3601.01,62333793.00,3672.07
2024-11-27,3568.46,3724.07,3724.35,3517.62,74174637.00,{},5.99,10693861.17,0.00,0.00,2024-11-27,3568.46,3724.35,3517.62,3724.07,74174637.00,3601.01
2024-11-28,3725.31,3679.11,3764.90,3673.22,76174285.00,{},6.15,10970050.52,0.00,0.00,2024-11-28,3725.31,3764.90,3673.22,3679.11,76174285.00,3724.07
2024-11-29,3661.67,3777.75,3815.77,3647.86,82420339.00,{},6.65,12908497.02,0.00,0.00,2024-11-29,3661.67,3815.77,3647.86,3777.75,82420339.00,3679.11
2024-12-02,3770.12,3850.41,3864.37,3770.12,80506340.00,{},6.50,12683901.31,0.00,0.00,2024-12-02,3770.12,3864.37,3770.12,3850.41,80506340.00,3777.75
2024-12-03,3850.60,3841.79,3875.73,3793.29,76299047.00,{},6.16,12219474.45,0.00,0.00,2024-12-03,3850.60,3875.73,3793.29,3841.79,76299047.00,3850.41
2024-12-04,3836.61,3785.31,3861.23,3761.78,71505064.00,{},5.77,11772591.34,0.00,0.00,2024-12-04,3836.61,3861.23,3761.78,3785.31,71505064.00,3841.79
2024-12-05,3768.35,3857.81,3870.78,3768.35,73210102.00,{},5.91,11646068.56,0.00,0.00,2024-12-05,3768.35,3870.78,3768.35,3857.81,73210102.00,3785.31
2024-12-06,3861.04,3892.75,3926.55,3804.80,86137432.00,{},6.95,13629571.84,0.00,0.00,2024-12-06,3861.04,3926.55,3804.80,3892.75,86137432.00,3857.81
2024-12-09,3887.55,3862.53,3910.80,3823.95,70694094.00,{},5.70,11096679.49,0.00,0.00,2024-12-09,3887.55,3910.80,3823.95,3862.53,70694094.00,3892.75
2024-12-10,4004.94,3919.00,4012.18,3910.01,95064356.00,{},7.67,15723832.46,0.00,0.00,2024-12-10,4004.94,4012.18,3910.01,3919.00,95064356.00,3862.53
2024-12-11,3891.16,3942.99,3949.94,3890.54,72072930.00,{},5.81,11867110.16,0.00,0.00,2024-12-11,3891.16,3949.94,3890.54,3942.99,72072930.00,3919.00
2024-12-12,3940.61,3968.62,3970.52,3895.36,72356699.00,{},5.84,12025477.49,0.00,0.00,2024-12-12,3940.61,3970.52,3895.36,3968.62,72356699.00,3942.99
2024-12-13,3930.21,3880.50,3952.79,3878.63,80157040.00,{},6.47,13108117.27,0.00,0.00,2024-12-13,3930.21,3952.79,3878.63,3880.50,80157040.00,3968.62
2024-12-16,3875.03,3811.01,3882.37,3784.16,75835563.00,{},6.02,10965951.78,0.00,0.00,2024-12-16,3875.03,3882.37,3784.16,3811.01,75835563.00,3880.50
2024-12-17,3794.62,3689.91,3799.49,3681.35,63271363.00,{},5.02,9079167.87,0.00,0.00,2024-12-17,3794.62,3799.49,3681.35,3689.91,63271363.00,3811.01
2024-12-18,3694.49,3736.80,3774.92,3656.46,57558054.00,{},4.56,8599042.15,0.00,0.00,2024-12-18,3694.49,3774.92,3656.46,3736.80,57558054.00,3689.91
2024-12-19,3679.83,3770.55,3783.20,3674.91,62004946.00,{},4.92,9364425.95,0.00,0.00,2024-12-19,3679.83,3783.20,3674.91,3770.55,62004946.00,3736.80
2024-12-20,3758.04,3827.50,3861.94,3750.92,62677911.00,{},4.97,10306946.64,0.00,0.00,2024-12-20,3758.04,3861.94,3750.92,3827.50,62677911.00,3770.55
2024-12-23,3823.34,3677.84,3826.59,3670.13,62403076.00,{},4.95,9473209.43,0.00,0.00,2024-12-23,3823.34,3826.59,3670.13,3677.84,62403076.00,3827.50
2024-12-24,3691.86,3710.84,3723.25,3642.87,49804852.00,{},3.95,7933730.88,0.00,0.00,2024-12-24,3691.86,3723.25,3642.87,3710.84,49804852.00,3677.84
2024-12-25,3698.19,3626.94,3699.57,3600.93,51416923.00,{},4.07,7834556.73,0.00,0.00,2024-12-25,3698.19,3699.57,3600.93,3626.94,51416923.00,3710.84
