candle_end_time,open,close,high,low,amount,info
2019-06-25,0.990,0.991,0.996,0.981,987647.000,
2019-06-26,0.992,0.993,0.995,0.990,328251.000,
2019-06-27,0.996,0.999,1.000,0.994,309612.000,
2019-06-28,0.998,0.998,0.999,0.997,157031.000,
2019-07-01,1.001,1.003,1.006,1.000,426644.000,
2019-07-02,1.005,1.004,1.008,1.003,307954.000,
2019-07-03,1.004,1.008,1.009,1.003,200981.000,
2019-07-04,1.008,1.012,1.012,1.008,157135.000,
2019-07-05,1.013,1.012,1.014,1.011,122574.000,
2019-07-08,1.011,1.005,1.012,1.003,42193.000,
2019-07-09,1.005,1.003,1.007,1.001,18768.000,
2019-07-10,1.001,1.000,1.003,1.000,9563.000,
2019-07-11,1.001,1.007,1.007,1.001,28675.000,
2019-07-12,1.006,1.006,1.007,1.004,11659.000,
2019-07-15,1.007,1.008,1.015,1.006,21957.000,
2019-07-16,1.006,1.004,1.006,1.003,16515.000,
2019-07-17,1.004,1.000,1.004,0.997,9957.000,
2019-07-18,0.995,0.989,0.995,0.984,15965.000,
2019-07-19,0.995,1.002,1.005,0.995,21887.000,
2019-07-22,1.002,0.999,1.002,0.996,9456.000,
2019-07-23,1.005,1.008,1.012,1.005,44597.000,
2019-07-24,1.011,1.011,1.013,1.008,84570.000,
2019-07-25,1.011,1.013,1.014,1.011,71134.000,
2019-07-26,1.009,1.005,1.009,1.002,30947.000,
2019-07-29,1.001,1.003,1.005,1.000,11290.000,
2019-07-30,1.008,1.007,1.009,1.006,53517.000,
2019-07-31,1.000,1.002,1.003,0.999,18867.000,
2019-08-01,0.997,0.999,1.000,0.997,20621.000,
2019-08-02,0.991,1.000,1.057,0.990,51159.000,
2019-08-05,0.995,1.005,1.011,0.995,70122.000,
2019-08-06,1.004,0.995,1.004,0.986,32415.000,
2019-08-07,0.995,0.994,0.995,0.990,9698.000,
2019-08-08,0.996,1.003,1.003,0.996,21264.000,
2019-08-09,1.006,1.009,1.009,1.006,19788.000,
2019-08-12,1.009,1.007,1.011,1.007,21509.000,
2019-08-13,1.005,1.001,1.005,0.996,9506.000,
2019-08-14,1.003,0.997,1.010,0.994,20575.000,
2019-08-15,0.990,0.993,0.993,0.986,12115.000,
2019-08-16,0.993,0.993,0.997,0.988,6674.000,
2019-08-19,0.999,0.997,0.999,0.993,6110.000,
2019-08-20,0.995,0.997,0.999,0.995,8447.000,
2019-08-21,0.998,0.994,0.998,0.994,8447.000,
2019-08-22,0.998,0.999,0.999,0.996,10720.000,
2019-08-23,0.999,1.002,1.004,0.998,20285.000,
2019-08-26,0.993,0.998,1.001,0.993,27819.000,
2019-08-27,1.003,1.003,1.006,1.002,22896.000,
2019-08-28,1.003,1.003,1.006,1.002,7387.000,
2019-08-29,1.005,1.004,1.005,1.000,13697.000,
2019-08-30,1.004,1.005,1.008,1.003,33518.000,
2019-09-02,1.003,1.008,1.010,1.003,26069.000,
2019-09-03,1.007,1.008,1.011,1.007,16049.000,
2019-09-04,1.008,1.011,1.012,1.008,38955.000,
2019-09-05,1.017,1.023,1.026,1.017,84335.000,
2019-09-06,1.023,1.021,1.028,1.020,25790.000,
2019-09-09,1.023,1.030,1.030,1.023,30376.000,
2019-09-10,1.030,1.029,1.030,1.011,24268.000,
2019-09-11,1.030,1.034,1.034,1.029,14598.000,
2019-09-12,1.038,1.040,1.043,1.038,29284.000,
2019-09-16,1.045,1.043,1.050,1.041,33833.000,
2019-09-17,1.050,1.043,1.050,1.037,25414.000,
2019-09-18,1.041,1.045,1.046,1.041,15184.000,
2019-09-19,1.053,1.053,1.057,1.052,37368.000,
2019-09-20,1.055,1.054,1.060,1.052,24148.000,
2019-09-23,1.054,1.059,1.060,1.054,15145.000,
2019-09-24,1.062,1.062,1.066,1.060,16587.000,
2019-09-25,1.055,1.059,1.062,1.055,16702.000,
2019-09-26,1.062,1.061,1.064,1.059,16716.000,
2019-09-27,1.061,1.065,1.067,1.060,32643.000,
2019-09-30,1.067,1.058,1.067,1.056,19031.000,
2019-10-08,1.056,1.051,1.059,1.050,15124.000,
2019-10-09,1.048,1.050,1.051,1.044,6927.000,
2019-10-10,1.046,1.046,1.049,1.045,10006.000,
2019-10-11,1.055,1.053,1.101,1.049,5581.000,
2019-10-14,1.053,1.050,1.053,1.046,13788.000,
2019-10-15,1.057,1.064,1.065,1.057,8448.000,
2019-10-16,1.071,1.076,1.081,1.071,13811.000,
2019-10-17,1.076,1.074,1.079,1.074,4848.000,
2019-10-18,1.076,1.072,1.080,1.072,15823.000,
2019-10-21,1.074,1.077,1.078,1.074,11039.000,
2019-10-22,1.081,1.089,1.089,1.076,13725.000,
2019-10-23,1.086,1.089,1.089,1.082,9299.000,
2019-10-24,1.091,1.089,1.091,1.085,5961.000,
2019-10-25,1.088,1.088,1.089,1.085,4117.000,
2019-10-28,1.087,1.089,1.092,1.087,7103.000,
2019-10-29,1.090,1.093,1.094,1.090,4653.000,
2019-10-30,1.091,1.087,1.093,1.087,4075.000,
2019-10-31,1.093,1.088,1.093,1.088,4700.000,
2019-11-01,1.088,1.092,1.093,1.088,13791.000,
2019-11-04,1.093,1.096,1.096,1.091,11846.000,
2019-11-05,1.103,1.104,1.106,1.101,13924.000,
2019-11-06,1.101,1.099,1.101,1.096,10479.000,
2019-11-07,1.099,1.104,1.105,1.099,6434.000,
2019-11-08,1.104,1.097,1.105,1.096,17720.000,
2019-11-11,1.098,1.097,1.100,1.097,9022.000,
2019-11-12,1.102,1.107,1.108,1.098,11338.000,
2019-11-13,1.106,1.105,1.106,1.099,14343.000,
2019-11-14,1.105,1.101,1.106,1.099,14588.000,
2019-11-15,1.104,1.108,1.108,1.104,6968.000,
2019-11-18,1.108,1.110,1.110,1.105,15059.000,
2019-11-19,1.108,1.109,1.111,1.107,8780.000,
2019-11-20,1.109,1.102,1.109,1.102,8378.000,
2019-11-21,1.097,1.099,1.099,1.088,9346.000,
2019-11-22,1.100,1.103,1.105,1.100,7877.000,
2019-11-25,1.107,1.111,1.112,1.107,8956.000,
2019-11-26,1.115,1.113,1.119,1.112,10250.000,
2019-11-27,1.115,1.117,1.118,1.115,5414.000,
2019-11-28,1.109,1.113,1.115,1.109,2986.000,
2019-11-29,1.113,1.109,1.113,1.105,4638.000,
2019-12-02,1.110,1.110,1.112,1.109,13917.000,
2019-12-03,1.100,1.108,1.110,1.100,5660.000,
2019-12-04,1.105,1.104,1.106,1.103,13092.000,
2019-12-05,1.108,1.109,1.109,1.105,10795.000,
2019-12-06,1.115,1.111,1.115,1.110,8064.000,
2019-12-09,1.111,1.114,1.117,1.111,6475.000,
2019-12-10,1.116,1.116,1.117,1.112,16634.000,
2019-12-11,1.117,1.113,1.119,1.112,29027.000,
2019-12-12,1.114,1.113,1.117,1.113,9090.000,
2019-12-13,1.128,1.127,1.128,1.119,19364.000,
2019-12-16,1.127,1.128,1.131,1.127,8741.000,
2019-12-17,1.130,1.131,1.131,1.129,8683.000,
2019-12-18,1.131,1.123,1.131,1.122,11095.000,
2019-12-19,1.122,1.120,1.122,1.117,13945.000,
2019-12-20,1.120,1.120,1.121,1.115,12881.000,
2019-12-23,1.120,1.118,1.120,1.117,23088.000,
2019-12-24,1.118,1.118,1.119,1.116,5351.000,
2019-12-25,1.118,1.118,1.119,1.117,13867.000,
2019-12-26,1.118,1.119,1.119,1.116,10894.000,
2019-12-27,1.119,1.120,1.122,1.119,21529.000,
2019-12-30,1.119,1.115,1.120,1.113,22190.000,
2019-12-31,1.116,1.111,1.120,1.110,52234.000,
2020-01-02,1.112,1.113,1.114,1.110,32156.000,
2020-01-03,1.114,1.115,1.118,1.111,85191.000,
2020-01-06,1.109,1.099,1.109,1.092,55360.000,
2020-01-07,1.103,1.108,1.109,1.103,24047.000,
2020-01-08,1.094,1.092,1.094,1.086,45185.000,
2020-01-09,1.097,1.103,1.104,1.097,41219.000,
2020-01-10,1.104,1.104,1.105,1.103,31759.000,
2020-01-13,1.103,1.100,1.103,1.097,47491.000,
2020-01-14,1.103,1.098,1.104,1.092,109088.000,
2020-01-15,1.097,1.097,1.100,1.096,23612.000,
2020-01-16,1.096,1.098,1.099,1.096,15645.000,
2020-01-17,1.099,1.100,1.102,1.098,37434.000,
2020-01-20,1.100,1.098,1.102,1.097,36577.000,
2020-01-21,1.097,1.092,1.097,1.090,29587.000,
2020-01-22,1.092,1.100,1.100,1.092,15101.000,
2020-01-23,1.100,1.096,1.100,1.094,20522.000,
2020-02-03,1.063,1.078,1.082,1.006,40937.000,
2020-02-04,1.086,1.084,1.086,1.078,27034.000,
2020-02-05,1.089,1.093,1.095,1.088,44824.000,
2020-02-06,1.100,1.112,1.112,1.096,61280.000,
2020-02-07,1.110,1.110,1.111,1.107,26322.000,
2020-02-10,1.108,1.105,1.111,1.102,25422.000,
2020-02-11,1.106,1.105,1.106,1.100,32892.000,
2020-02-12,1.106,1.106,1.107,1.104,29303.000,
2020-02-13,1.107,1.106,1.109,1.104,16529.000,
2020-02-14,1.103,1.102,1.104,1.100,8588.000,
2020-02-17,1.095,1.097,1.097,1.091,25532.000,
2020-02-18,1.091,1.083,1.091,1.081,34057.000,
2020-02-19,1.085,1.088,1.089,1.084,40874.000,
2020-02-20,1.091,1.081,1.099,1.079,118971.000,
2020-02-21,1.081,1.071,1.081,1.071,47965.000,
2020-02-24,1.060,1.059,1.072,1.055,60622.000,
2020-02-25,1.044,1.053,1.057,1.043,93402.000,
2020-02-26,1.040,1.048,1.051,1.035,52243.000,
2020-02-27,1.043,1.036,1.046,1.030,52513.000,
2020-02-28,1.020,1.027,1.030,1.017,116956.000,
2020-03-02,1.019,1.032,1.032,1.018,231700.000,
2020-03-03,1.036,1.014,1.036,1.010,429544.000,
2020-03-04,1.013,1.000,1.013,0.998,316088.000,
2020-03-05,1.005,1.010,1.011,1.005,128848.000,
2020-03-06,1.001,0.997,1.001,0.995,123928.000,
2020-03-09,0.966,0.972,0.980,0.963,297116.000,
2020-03-10,0.974,0.984,0.985,0.969,176221.000,
2020-03-11,0.983,0.964,0.983,0.962,287932.000,
2020-03-12,0.953,0.920,0.953,0.918,548792.000,
2020-03-13,0.850,0.888,0.920,0.841,603344.000,
2020-03-16,0.873,0.820,0.873,0.818,1130744.000,
2020-03-17,0.829,0.826,0.838,0.817,486653.000,
2020-03-18,0.829,0.813,0.838,0.811,702394.000,
2020-03-19,0.812,0.806,0.822,0.794,462364.000,
2020-03-20,0.808,0.835,0.837,0.799,499003.000,
2020-03-23,0.805,0.807,0.830,0.793,690708.000,
2020-03-24,0.833,0.857,0.865,0.833,843194.000,
2020-03-25,0.884,0.895,0.904,0.863,1232580.000,
2020-03-26,0.869,0.871,0.882,0.862,751086.000,
2020-03-27,0.887,0.897,0.911,0.885,1030951.000,
2020-03-30,0.889,0.900,0.909,0.884,841926.000,
2020-03-31,0.916,0.901,0.918,0.892,1246576.000,
2020-04-01,0.895,0.872,0.908,0.870,639022.000,
2020-04-02,0.868,0.878,0.879,0.868,497917.000,
2020-04-03,0.874,0.868,0.878,0.867,333777.000,
2020-04-07,0.910,0.912,0.913,0.895,545367.000,
2020-04-08,0.909,0.914,0.925,0.904,739608.000,
2020-04-09,0.917,0.927,0.929,0.917,352579.000,
2020-04-10,0.923,0.923,0.930,0.919,295300.000,
2020-04-13,0.919,0.916,0.928,0.914,174550.000,
2020-04-14,0.925,0.944,0.948,0.925,299432.000,
2020-04-15,0.947,0.946,0.950,0.943,213344.000,
2020-04-16,0.939,0.937,0.939,0.929,236061.000,
2020-04-17,0.956,0.954,0.961,0.952,348719.000,
2020-04-20,0.950,0.951,0.954,0.949,123005.000,
2020-04-21,0.946,0.938,0.947,0.933,220063.000,
2020-04-22,0.922,0.929,0.930,0.920,294773.000,
2020-04-23,0.935,0.938,0.942,0.930,250381.000,
2020-04-24,0.930,0.933,0.934,0.928,135941.000,
2020-04-27,0.946,0.953,0.960,0.946,267643.000,
2020-04-28,0.953,0.959,0.962,0.952,189745.000,
2020-04-29,0.973,0.980,0.982,0.960,505224.000,
2020-04-30,0.987,0.980,0.989,0.976,599853.000,
2020-05-06,0.963,0.972,0.978,0.960,289489.000,
2020-05-07,0.972,0.967,0.973,0.961,230868.000,
2020-05-08,0.978,0.983,0.985,0.975,329283.000,
2020-05-11,0.993,0.996,0.997,0.990,266456.000,
2020-05-12,0.993,0.984,0.993,0.983,279045.000,
2020-05-13,0.980,0.990,0.991,0.979,168586.000,
2020-05-14,0.983,0.969,0.984,0.967,237896.000,
2020-05-15,0.971,0.975,0.977,0.966,246459.000,
2020-05-18,0.978,0.987,0.987,0.978,167860.000,
2020-05-19,1.000,1.001,1.001,0.995,236513.000,
2020-05-20,1.001,0.998,1.001,0.995,218717.000,
2020-05-21,1.000,0.998,1.003,0.993,218771.000,
2020-05-22,0.997,0.990,0.998,0.989,154828.000,
2020-05-25,1.001,1.013,1.014,1.000,159552.000,
2020-05-26,1.029,1.033,1.036,1.013,590610.000,
2020-05-27,1.037,1.049,1.050,1.035,303504.000,
2020-05-28,1.062,1.068,1.072,1.056,335399.000,
2020-05-29,1.061,1.066,1.075,1.060,337515.000,
2020-06-01,1.075,1.071,1.079,1.064,359048.000,
2020-06-02,1.079,1.085,1.085,1.076,276334.000,
2020-06-03,1.097,1.089,1.099,1.085,242137.000,
2020-06-04,1.092,1.089,1.095,1.082,276066.000,
2020-06-05,1.080,1.091,1.094,1.080,238636.000,
2020-06-08,1.094,1.096,1.100,1.093,185985.000,
2020-06-09,1.097,1.110,1.113,1.097,203743.000,
2020-06-10,1.112,1.119,1.120,1.112,141182.000,
2020-06-11,1.116,1.087,1.116,1.080,212772.000,
2020-06-12,1.057,1.072,1.080,1.057,187877.000,
2020-06-15,1.069,1.041,1.074,1.040,174848.000,
2020-06-16,1.077,1.095,1.095,1.073,239328.000,
2020-06-17,1.095,1.095,1.095,1.082,199106.000,
2020-06-18,1.083,1.085,1.090,1.076,244009.000,
2020-06-19,1.084,1.090,1.092,1.084,207459.000,
2020-06-22,1.093,1.087,1.094,1.085,175472.000,
2020-06-23,1.082,1.094,1.098,1.081,239745.000,
2020-06-24,1.098,1.094,1.100,1.092,88743.000,
2020-06-29,1.072,1.072,1.081,1.066,122278.000,
2020-06-30,1.080,1.070,1.083,1.067,150440.000,
2020-07-01,1.071,1.068,1.071,1.061,136189.000,
2020-07-02,1.068,1.072,1.073,1.065,104053.000,
2020-07-03,1.073,1.075,1.076,1.071,100553.000,
2020-07-06,1.081,1.088,1.089,1.081,155243.000,
2020-07-07,1.084,1.077,1.085,1.075,92702.000,
2020-07-08,1.077,1.074,1.079,1.071,79550.000,
2020-07-09,1.070,1.072,1.077,1.070,77692.000,
2020-07-10,1.068,1.064,1.073,1.064,114966.000,
2020-07-13,1.077,1.084,1.085,1.072,128577.000,
2020-07-14,1.079,1.077,1.080,1.071,69423.000,
2020-07-15,1.090,1.096,1.097,1.085,196028.000,
2020-07-16,1.099,1.086,1.100,1.083,115862.000,
2020-07-17,1.081,1.081,1.086,1.080,73780.000,
2020-07-20,1.080,1.076,1.081,1.074,91920.000,
2020-07-21,1.086,1.088,1.089,1.085,48029.000,
2020-07-22,1.088,1.088,1.091,1.085,76509.000,
2020-07-23,1.089,1.087,1.089,1.085,54461.000,
2020-07-24,1.085,1.079,1.089,1.076,127850.000,
2020-07-27,1.090,1.100,1.101,1.090,115169.000,
2020-07-28,1.108,1.099,1.109,1.098,99394.000,
2020-07-29,1.099,1.093,1.099,1.091,29881.000,
2020-07-30,1.096,1.089,1.096,1.087,62724.000,
2020-07-31,0.999,1.073,1.108,0.999,196771.000,
2020-08-03,1.077,1.074,1.084,1.073,49108.000,
2020-08-04,1.080,1.084,1.087,1.079,45995.000,
2020-08-05,1.080,1.084,1.084,1.079,44611.000,
2020-08-06,1.087,1.077,1.087,1.076,45499.000,
2020-08-07,1.076,1.075,1.077,1.072,28573.000,
2020-08-10,1.073,1.080,1.081,1.073,48145.000,
2020-08-11,1.083,1.089,1.089,1.083,71161.000,
2020-08-12,1.091,1.089,1.091,1.083,59523.000,
2020-08-13,1.102,1.107,1.107,1.095,113727.000,
2020-08-14,1.108,1.104,1.108,1.103,17853.000,
2020-08-17,1.105,1.101,1.105,1.098,54979.000,
2020-08-18,1.105,1.104,1.107,1.096,79149.000,
2020-08-19,1.110,1.105,1.110,1.105,27530.000,
2020-08-20,1.103,1.094,1.103,1.092,41556.000,
2020-08-21,1.096,1.100,1.110,1.096,35555.000,
2020-08-24,1.105,1.101,1.105,1.099,17221.000,
2020-08-25,1.109,1.112,1.115,1.109,31525.000,
2020-08-26,1.113,1.106,1.113,1.105,15348.000,
2020-08-27,1.111,1.105,1.111,1.103,17665.000,
2020-08-28,1.105,1.095,1.105,1.080,169804.000,
2020-08-31,1.106,1.101,1.110,1.098,109022.000,
2020-09-01,1.091,1.094,1.097,1.091,38865.000,
2020-09-02,1.094,1.097,1.098,1.093,41231.000,
2020-09-03,1.102,1.107,1.109,1.102,66467.000,
2020-09-04,1.101,1.095,1.101,1.090,21462.000,
2020-09-07,1.095,1.088,1.096,1.086,27114.000,
2020-09-08,1.088,1.095,1.095,1.088,29737.000,
2020-09-09,1.090,1.085,1.090,1.081,71245.000,
2020-09-10,1.088,1.094,1.094,1.088,78042.000,
2020-09-11,1.094,1.099,1.101,1.094,16222.000,
2020-09-14,1.104,1.110,1.110,1.103,17726.000,
2020-09-15,1.108,1.101,1.108,1.099,34182.000,
2020-09-16,1.105,1.102,1.105,1.101,6123.000,
2020-09-17,1.102,1.099,1.102,1.098,7709.000,
2020-09-18,1.102,1.100,1.102,1.095,10601.000,
2020-09-21,1.104,1.099,1.106,1.098,35026.000,
2020-09-22,1.098,1.086,1.098,1.086,32551.000,
2020-09-23,1.093,1.103,1.103,1.086,41036.000,
2020-09-24,1.098,1.096,1.099,1.090,32506.000,
2020-09-25,1.100,1.101,1.103,1.098,27768.000,
2020-09-28,1.102,1.112,1.113,1.102,38488.000,
2020-09-29,1.115,1.115,1.120,1.106,30258.000,
2020-09-30,1.120,1.103,1.120,1.101,31268.000,
2020-10-09,1.119,1.107,1.119,1.105,24221.000,
2020-10-12,1.108,1.107,1.108,1.104,15703.000,
2020-10-13,1.106,1.111,1.112,1.106,19730.000,
2020-10-14,1.111,1.112,1.113,1.107,7673.000,
2020-10-15,1.112,1.105,1.112,1.103,19652.000,
2020-10-16,1.105,1.101,1.107,1.100,27000.000,
2020-10-19,1.107,1.107,1.110,1.106,11463.000,
2020-10-20,1.107,1.099,1.107,1.099,12118.000,
2020-10-21,1.100,1.101,1.104,1.100,5920.000,
2020-10-22,1.100,1.101,1.101,1.097,16538.000,
2020-10-23,1.101,1.105,1.107,1.100,15774.000,
2020-10-26,1.107,1.101,1.107,1.100,3079.000,
2020-10-27,1.102,1.106,1.107,1.100,15629.000,
2020-10-28,1.106,1.107,1.108,1.105,10203.000,
2020-10-29,1.104,1.103,1.104,1.097,23814.000,
2020-10-30,1.102,1.088,1.102,1.085,49602.000,
2020-11-02,1.093,1.093,1.098,1.093,26661.000,
2020-11-03,1.095,1.109,1.110,1.095,63244.000,
2020-11-04,1.110,1.113,1.117,1.110,43932.000,
2020-11-05,1.125,1.129,1.130,1.121,66628.000,
2020-11-06,1.129,1.141,1.145,1.129,69047.000,
2020-11-09,1.160,1.157,1.168,1.150,41332.000,
2020-11-10,1.160,1.153,1.163,1.150,87123.000,
2020-11-11,1.159,1.167,1.169,1.157,42437.000,
2020-11-12,1.176,1.179,1.180,1.171,48378.000,
2020-11-13,1.175,1.174,1.177,1.165,62873.000,
2020-11-16,1.190,1.201,1.204,1.185,70733.000,
2020-11-17,1.212,1.199,1.212,1.193,55372.000,
2020-11-18,1.194,1.184,1.196,1.183,42441.000,
2020-11-19,1.175,1.186,1.187,1.175,69559.000,
2020-11-20,1.185,1.183,1.185,1.179,11691.000,
2020-11-23,1.184,1.197,1.198,1.184,49774.000,
2020-11-24,1.209,1.212,1.212,1.201,83914.000,
2020-11-25,1.230,1.216,1.236,1.215,63270.000,
2020-11-26,1.217,1.231,1.231,1.217,44325.000,
2020-11-27,1.235,1.237,1.238,1.224,53117.000,
2020-11-30,1.237,1.237,1.241,1.232,56757.000,
2020-12-01,1.251,1.252,1.256,1.250,19366.000,
2020-12-02,1.249,1.245,1.249,1.243,14947.000,
2020-12-03,1.245,1.243,1.245,1.238,12861.000,
2020-12-04,1.243,1.235,1.243,1.233,24098.000,
2020-12-07,1.232,1.232,1.247,1.231,19548.000,
2020-12-08,1.222,1.219,1.224,1.219,33774.000,
2020-12-09,1.227,1.243,1.245,1.227,62369.000,
2020-12-10,1.241,1.239,1.241,1.230,19169.000,
2020-12-11,1.230,1.235,1.240,1.230,12688.000,
2020-12-14,1.235,1.236,1.241,1.231,16878.000,
2020-12-15,1.234,1.235,1.236,1.230,18120.000,
2020-12-16,1.236,1.243,1.247,1.235,15099.000,
2020-12-17,1.244,1.249,1.249,1.244,22319.000,
2020-12-18,1.251,1.242,1.252,1.241,26643.000,
2020-12-21,1.242,1.238,1.242,1.230,61331.000,
2020-12-22,1.234,1.222,1.235,1.222,33895.000,
2020-12-23,1.231,1.229,1.231,1.222,31289.000,
2020-12-24,1.232,1.231,1.236,1.230,33255.000,
2020-12-25,1.237,1.230,1.237,1.227,25475.000,
2020-12-28,1.230,1.242,1.242,1.230,51591.000,
2020-12-29,1.253,1.275,1.275,1.253,83527.000,
2020-12-30,1.265,1.277,1.281,1.263,114716.000,
2020-12-31,1.277,1.280,1.284,1.273,57667.000,
2021-01-04,1.269,1.262,1.269,1.258,48830.000,
2021-01-05,1.262,1.253,1.262,1.248,55760.000,
2021-01-06,1.255,1.252,1.255,1.247,50344.000,
2021-01-07,1.261,1.264,1.271,1.261,50318.000,
2021-01-08,1.275,1.289,1.290,1.275,35816.000,
2021-01-11,1.289,1.282,1.295,1.278,54083.000,
2021-01-12,1.292,1.286,1.292,1.280,69538.000,
2021-01-13,1.287,1.302,1.302,1.287,50896.000,
2021-01-14,1.313,1.316,1.325,1.309,77357.000,
2021-01-15,1.320,1.342,1.350,1.316,83673.000,
2021-01-18,1.350,1.305,1.350,1.300,116066.000,
2021-01-19,1.315,1.309,1.322,1.307,113020.000,
2021-01-20,1.301,1.302,1.307,1.300,70519.000,
2021-01-21,1.313,1.313,1.316,1.311,65533.000,
2021-01-22,1.309,1.308,1.312,1.306,59095.000,
2021-01-25,1.314,1.316,1.317,1.310,119812.000,
2021-01-26,1.308,1.306,1.310,1.303,47075.000,
2021-01-27,1.309,1.306,1.314,1.302,23650.000,
2021-01-28,1.290,1.279,1.290,1.279,87120.000,
2021-01-29,1.286,1.256,1.286,1.252,54678.000,
2021-02-01,1.260,1.270,1.270,1.256,46747.000,
2021-02-02,1.274,1.280,1.280,1.274,26872.000,
2021-02-03,1.290,1.295,1.296,1.284,31818.000,
2021-02-04,1.283,1.277,1.288,1.275,47699.000,
2021-02-05,1.285,1.295,1.295,1.284,54683.000,
2021-02-08,1.316,1.322,1.323,1.311,122692.000,
2021-02-09,1.326,1.328,1.331,1.316,66818.000,
2021-02-10,1.328,1.334,1.335,1.322,135791.000,
2021-02-18,1.358,1.351,1.399,1.348,79784.000,
2021-02-19,1.351,1.347,1.351,1.330,169218.000,
2021-02-22,1.360,1.359,1.377,1.355,73835.000,
2021-02-23,1.354,1.358,1.358,1.344,24607.000,
2021-02-24,1.359,1.331,1.359,1.329,41401.000,
2021-02-25,1.344,1.360,1.362,1.343,36330.000,
2021-02-26,1.333,1.304,1.333,1.300,52707.000,
2021-03-01,1.321,1.322,1.328,1.318,21748.000,
2021-03-02,1.350,1.310,1.350,1.307,50319.000,
2021-03-03,1.309,1.316,1.317,1.308,47026.000,
2021-03-04,1.300,1.286,1.303,1.283,40563.000,
2021-03-05,1.259,1.268,1.270,1.247,88738.000,
2021-03-08,1.272,1.265,1.280,1.263,48134.000,
2021-03-09,1.270,1.273,1.275,1.259,54210.000,
2021-03-10,1.276,1.278,1.280,1.274,32790.000,
2021-03-11,1.279,1.282,1.287,1.279,28597.000,
2021-03-12,1.286,1.302,1.305,1.285,41690.000,
2021-03-15,1.307,1.301,1.309,1.296,53056.000,
2021-03-16,1.313,1.309,1.313,1.302,29112.000,
2021-03-17,1.309,1.307,1.310,1.300,43940.000,
2021-03-18,1.325,1.323,1.331,1.315,115888.000,
2021-03-19,1.309,1.304,1.313,1.300,92579.000,
2021-03-22,1.285,1.282,1.285,1.270,61582.000,
2021-03-23,1.286,1.275,1.293,1.273,49225.000,
2021-03-24,1.272,1.253,1.272,1.252,28125.000,
2021-03-25,1.252,1.266,1.266,1.246,63062.000,
2021-03-26,1.277,1.283,1.285,1.271,137597.000,
2021-03-29,1.283,1.286,1.294,1.281,95714.000,
2021-03-30,1.290,1.294,1.296,1.285,83520.000,
2021-03-31,1.293,1.278,1.293,1.275,96072.000,
2021-04-01,1.289,1.285,1.293,1.283,33926.000,
2021-04-02,1.297,1.310,1.310,1.296,72334.000,
2021-04-06,1.318,1.302,1.318,1.301,55043.000,
2021-04-07,1.310,1.307,1.311,1.298,99903.000,
2021-04-08,1.307,1.310,1.311,1.301,58729.000,
2021-04-09,1.320,1.313,1.328,1.313,127835.000,
2021-04-12,1.311,1.304,1.312,1.304,35060.000,
2021-04-13,1.309,1.311,1.317,1.309,77316.000,
2021-04-14,1.311,1.311,1.315,1.310,34498.000,
2021-04-15,1.313,1.310,1.315,1.309,47544.000,
2021-04-16,1.310,1.312,1.314,1.308,51356.000,
2021-04-19,1.311,1.312,1.319,1.307,86443.000,
2021-04-20,1.300,1.289,1.300,1.287,24886.000,
2021-04-21,1.275,1.272,1.275,1.268,40556.000,
2021-04-22,1.283,1.296,1.297,1.283,30094.000,
2021-04-23,1.282,1.290,1.294,1.282,25941.000,
2021-04-26,1.291,1.295,1.297,1.290,52901.000,
2021-04-27,1.298,1.285,1.298,1.282,26934.000,
2021-04-28,1.285,1.278,1.286,1.277,45587.000,
2021-04-29,1.278,1.278,1.281,1.277,13700.000,
2021-04-30,1.276,1.268,1.276,1.262,28792.000,
2021-05-06,1.279,1.285,1.286,1.279,52027.000,
2021-05-07,1.288,1.282,1.288,1.279,37558.000,
2021-05-10,1.292,1.283,1.294,1.283,31641.000,
2021-05-11,1.264,1.250,1.264,1.244,53105.000,
2021-05-12,1.246,1.236,1.249,1.226,59428.000,
2021-05-13,1.216,1.218,1.226,1.206,55487.000,
2021-05-14,1.225,1.220,1.230,1.213,113360.000,
2021-05-17,1.209,1.214,1.219,1.206,81427.000,
2021-05-18,1.228,1.234,1.235,1.227,62717.000,
2021-05-19,1.222,1.219,1.230,1.214,57152.000,
2021-05-20,1.217,1.224,1.225,1.214,52346.000,
2021-05-21,1.236,1.234,1.236,1.226,67705.000,
2021-05-24,1.236,1.236,1.238,1.233,30925.000,
2021-05-25,1.241,1.239,1.241,1.237,35478.000,
2021-05-26,1.241,1.239,1.242,1.236,60892.000,
2021-05-27,1.232,1.227,1.232,1.223,55980.000,
2021-05-28,1.240,1.243,1.245,1.239,125131.000,
2021-05-31,1.243,1.234,1.243,1.229,75928.000,
2021-06-01,1.232,1.237,1.238,1.229,34469.000,
2021-06-02,1.238,1.240,1.242,1.236,41419.000,
2021-06-03,1.243,1.244,1.250,1.242,32343.000,
2021-06-04,1.236,1.238,1.238,1.230,42480.000,
2021-06-07,1.245,1.246,1.250,1.242,33854.000,
2021-06-08,1.256,1.246,1.256,1.245,45703.000,
2021-06-09,1.245,1.241,1.245,1.240,21205.000,
2021-06-10,1.242,1.241,1.245,1.239,23303.000,
2021-06-11,1.244,1.244,1.247,1.242,28883.000,
2021-06-15,1.257,1.263,1.263,1.255,55664.000,
2021-06-16,1.263,1.255,1.263,1.251,30796.000,
2021-06-17,1.246,1.243,1.250,1.233,87891.000,
2021-06-18,1.248,1.248,1.252,1.247,44810.000,
2021-06-21,1.228,1.217,1.230,1.207,82156.000,
2021-06-22,1.232,1.245,1.246,1.231,54571.000,
2021-06-23,1.247,1.245,1.248,1.243,17534.000,
2021-06-24,1.245,1.242,1.245,1.238,8314.000,
2021-06-25,1.244,1.246,1.249,1.244,46371.000,
2021-06-28,1.245,1.245,1.248,1.244,26387.000,
2021-06-29,1.246,1.239,1.246,1.236,24766.000,
2021-06-30,1.240,1.239,1.243,1.239,6529.000,
2021-07-01,1.234,1.228,1.235,1.226,27885.000,
2021-07-02,1.231,1.228,1.231,1.227,21995.000,
2021-07-05,1.227,1.225,1.228,1.224,15110.000,
2021-07-06,1.230,1.231,1.233,1.227,8665.000,
2021-07-07,1.230,1.222,1.230,1.220,17589.000,
2021-07-08,1.217,1.218,1.220,1.214,19761.000,
2021-07-09,1.206,1.221,1.221,1.198,76673.000,
2021-07-12,1.232,1.235,1.245,1.231,31674.000,
2021-07-13,1.242,1.236,1.242,1.233,15086.000,
2021-07-14,1.235,1.231,1.235,1.230,10851.000,
2021-07-15,1.230,1.223,1.230,1.222,21548.000,
2021-07-16,1.214,1.214,1.221,1.208,55103.000,
2021-07-19,1.208,1.203,1.208,1.197,38942.000,
2021-07-20,1.196,1.199,1.202,1.194,41524.000,
2021-07-21,1.208,1.199,1.210,1.193,37700.000,
2021-07-22,1.200,1.208,1.212,1.195,81103.000,
2021-07-23,1.210,1.214,1.214,1.208,68984.000,
2021-07-26,1.216,1.204,1.216,1.201,55742.000,
2021-07-27,1.206,1.209,1.210,1.206,22555.000,
2021-07-28,1.208,1.203,1.208,1.150,55541.000,
2021-07-29,1.204,1.207,1.208,1.201,26755.000,
2021-07-30,1.197,1.186,1.197,1.182,69865.000,
2021-08-02,1.195,1.204,1.205,1.195,65069.000,
2021-08-03,1.200,1.202,1.202,1.193,71857.000,
2021-08-04,1.201,1.197,1.202,1.197,12777.000,
2021-08-05,1.195,1.197,1.199,1.194,36296.000,
2021-08-06,1.196,1.202,1.202,1.196,30120.000,
2021-08-09,1.202,1.199,1.202,1.197,29449.000,
2021-08-10,1.209,1.200,1.211,1.199,25028.000,
2021-08-11,1.202,1.205,1.206,1.202,14554.000,
2021-08-12,1.207,1.206,1.212,1.204,3727.000,
2021-08-13,1.208,1.205,1.210,1.202,19359.000,
2021-08-16,1.196,1.195,1.199,1.190,21715.000,
2021-08-17,1.201,1.190,1.201,1.189,22064.000,
2021-08-18,1.195,1.198,1.201,1.191,49214.000,
2021-08-19,1.193,1.182,1.193,1.181,21124.000,
2021-08-20,1.182,1.174,1.182,1.173,35320.000,
2021-08-23,1.179,1.193,1.193,1.179,17333.000,
2021-08-24,1.201,1.202,1.206,1.200,70587.000,
2021-08-25,1.202,1.202,1.205,1.199,29061.000,
2021-08-26,1.200,1.198,1.200,1.197,17855.000,
2021-08-27,1.196,1.196,1.197,1.194,6279.000,
2021-08-30,1.195,1.200,1.200,1.195,19650.000,
2021-08-31,1.200,1.215,1.215,1.195,53319.000,
2021-09-01,1.218,1.224,1.224,1.215,51913.000,
2021-09-02,1.224,1.228,1.230,1.223,64274.000,
2021-09-03,1.229,1.254,1.255,1.229,94322.000,
2021-09-06,1.277,1.282,1.283,1.265,52347.000,
2021-09-07,1.288,1.286,1.292,1.286,27829.000,
2021-09-08,1.287,1.294,1.298,1.287,27171.000,
2021-09-09,1.290,1.286,1.294,1.285,27941.000,
2021-09-10,1.292,1.305,1.309,1.292,17374.000,
2021-09-13,1.305,1.310,1.313,1.299,54323.000,
2021-09-14,1.316,1.315,1.323,1.310,83510.000,
2021-09-15,1.304,1.315,1.317,1.304,68785.000,
2021-09-16,1.315,1.307,1.315,1.306,46556.000,
2021-09-17,1.308,1.312,1.325,1.308,25649.000,
2021-09-22,1.286,1.287,1.299,1.283,47199.000,
2021-09-23,1.291,1.299,1.315,1.291,54034.000,
2021-09-24,1.299,1.296,1.304,1.294,125043.000,
2021-09-27,1.294,1.293,1.299,1.291,54023.000,
2021-09-28,1.289,1.278,1.289,1.275,75785.000,
2021-09-29,1.270,1.262,1.270,1.253,87952.000,
2021-09-30,1.259,1.260,1.265,1.252,67027.000,
2021-10-08,1.217,1.200,1.217,1.196,146520.000,
2021-10-11,1.205,1.205,1.209,1.200,61916.000,
2021-10-12,1.197,1.189,1.198,1.186,43721.000,
2021-10-13,1.191,1.185,1.191,1.182,35410.000,
2021-10-14,1.194,1.195,1.196,1.189,61748.000,
2021-10-15,1.203,1.209,1.210,1.198,41596.000,
2021-10-18,1.207,1.201,1.207,1.200,44186.000,
2021-10-19,1.207,1.210,1.211,1.204,111037.000,
2021-10-20,1.213,1.204,1.215,1.200,84409.000,
2021-10-21,1.200,1.189,1.203,1.185,37439.000,
2021-10-22,1.193,1.195,1.197,1.191,32684.000,
2021-10-25,1.194,1.187,1.194,1.181,26676.000,
2021-10-26,1.200,1.204,1.205,1.200,33821.000,
2021-10-27,1.200,1.202,1.202,1.191,17543.000,
2021-10-28,1.197,1.196,1.199,1.191,15581.000,
2021-10-29,1.191,1.199,1.200,1.185,52793.000,
2021-11-01,1.216,1.222,1.223,1.213,115517.000,
2021-11-02,1.225,1.223,1.225,1.218,61259.000,
2021-11-03,1.226,1.221,1.226,1.220,25377.000,
2021-11-04,1.227,1.233,1.233,1.224,117340.000,
2021-11-05,1.237,1.231,1.237,1.227,39476.000,
2021-11-08,1.232,1.224,1.233,1.223,14600.000,
2021-11-09,1.224,1.224,1.234,1.223,28303.000,
2021-11-10,1.220,1.216,1.225,1.214,28172.000,
2021-11-11,1.214,1.216,1.217,1.209,67219.000,
2021-11-12,1.220,1.227,1.227,1.220,22416.000,
2021-11-15,1.234,1.232,1.234,1.229,39989.000,
2021-11-16,1.232,1.227,1.236,1.226,64882.000,
2021-11-17,1.227,1.220,1.227,1.215,31739.000,
2021-11-18,1.221,1.220,1.225,1.211,55854.000,
2021-11-19,1.220,1.227,1.228,1.220,51463.000,
2021-11-22,1.222,1.228,1.232,1.222,21338.000,
2021-11-23,1.228,1.217,1.228,1.217,11337.000,
2021-11-24,1.214,1.204,1.214,1.199,27252.000,
2021-11-25,1.209,1.208,1.210,1.204,43079.000,
2021-11-26,1.200,1.188,1.200,1.182,46004.000,
2021-11-29,1.176,1.181,1.192,1.175,57819.000,
2021-11-30,1.184,1.173,1.188,1.165,67142.000,
2021-12-01,1.169,1.163,1.172,1.156,81194.000,
2021-12-02,1.151,1.160,1.163,1.151,26329.000,
2021-12-03,1.161,1.167,1.168,1.154,30077.000,
2021-12-06,1.158,1.167,1.168,1.158,30257.000,
2021-12-07,1.174,1.186,1.187,1.171,30689.000,
2021-12-08,1.191,1.195,1.196,1.191,20994.000,
2021-12-09,1.190,1.187,1.195,1.181,8793.000,
2021-12-10,1.187,1.179,1.189,1.178,11610.000,
2021-12-13,1.186,1.187,1.191,1.185,11481.000,
2021-12-14,1.186,1.178,1.186,1.175,18345.000,
2021-12-15,1.181,1.178,1.181,1.174,5479.000,
2021-12-16,1.193,1.199,1.199,1.187,31270.000,
2021-12-17,1.195,1.182,1.195,1.180,27617.000,
2021-12-20,1.173,1.162,1.180,1.159,59536.000,
2021-12-21,1.174,1.179,1.181,1.173,28562.000,
2021-12-22,1.180,1.176,1.180,1.174,5776.000,
2021-12-23,1.178,1.183,1.186,1.178,20597.000,
2021-12-24,1.183,1.181,1.186,1.181,45175.000,
2021-12-27,1.178,1.179,1.181,1.176,12230.000,
2021-12-28,1.188,1.188,1.195,1.184,20946.000,
2021-12-29,1.184,1.183,1.184,1.179,12131.000,
2021-12-30,1.182,1.179,1.186,1.178,23960.000,
2021-12-31,1.178,1.179,1.179,1.176,10373.000,
2022-01-04,1.186,1.191,1.191,1.184,41674.000,
2022-01-05,1.191,1.190,1.192,1.187,24108.000,
2022-01-06,1.181,1.158,1.181,1.157,57576.000,
2022-01-07,1.166,1.158,1.166,1.149,49976.000,
2022-01-10,1.159,1.158,1.160,1.155,12003.000,
2022-01-11,1.158,1.153,1.158,1.151,19547.000,
2022-01-12,1.155,1.174,1.174,1.155,22378.000,
2022-01-13,1.172,1.170,1.172,1.167,25331.000,
2022-01-14,1.165,1.161,1.165,1.154,49480.000,
2022-01-17,1.167,1.159,1.167,1.158,21810.000,
2022-01-18,1.166,1.152,1.169,1.151,39505.000,
2022-01-19,1.143,1.132,1.149,1.128,29414.000,
2022-01-20,1.129,1.139,1.141,1.127,21561.000,
2022-01-21,1.125,1.134,1.135,1.124,35455.000,
2022-01-24,1.133,1.133,1.135,1.124,38158.000,
2022-01-25,1.123,1.112,1.123,1.108,63967.000,
2022-01-26,1.111,1.109,1.111,1.101,40160.000,
2022-01-27,1.096,1.072,1.129,1.069,90103.000,
2022-01-28,1.082,1.087,1.090,1.081,49745.000,
2022-02-07,1.100,1.109,1.129,1.083,20400.000,
2022-02-08,1.113,1.111,1.115,1.109,8175.000,
2022-02-09,1.116,1.124,1.124,1.116,18191.000,
2022-02-10,1.124,1.124,1.129,1.121,12011.000,
2022-02-11,1.117,1.113,1.122,1.106,53420.000,
2022-02-14,1.109,1.102,1.109,1.092,83253.000,
2022-02-15,1.101,1.091,1.107,1.088,40350.000,
2022-02-16,1.105,1.110,1.110,1.105,29531.000,
2022-02-17,1.110,1.104,1.110,1.099,28575.000,
2022-02-18,1.098,1.101,1.140,0.994,25238.000,
2022-02-21,1.099,1.096,1.099,1.089,20847.000,
2022-02-22,1.089,1.079,1.089,1.074,31219.000,
2022-02-23,1.082,1.088,1.090,1.082,16417.000,
2022-02-24,1.071,1.064,1.071,1.055,22010.000,
2022-02-25,1.069,1.076,1.080,1.069,12073.000,
2022-02-28,1.077,1.075,1.085,1.068,6917.000,
2022-03-01,1.087,1.094,1.096,1.087,8038.000,
2022-03-02,1.090,1.073,1.090,1.070,9711.000,
2022-03-03,1.077,1.076,1.080,1.075,12137.000,
2022-03-04,1.053,1.057,1.069,1.052,35672.000,
2022-03-07,1.044,1.028,1.044,1.023,14734.000,
2022-03-08,1.028,1.006,1.032,1.005,35842.000,
2022-03-09,1.007,1.004,1.017,1.001,25735.000,
2022-03-10,1.026,1.041,1.041,1.026,33569.000,
2022-03-11,1.009,1.020,1.024,1.006,70549.000,
2022-03-14,1.016,1.013,1.019,1.009,69612.000,
2022-03-15,1.012,1.011,1.013,1.006,40954.000,
2022-03-16,1.020,1.027,1.028,1.018,96586.000,
2022-03-17,1.050,1.051,1.052,1.040,99736.000,
2022-03-18,1.052,1.060,1.060,1.047,42708.000,
2022-03-21,1.061,1.068,1.072,1.056,62924.000,
2022-03-22,1.072,1.065,1.079,1.063,67874.000,
2022-03-23,1.085,1.092,1.093,1.081,46592.000,
2022-03-24,1.075,1.090,1.093,1.074,14313.000,
2022-03-25,1.088,1.089,1.094,1.083,23176.000,
2022-03-28,1.082,1.072,1.082,1.070,35177.000,
2022-03-29,1.078,1.079,1.080,1.073,25746.000,
2022-03-30,1.079,1.087,1.088,1.079,61328.000,
2022-03-31,1.086,1.079,1.086,1.076,27810.000,
2022-04-01,1.074,1.076,1.076,1.067,16479.000,
2022-04-06,1.063,1.050,1.063,1.048,48601.000,
2022-04-07,1.031,1.033,1.040,1.029,33808.000,
2022-04-08,1.031,1.038,1.039,1.028,23023.000,
2022-04-11,1.035,1.021,1.035,1.021,21181.000,
2022-04-12,1.001,1.006,1.021,1.000,47914.000,
2022-04-13,1.009,1.018,1.020,1.007,27919.000,
2022-04-14,1.022,1.035,1.035,1.022,35928.000,
2022-04-15,1.035,1.023,1.035,1.018,17423.000,
2022-04-18,1.018,1.010,1.018,1.002,17324.000,
2022-04-19,1.010,1.007,1.014,1.003,30594.000,
2022-04-20,1.011,1.014,1.015,1.006,20751.000,
2022-04-21,1.052,1.038,1.052,1.015,36374.000,
2022-04-22,1.021,1.025,1.026,1.012,21184.000,
2022-04-25,1.020,1.012,1.020,1.006,34364.000,
2022-04-26,1.020,1.021,1.027,1.017,36589.000,
2022-04-27,1.003,1.013,1.014,1.003,20661.000,
2022-04-28,1.014,1.018,1.019,1.007,38968.000,
2022-04-29,1.024,1.031,1.037,1.024,44266.000,
2022-05-05,1.037,1.042,1.050,1.036,24932.000,
2022-05-06,1.033,1.031,1.033,1.016,39229.000,
2022-05-09,1.008,1.011,1.020,1.007,58343.000,
2022-05-10,1.002,1.009,1.010,0.994,59317.000,
2022-05-11,1.007,1.010,1.013,1.007,34480.000,
2022-05-12,1.005,1.005,1.010,1.003,41812.000,
2022-05-13,1.026,1.038,1.039,1.026,63765.000,
2022-05-16,1.050,1.041,1.051,1.037,30653.000,
2022-05-17,1.042,1.041,1.046,1.037,29135.000,
2022-05-18,1.046,1.047,1.047,1.043,22953.000,
2022-05-19,1.034,1.034,1.036,1.028,20048.000,
2022-05-20,1.038,1.043,1.049,1.038,26669.000,
2022-05-23,1.049,1.051,1.053,1.047,42004.000,
2022-05-24,1.047,1.041,1.047,1.041,18821.000,
2022-05-25,1.043,1.043,1.047,1.042,14828.000,
2022-05-26,1.052,1.052,1.052,1.044,12988.000,
2022-05-27,1.058,1.060,1.063,1.058,25380.000,
2022-05-30,1.070,1.068,1.073,1.065,25573.000,
2022-05-31,1.065,1.056,1.068,1.056,19190.000,
2022-06-01,1.059,1.058,1.060,1.056,19644.000,
2022-06-02,1.054,1.051,1.056,1.050,29586.000,
2022-06-06,1.052,1.063,1.064,1.050,36112.000,
2022-06-07,1.064,1.055,1.064,1.052,24134.000,
2022-06-08,1.060,1.058,1.061,1.056,26769.000,
2022-06-09,1.058,1.053,1.058,1.051,38142.000,
2022-06-10,1.045,1.039,1.045,1.037,49839.000,
2022-06-13,1.019,1.019,1.036,1.014,97426.000,
2022-06-14,1.010,1.008,1.015,0.999,89450.000,
2022-06-15,1.004,1.005,1.005,0.996,66101.000,
2022-06-16,1.017,1.002,1.017,1.001,48215.000,
2022-06-17,0.993,0.991,0.993,0.979,122677.000,
2022-06-20,0.985,0.989,0.989,0.981,41678.000,
2022-06-21,0.993,0.993,0.998,0.991,86163.000,
2022-06-22,0.993,0.985,0.994,0.984,36109.000,
2022-06-23,0.988,0.984,0.990,0.981,58777.000,
2022-06-24,0.988,0.989,0.991,0.985,65678.000,
2022-06-27,0.996,0.993,0.998,0.991,101514.000,
2022-06-28,0.994,0.996,0.996,0.991,52834.000,
2022-06-29,0.990,0.986,0.990,0.985,47257.000,
2022-06-30,0.984,0.975,0.984,0.973,78881.000,
2022-07-01,0.977,0.970,0.977,0.965,78565.000,
2022-07-04,0.969,0.972,0.972,0.965,82238.000,
2022-07-05,0.974,0.973,0.974,0.971,27832.000,
2022-07-06,0.971,0.969,0.972,0.966,49778.000,
2022-07-07,0.968,0.977,0.979,0.968,91879.000,
2022-07-08,0.982,0.979,0.986,0.976,158230.000,
2022-07-11,0.988,0.976,0.988,0.975,83845.000,
2022-07-12,0.970,0.962,0.970,0.961,63790.000,
2022-07-13,0.966,0.967,0.967,0.964,26711.000,
2022-07-14,0.966,0.966,0.969,0.965,47584.000,
2022-07-15,0.965,0.971,0.972,0.963,72984.000,
2022-07-18,0.976,0.984,0.984,0.976,62917.000,
2022-07-19,0.982,0.982,0.983,0.979,55297.000,
2022-07-20,0.998,1.003,1.004,0.993,126236.000,
2022-07-21,1.002,1.006,1.008,0.999,84328.000,
2022-07-22,1.015,1.019,1.020,1.014,50963.000,
2022-07-25,1.020,1.019,1.020,1.012,100889.000,
2022-07-26,1.017,1.014,1.019,1.012,38225.000,
2022-07-27,1.014,1.017,1.019,1.013,21312.000,
2022-07-28,1.021,1.026,1.029,1.021,37415.000,
2022-07-29,1.034,1.049,1.049,1.034,72511.000,
2022-08-01,1.057,1.067,1.068,1.051,61966.000,
2022-08-02,1.067,1.068,1.069,1.056,130746.000,
2022-08-03,1.052,1.043,1.068,1.042,69118.000,
2022-08-04,1.050,1.046,1.050,1.044,29790.000,
2022-08-05,1.050,1.066,1.068,1.050,32620.000,
2022-08-08,1.070,1.053,1.070,1.050,31495.000,
2022-08-09,1.048,1.040,1.050,1.039,43894.000,
2022-08-10,1.038,1.033,1.039,1.031,14390.000,
2022-08-11,1.051,1.062,1.062,1.043,55230.000,
2022-08-12,1.073,1.067,1.073,1.064,42565.000,
2022-08-15,1.078,1.089,1.092,1.076,47883.000,
2022-08-16,1.090,1.092,1.095,1.088,26924.000,
2022-08-17,1.096,1.095,1.099,1.094,21978.000,
2022-08-18,1.081,1.080,1.092,1.079,39228.000,
2022-08-19,1.079,1.074,1.079,1.072,27656.000,
2022-08-22,1.065,1.064,1.067,1.062,20081.000,
2022-08-23,1.061,1.058,1.061,1.051,33129.000,
2022-08-24,1.053,1.060,1.061,1.053,11232.000,
2022-08-25,1.062,1.070,1.071,1.060,38455.000,
2022-08-26,1.070,1.069,1.075,1.066,11852.000,
2022-08-29,1.033,1.040,1.050,1.032,25408.000,
2022-08-30,1.046,1.050,1.050,1.045,21795.000,
2022-08-31,1.041,1.045,1.048,1.041,9667.000,
2022-09-01,1.037,1.025,1.037,1.024,39433.000,
2022-09-02,1.020,1.020,1.025,1.017,28646.000,
2022-09-05,1.020,1.020,1.027,1.015,48973.000,
2022-09-06,1.025,1.016,1.026,1.014,12119.000,
2022-09-07,1.006,0.999,1.006,0.992,64763.000,
2022-09-08,1.009,1.014,1.014,1.008,39799.000,
2022-09-09,1.017,1.023,1.024,1.013,42816.000,
2022-09-13,1.032,1.040,1.040,1.032,31682.000,
2022-09-14,1.002,1.011,1.039,1.001,29227.000,
2022-09-15,1.019,1.008,1.019,1.007,34905.000,
2022-09-16,1.000,1.002,1.008,1.000,17045.000,
2022-09-19,1.005,1.003,1.006,1.001,11021.000,
2022-09-20,1.007,1.009,1.011,1.007,22128.000,
2022-09-21,0.998,1.000,1.002,0.996,23125.000,
2022-09-22,0.997,0.991,0.997,0.983,50309.000,
2022-09-23,0.995,1.000,1.004,0.995,24920.000,
2022-09-26,0.996,0.983,0.996,0.981,32078.000,
2022-09-27,0.985,0.987,0.988,0.983,21320.000,
2022-09-28,0.980,0.972,0.980,0.969,57551.000,
2022-09-29,0.980,0.981,0.986,0.979,38560.000,
2022-09-30,0.969,0.962,0.972,0.958,51143.000,
2022-10-10,0.974,0.975,0.990,0.971,32477.000,
2022-10-11,0.976,0.975,0.985,0.972,49742.000,
2022-10-12,0.972,0.979,0.980,0.970,63938.000,
2022-10-13,0.970,0.966,0.972,0.965,26389.000,
2022-10-14,0.984,0.989,0.989,0.979,70471.000,
2022-10-17,0.978,0.976,0.978,0.972,34918.000,
2022-10-18,0.983,0.988,0.992,0.982,65326.000,
2022-10-19,0.991,0.990,0.996,0.985,57348.000,
2022-10-20,0.988,0.980,0.988,0.976,25765.000,
2022-10-21,0.975,0.976,0.979,0.973,11444.000,
2022-10-24,0.985,0.983,0.994,0.983,88350.000,
2022-10-25,0.989,1.002,1.003,0.989,78425.000,
2022-10-26,1.018,1.004,1.018,1.003,52196.000,
2022-10-27,1.005,1.014,1.015,1.001,45238.000,
2022-10-28,1.009,1.005,1.010,1.001,15869.000,
2022-10-31,1.035,1.025,1.035,1.000,61732.000,
2022-11-01,1.025,1.026,1.028,1.016,22261.000,
2022-11-02,1.026,1.027,1.028,1.023,18423.000,
2022-11-03,1.019,1.016,1.021,1.014,18578.000,
2022-11-04,1.009,1.006,1.009,1.000,44660.000,
2022-11-07,1.005,1.013,1.014,1.005,45082.000,
2022-11-08,1.025,1.028,1.030,1.024,31382.000,
2022-11-09,1.032,1.031,1.037,1.029,23356.000,
2022-11-10,1.026,1.021,1.026,1.020,23731.000,
2022-11-11,1.058,1.061,1.076,1.052,90789.000,
2022-11-14,1.063,1.058,1.064,1.056,67127.000,
2022-11-15,1.061,1.052,1.061,1.049,84806.000,
2022-11-16,1.045,1.064,1.064,1.045,39475.000,
2022-11-17,1.061,1.071,1.071,1.061,27815.000,
2022-11-18,1.068,1.064,1.072,1.062,22343.000,
2022-11-21,1.064,1.062,1.065,1.059,17829.000,
2022-11-22,1.067,1.066,1.070,1.064,12469.000,
2022-11-23,1.070,1.076,1.076,1.066,14043.000,
2022-11-24,1.092,1.094,1.099,1.091,28568.000,
2022-11-25,1.092,1.099,1.099,1.092,28096.000,
2022-11-28,1.099,1.099,1.099,1.091,36168.000,
2022-11-29,1.099,1.092,1.099,1.085,38507.000,
2022-11-30,1.085,1.087,1.090,1.082,45519.000,
2022-12-01,1.091,1.095,1.100,1.090,36826.000,
2022-12-02,1.080,1.085,1.089,1.080,17010.000,
2022-12-05,1.085,1.080,1.088,1.079,17023.000,
2022-12-06,1.079,1.065,1.079,1.063,27203.000,
2022-12-07,1.061,1.055,1.062,1.054,24443.000,
2022-12-08,1.053,1.056,1.056,1.048,16645.000,
2022-12-09,1.066,1.067,1.069,1.062,35764.000,
2022-12-12,1.056,1.064,1.064,1.056,9911.000,
2022-12-13,1.064,1.064,1.066,1.061,22828.000,
2022-12-14,1.073,1.086,1.087,1.072,66643.000,
2022-12-15,1.086,1.079,1.086,1.076,15955.000,
2022-12-16,1.068,1.051,1.068,1.049,32207.000,
2022-12-19,1.052,1.051,1.054,1.046,11377.000,
2022-12-20,1.046,1.048,1.050,1.040,61008.000,
2022-12-21,1.048,1.046,1.053,1.042,47367.000,
2022-12-22,1.053,1.051,1.055,1.047,24473.000,
2022-12-23,1.040,1.035,1.049,1.033,68038.000,
2022-12-26,1.037,1.041,1.042,1.036,12564.000,
2022-12-27,1.043,1.040,1.044,1.039,19463.000,
2022-12-28,1.035,1.027,1.035,1.026,22797.000,
2022-12-29,1.021,1.017,1.022,1.017,20200.000,
2022-12-30,1.025,1.026,1.032,1.024,37363.000,
2023-01-03,1.020,1.028,1.029,1.020,38878.000,
2023-01-04,1.021,1.019,1.023,1.018,38691.000,
2023-01-05,1.023,1.016,1.024,1.014,64557.000,
2023-01-06,1.011,1.015,1.019,1.011,43242.000,
2023-01-09,1.021,1.024,1.025,1.019,44634.000,
2023-01-10,1.027,1.021,1.027,1.017,29010.000,
2023-01-11,1.026,1.029,1.030,1.023,40456.000,
2023-01-12,1.031,1.028,1.032,1.025,52720.000,
2023-01-13,1.028,1.027,1.028,1.023,64490.000,
2023-01-16,1.027,1.023,1.027,1.018,80065.000,
2023-01-17,1.031,1.037,1.038,1.030,75895.000,
2023-01-18,1.040,1.047,1.055,1.039,114519.000,
2023-01-19,1.043,1.048,1.050,1.042,58305.000,
2023-01-20,1.044,1.050,1.052,1.042,57435.000,
2023-01-30,1.065,1.068,1.068,1.057,82753.000,
2023-01-31,1.063,1.058,1.067,1.057,32960.000,
2023-02-01,1.065,1.060,1.067,1.059,57443.000,
2023-02-02,1.057,1.070,1.071,1.057,60138.000,
2023-02-03,1.076,1.078,1.081,1.076,43407.000,
2023-02-06,1.073,1.066,1.080,1.066,86639.000,
2023-02-07,1.069,1.061,1.070,1.061,37915.000,
2023-02-08,1.062,1.068,1.068,1.061,41120.000,
2023-02-09,1.065,1.068,1.068,1.061,57307.000,
2023-02-10,1.071,1.069,1.074,1.066,34760.000,
2023-02-13,1.062,1.062,1.062,1.056,41008.000,
2023-02-14,1.066,1.066,1.068,1.063,22216.000,
2023-02-15,1.068,1.056,1.068,1.056,48916.000,
2023-02-16,1.060,1.061,1.062,1.060,35627.000,
2023-02-17,1.057,1.050,1.057,1.050,30399.000,
2023-02-20,1.050,1.054,1.055,1.050,22196.000,
2023-02-21,1.052,1.051,1.054,1.050,18069.000,
2023-02-22,1.040,1.040,1.048,1.036,30890.000,
2023-02-23,1.041,1.039,1.041,1.038,15378.000,
2023-02-24,1.051,1.058,1.058,1.050,43228.000,
2023-02-27,1.055,1.052,1.055,1.048,24705.000,
2023-02-28,1.057,1.050,1.057,1.046,35267.000,
2023-03-01,1.047,1.049,1.050,1.045,25903.000,
2023-03-02,1.048,1.042,1.048,1.041,22105.000,
2023-03-03,1.052,1.057,1.059,1.051,42846.000,
2023-03-06,1.070,1.076,1.078,1.069,42493.000,
2023-03-07,1.081,1.081,1.083,1.080,52916.000,
2023-03-08,1.080,1.077,1.083,1.076,38631.000,
2023-03-09,1.081,1.092,1.093,1.081,29030.000,
2023-03-10,1.088,1.078,1.088,1.073,119177.000,
2023-03-13,1.069,1.068,1.070,1.060,80379.000,
2023-03-14,1.045,1.047,1.055,1.042,70330.000,
2023-03-15,1.052,1.050,1.055,1.045,71286.000,
2023-03-16,1.042,1.051,1.051,1.042,59372.000,
2023-03-17,1.053,1.060,1.060,1.053,39959.000,
2023-03-20,1.056,1.057,1.060,1.054,58206.000,
2023-03-21,1.062,1.064,1.067,1.062,35861.000,
2023-03-22,1.071,1.074,1.075,1.068,40428.000,
2023-03-23,1.070,1.072,1.078,1.069,45168.000,
2023-03-24,1.070,1.084,1.085,1.067,29305.000,
2023-03-27,1.087,1.082,1.088,1.081,45282.000,
2023-03-28,1.083,1.082,1.087,1.082,12082.000,
2023-03-29,1.083,1.091,1.092,1.083,24831.000,
2023-03-30,1.085,1.091,1.092,1.085,54674.000,
2023-03-31,1.095,1.094,1.098,1.092,38699.000,
2023-04-03,1.095,1.101,1.102,1.095,41512.000,
2023-04-04,1.102,1.107,1.108,1.102,19480.000,
2023-04-06,1.098,1.088,1.098,1.087,42387.000,
2023-04-07,1.090,1.088,1.094,1.087,24505.000,
2023-04-10,1.085,1.087,1.099,1.085,16340.000,
2023-04-11,1.095,1.095,1.098,1.091,43437.000,
2023-04-12,1.096,1.095,1.098,1.094,49665.000,
2023-04-13,1.095,1.096,1.099,1.093,32177.000,
2023-04-14,1.110,1.110,1.112,1.106,60717.000,
2023-04-17,1.107,1.107,1.109,1.103,25344.000,
2023-04-18,1.110,1.112,1.112,1.108,24185.000,
2023-04-19,1.108,1.108,1.110,1.107,19473.000,
2023-04-20,1.108,1.112,1.112,1.108,15995.000,
2023-04-21,1.112,1.115,1.117,1.111,36817.000,
2023-04-24,1.119,1.115,1.121,1.112,42088.000,
2023-04-25,1.118,1.117,1.120,1.116,44520.000,
2023-04-26,1.116,1.112,1.120,1.111,45023.000,
2023-04-27,1.114,1.113,1.114,1.108,22280.000,
2023-04-28,1.116,1.117,1.120,1.114,72410.000,
2023-05-04,1.122,1.133,1.133,1.122,39309.000,
2023-05-05,1.133,1.136,1.138,1.132,46332.000,
2023-05-08,1.137,1.134,1.139,1.134,59667.000,
2023-05-09,1.135,1.140,1.140,1.132,63932.000,
2023-05-10,1.137,1.132,1.137,1.130,36382.000,
2023-05-11,1.134,1.142,1.142,1.134,42385.000,
2023-05-12,1.148,1.169,1.179,1.146,103041.000,
2023-05-15,1.170,1.168,1.188,1.161,107946.000,
2023-05-16,1.170,1.170,1.178,1.165,28560.000,
2023-05-17,1.183,1.213,1.234,1.176,136372.000,
2023-05-18,1.237,1.290,1.320,1.230,592448.000,
2023-05-19,1.305,1.396,1.403,1.295,1138115.000,
2023-05-22,1.396,1.266,1.398,1.257,1158221.000,
2023-05-23,1.299,1.201,1.299,1.196,1095555.000,
2023-05-24,1.191,1.193,1.239,1.183,1018423.000,
2023-05-25,1.199,1.194,1.215,1.190,654591.000,
2023-05-26,1.204,1.186,1.205,1.185,384097.000,
2023-05-29,1.201,1.197,1.205,1.190,397186.000,
2023-05-30,1.194,1.201,1.201,1.188,559915.000,
2023-05-31,1.194,1.192,1.198,1.188,305986.000,
2023-06-01,1.200,1.202,1.205,1.193,354797.000,
2023-06-02,1.212,1.223,1.226,1.207,344070.000,
2023-06-05,1.235,1.250,1.253,1.224,607771.000,
2023-06-06,1.253,1.275,1.298,1.250,1061424.000,
2023-06-07,1.267,1.247,1.268,1.242,686510.000,
2023-06-08,1.245,1.224,1.250,1.216,806815.000,
2023-06-09,1.245,1.251,1.252,1.242,541135.000,
2023-06-12,1.258,1.269,1.270,1.258,588487.000,
2023-06-13,1.283,1.297,1.301,1.283,846155.000,
2023-06-14,1.306,1.305,1.311,1.289,1003491.000,
2023-06-15,1.299,1.286,1.308,1.284,751925.000,
2023-06-16,1.282,1.289,1.294,1.279,645499.000,
2023-06-19,1.282,1.275,1.288,1.271,543730.000,
2023-06-20,1.275,1.274,1.280,1.266,376837.000,
2023-06-21,1.280,1.298,1.300,1.280,902697.000,
2023-06-26,1.279,1.256,1.279,1.250,684033.000,
2023-06-27,1.238,1.247,1.249,1.232,400877.000,
2023-06-28,1.251,1.272,1.273,1.250,609310.000,
2023-06-29,1.279,1.261,1.287,1.260,755915.000,
2023-06-30,1.254,1.263,1.264,1.251,400350.000,
2023-07-03,1.281,1.284,1.287,1.281,432259.000,
2023-07-04,1.270,1.267,1.274,1.266,362631.000,
2023-07-05,1.271,1.264,1.271,1.258,378922.000,
2023-07-06,1.251,1.250,1.258,1.248,398145.000,
2023-07-07,1.248,1.239,1.249,1.237,412754.000,
2023-07-10,1.239,1.237,1.242,1.229,472962.000,
2023-07-11,1.251,1.247,1.253,1.240,399546.000,
2023-07-12,1.237,1.242,1.245,1.237,309252.000,
2023-07-13,1.259,1.271,1.271,1.258,438801.000,
2023-07-14,1.267,1.259,1.276,1.258,419012.000,
2023-07-17,1.259,1.262,1.263,1.255,168829.000,
2023-07-18,1.273,1.268,1.274,1.263,275706.000,
2023-07-19,1.281,1.289,1.291,1.277,531127.000,
2023-07-20,1.277,1.260,1.279,1.259,360620.000,
2023-07-21,1.252,1.247,1.254,1.246,297426.000,
2023-07-24,1.255,1.258,1.260,1.253,293009.000,
2023-07-25,1.250,1.250,1.252,1.246,248534.000,
2023-07-26,1.248,1.253,1.253,1.247,160523.000,
2023-07-27,1.257,1.269,1.270,1.254,293463.000,
2023-07-28,1.254,1.265,1.273,1.251,523623.000,
2023-07-31,1.280,1.262,1.280,1.258,621133.000,
2023-08-01,1.262,1.266,1.267,1.261,340863.000,
2023-08-02,1.254,1.236,1.254,1.234,524829.000,
2023-08-03,1.223,1.218,1.228,1.216,495343.000,
2023-08-04,1.220,1.228,1.229,1.218,298957.000,
2023-08-07,1.226,1.234,1.235,1.224,203118.000,
2023-08-08,1.237,1.228,1.238,1.225,214699.000,
2023-08-09,1.230,1.225,1.231,1.223,154550.000,
2023-08-10,1.223,1.228,1.229,1.220,263567.000,
2023-08-11,1.228,1.229,1.231,1.226,142908.000,
2023-08-14,1.226,1.216,1.226,1.211,197338.000,
2023-08-15,1.223,1.220,1.223,1.217,182718.000,
2023-08-16,1.205,1.205,1.210,1.203,201235.000,
2023-08-17,1.186,1.196,1.196,1.181,226114.000,
2023-08-18,1.190,1.190,1.195,1.186,127045.000,
2023-08-21,1.193,1.203,1.208,1.193,207217.000,
2023-08-22,1.209,1.201,1.209,1.196,254432.000,
2023-08-23,1.203,1.214,1.214,1.203,204076.000,
2023-08-24,1.216,1.223,1.225,1.215,302552.000,
2023-08-25,1.198,1.186,1.200,1.185,362382.000,
2023-08-28,1.198,1.210,1.210,1.197,187487.000,
2023-08-29,1.212,1.209,1.212,1.207,248723.000,
2023-08-30,1.217,1.215,1.225,1.213,198675.000,
2023-08-31,1.223,1.231,1.231,1.220,202549.000,
2023-09-01,1.237,1.231,1.239,1.229,238564.000,
2023-09-04,1.233,1.237,1.238,1.231,184807.000,
2023-09-05,1.234,1.236,1.237,1.231,134367.000,
2023-09-06,1.243,1.246,1.246,1.240,236073.000,
2023-09-07,1.241,1.231,1.245,1.231,183495.000,
2023-09-08,1.223,1.230,1.230,1.223,206725.000,
2023-09-11,1.226,1.225,1.227,1.220,167985.000,
2023-09-12,1.225,1.234,1.235,1.222,179829.000,
2023-09-13,1.232,1.223,1.232,1.220,249216.000,
2023-09-14,1.230,1.241,1.243,1.229,422985.000,
2023-09-15,1.250,1.250,1.257,1.247,559905.000,
2023-09-18,1.240,1.241,1.242,1.234,195677.000,
2023-09-19,1.240,1.240,1.240,1.236,113346.000,
2023-09-20,1.240,1.232,1.242,1.231,211407.000,
2023-09-21,1.222,1.215,1.222,1.212,298791.000,
2023-09-22,1.205,1.211,1.215,1.205,280921.000,
2023-09-25,1.214,1.219,1.221,1.214,286902.000,
2023-09-26,1.208,1.197,1.213,1.196,236578.000,
2023-09-27,1.189,1.198,1.199,1.185,225228.000,
2023-09-28,1.193,1.189,1.198,1.182,301981.000,
2023-10-09,1.165,1.161,1.167,1.157,268922.000,
2023-10-10,1.182,1.185,1.186,1.179,320704.000,
2023-10-11,1.190,1.190,1.193,1.186,213886.000,
2023-10-12,1.200,1.212,1.213,1.200,332061.000,
2023-10-13,1.208,1.196,1.209,1.193,266666.000,
2023-10-16,1.185,1.177,1.186,1.173,322967.000,
2023-10-17,1.190,1.192,1.192,1.183,383084.000,
2023-10-18,1.187,1.189,1.191,1.183,215159.000,
2023-10-19,1.175,1.166,1.175,1.165,285898.000,
2023-10-20,1.152,1.160,1.165,1.152,224452.000,
2023-10-23,1.155,1.152,1.157,1.147,211250.000,
2023-10-24,1.143,1.160,1.161,1.136,336704.000,
2023-10-25,1.168,1.161,1.171,1.160,281071.000,
2023-10-26,1.139,1.133,1.142,1.128,382881.000,
2023-10-27,1.141,1.149,1.150,1.139,267678.000,
2023-10-30,1.142,1.148,1.148,1.138,189311.000,
2023-10-31,1.144,1.147,1.151,1.142,202639.000,
2023-11-01,1.168,1.165,1.169,1.157,259452.000,
2023-11-02,1.177,1.180,1.183,1.176,345720.000,
2023-11-03,1.191,1.195,1.196,1.190,235979.000,
2023-11-06,1.210,1.204,1.211,1.203,547244.000,
2023-11-07,1.196,1.186,1.196,1.184,346930.000,
2023-11-08,1.186,1.178,1.188,1.176,217144.000,
2023-11-09,1.186,1.200,1.201,1.186,386617.000,
2023-11-10,1.188,1.191,1.193,1.182,206851.000,
2023-11-13,1.198,1.192,1.201,1.190,205639.000,
2023-11-14,1.193,1.196,1.201,1.193,120993.000,
2023-11-15,1.215,1.228,1.228,1.215,390023.000,
2023-11-16,1.220,1.216,1.220,1.211,351627.000,
2023-11-17,1.219,1.231,1.231,1.219,261296.000,
2023-11-20,1.235,1.222,1.235,1.222,273467.000,
2023-11-21,1.221,1.225,1.229,1.219,162769.000,
2023-11-22,1.228,1.216,1.233,1.215,271004.000,
2023-11-23,1.221,1.225,1.226,1.220,123378.000,
2023-11-24,1.227,1.228,1.231,1.224,516316.000,
2023-11-27,1.227,1.228,1.235,1.223,395185.000,
2023-11-28,1.228,1.229,1.231,1.223,376271.000,
2023-11-29,1.230,1.233,1.241,1.230,296347.000,
2023-11-30,1.235,1.245,1.246,1.231,236238.000,
2023-12-01,1.245,1.240,1.246,1.234,239257.000,
2023-12-04,1.240,1.247,1.248,1.238,234576.000,
2023-12-05,1.235,1.221,1.235,1.220,246013.000,
2023-12-06,1.236,1.254,1.255,1.236,269566.000,
2023-12-07,1.240,1.241,1.247,1.236,308367.000,
2023-12-08,1.236,1.230,1.245,1.228,357771.000,
2023-12-11,1.247,1.246,1.248,1.241,251451.000,
2023-12-12,1.246,1.242,1.254,1.237,248865.000,
2023-12-13,1.249,1.261,1.264,1.249,445176.000,
2023-12-14,1.266,1.282,1.292,1.264,362817.000,
2023-12-15,1.291,1.285,1.295,1.282,317093.000,
2023-12-18,1.270,1.283,1.299,1.269,425218.000,
2023-12-19,1.282,1.301,1.306,1.282,608456.000,
2023-12-20,1.317,1.340,1.375,1.317,1858942.000,
2023-12-21,1.313,1.302,1.335,1.299,985805.000,
2023-12-22,1.310,1.305,1.324,1.297,722166.000,
2023-12-25,1.315,1.326,1.328,1.308,1003968.000,
2023-12-26,1.336,1.358,1.358,1.326,1430230.000,
2023-12-27,1.380,1.336,1.398,1.332,1910017.000,
2023-12-28,1.333,1.322,1.350,1.315,1100611.000,
2023-12-29,1.314,1.318,1.324,1.306,722312.000,
2024-01-02,1.308,1.316,1.319,1.295,625710.000,
2024-01-03,1.313,1.296,1.313,1.295,343634.000,
2024-01-04,1.286,1.313,1.322,1.280,1038738.000,
2024-01-05,1.318,1.300,1.337,1.299,1268661.000,
2024-01-08,1.308,1.326,1.328,1.308,819460.000,
2024-01-09,1.347,1.370,1.383,1.347,1752688.000,
2024-01-10,1.403,1.382,1.416,1.369,2680713.000,
2024-01-11,1.405,1.446,1.455,1.400,3585917.000,
2024-01-12,1.449,1.456,1.509,1.449,3640887.000,
2024-01-15,1.475,1.524,1.602,1.475,5910323.000,
2024-01-16,1.514,1.459,1.668,1.451,29805670.000,
2024-01-17,1.605,1.444,1.605,1.413,26364485.000,
2024-01-18,1.588,1.447,1.588,1.421,14924480.000,
2024-01-19,1.500,1.460,1.567,1.441,8039694.000,
2024-01-22,1.493,1.552,1.558,1.467,20128535.000,
2024-01-23,1.552,1.628,1.692,1.540,27995351.000,
2024-01-24,1.628,1.526,1.705,1.468,20962378.000,
2024-01-25,1.526,1.403,1.567,1.393,13259627.000,
2024-01-26,1.392,1.389,1.454,1.384,15264365.000,
2024-01-29,1.415,1.433,1.439,1.400,12958386.000,
2024-01-30,1.460,1.499,1.505,1.436,15628011.000,
2024-01-31,1.502,1.417,1.549,1.349,23400572.000,
2024-02-01,1.435,1.420,1.453,1.403,15287974.000,
2024-02-02,1.438,1.432,1.452,1.409,12652607.000,
2024-02-05,1.439,1.434,1.454,1.421,7793201.000,
2024-02-06,1.426,1.391,1.439,1.386,6350052.000,
2024-02-07,1.390,1.363,1.396,1.361,8339822.000,
2024-02-08,1.378,1.393,1.394,1.368,5005464.000,
2024-02-19,1.429,1.455,1.458,1.415,6718996.000,
2024-02-20,1.474,1.480,1.505,1.474,6672220.000,
2024-02-21,1.475,1.468,1.484,1.461,6266255.000,
2024-02-22,1.488,1.521,1.527,1.481,17570036.000,
2024-02-23,1.543,1.545,1.598,1.533,21925089.000,
2024-02-26,1.554,1.569,1.585,1.553,12073815.000,
2024-02-27,1.726,1.548,1.726,1.531,8689897.000,
2024-02-28,1.546,1.566,1.587,1.542,14647229.000,
2024-02-29,1.552,1.557,1.581,1.547,8731252.000,
2024-03-01,1.580,1.576,1.587,1.573,5242469.000,
2024-03-04,1.590,1.581,1.594,1.577,3104665.000,
2024-03-05,1.575,1.569,1.579,1.564,2672168.000,
2024-03-06,1.564,1.568,1.577,1.563,1406619.000,
2024-03-07,1.574,1.543,1.575,1.542,1915782.000,
2024-03-08,1.553,1.565,1.577,1.553,3236618.000,
2024-03-11,1.526,1.535,1.545,1.521,2105852.000,
2024-03-12,1.528,1.546,1.557,1.523,3228284.000,
2024-03-13,1.546,1.544,1.558,1.541,2356762.000,
2024-03-14,1.540,1.547,1.552,1.538,1297261.000,
2024-03-15,1.540,1.525,1.547,1.522,1229903.000,
2024-03-18,1.550,1.548,1.554,1.543,1687720.000,
2024-03-19,1.541,1.544,1.553,1.536,1742113.000,
2024-03-20,1.552,1.546,1.554,1.544,786384,
