date,large_close,small_close,vs_large,vol_ratio,signal,strategy_ret_net,cum_strategy
2022-01-04,3264.0657,7983.0677,0.11714697514490711,,0.0,-0.0015,0.9985
2022-01-05,3254.2793,7781.6778,0.14486318832761666,1.2365935027210515,0.0,0.0,0.9985
2022-01-06,3210.3853,7844.5166,0.14135986489607835,0.9758163307601975,0.0,0.0,0.9985
2022-01-07,3223.267,7682.6973,0.1595020820365985,1.1283406513854375,0.0,0.0,0.9985
2022-01-10,3236.1163,7734.1865,0.15419217987249018,0.966709511899099,0.0,0.0,0.9985
2022-01-11,3214.5287,7646.6932,0.14268554858950316,0.9253747414914137,0.0,0.0,0.9985
2022-01-12,3236.3081,7779.5237,0.15341004384144183,1.075161748039336,0.0,0.0,0.9985
2022-01-13,3184.1069,7644.7873,0.15024680852835798,0.9793805201154023,0.0,0.0,0.9985
2022-01-14,3139.0453,7675.3707,0.1501038654120859,0.999048611297157,0.0,0.0,0.9985
2022-01-17,3147.6987,7808.0861,0.11958384810156704,0.7966740081827268,0.0,0.0,0.9985
2022-01-18,3187.5244,7758.6048,0.1364084060118245,1.14069256155704,0.0,0.0,0.9985
2022-01-19,3187.1921,7665.1848,0.14140795988226268,1.0366513620136049,0.0,0.0,0.9985
2022-01-20,3233.7011,7492.6095,0.16765877964265627,1.1856389115736499,0.0,0.0,0.9985
2022-01-21,3218.7352,7388.7443,0.1547306257835064,0.9228900873148153,0.0,0.0,0.9985
2022-01-24,3209.7445,7425.402,0.15476610834253618,1.0002293182674735,0.0,0.0,0.9985
2022-01-25,3144.949,7133.0663,0.14510240117617657,0.937559280453241,0.0,0.0,0.9985
2022-01-26,3163.6743,7171.0289,0.1445806844362571,0.9964044927190004,0.0,0.0,0.9985
2022-01-27,3119.2386,6960.1096,0.17483739597158351,1.2092721559128186,0.0,0.0,0.9985
2022-01-28,3054.0209,6973.0104,0.1944788064336447,1.1123410146491401,0.0,0.0,0.9985
2022-02-07,3114.2603,7061.6204,0.2004331024991224,1.0306166835074098,0.0,0.0,0.9985
2022-02-08,3116.5048,7080.6181,0.20055731896789933,1.0006197402885457,0.0,0.0,0.9985
2022-02-09,3139.5636,7211.4299,0.18504130679416522,0.9226355225848548,0.0,0.0,0.9985
2022-02-10,3145.1126,7175.6171,0.18046447117242076,0.975265870626197,0.0,0.0,0.9985
2022-02-11,3142.9117,7033.8514,0.20544328799351458,1.1384140416050557,0.0,0.0,0.9985
2022-02-14,3103.997,7006.0752,0.20911680010498565,1.0178809059538954,0.0,0.0,0.9985
2022-02-15,3119.9276,7124.8489,0.16982365768622712,0.8120995424612864,0.0,0.0,0.9985
2022-02-16,3136.0821,7183.1058,0.1443692297818905,0.8501125917840775,0.0,0.0,0.9985
2022-02-17,3139.1771,7220.6066,0.13302198645498398,0.9214012338775397,0.0,0.0,0.9985
2022-02-18,3162.8215,7251.7923,0.13267874797986975,0.9974196861416562,0.5,0.0,0.9985
2022-02-21,3144.8649,7334.5912,0.13434428319888309,1.0125531424163425,0.0,-0.004338699559870816,0.9941678084894691
2022-02-22,3102.3249,7279.2355,0.14951452229550025,1.1129206151195816,0.0,0.0,0.9941678084894691
2022-02-23,3118.0376,7450.3998,0.1397659219511076,0.9347983045745514,0.0,0.0,0.9941678084894691
2022-02-24,3059.6409,7285.1172,0.15545913490209887,1.112282112348395,0.0,0.0,0.9941678084894691
2022-02-25,3075.5872,7361.9573,0.1669853991579794,1.074143370623664,0.0,0.0,0.9941678084894691
2022-02-28,3080.7774,7419.8306,0.15482289945151448,0.927164292400449,-1.0,0.0,0.9941678084894691
2022-03-01,3125.6905,7429.4432,0.14259241589639382,0.9210033942107456,-1.0,0.0012955282294448978,0.9954557809501725
2022-03-02,3107.2405,7414.3087,0.14761813952704664,1.0352453782275801,-0.5,-0.0035370974772375705,0.9919347568186722
2022-03-03,3097.0887,7342.6135,0.16825391899985354,1.1397916241115205,0.0,-0.0063349214269969294,0.9856509280735186
2022-03-04,3062.3824,7241.5625,0.14767607672490762,0.8776976940729456,0.0,0.0,0.9856509280735186
2022-03-07,2974.6762,7085.7316,0.20439075113392152,1.3840478137475343,0.0,0.0,0.9856509280735186
2022-03-08,2933.1637,6871.2202,0.1761920600572051,0.8620353860422971,0.0,0.0,0.9856509280735186
2022-03-09,2907.1781,6796.0393,0.1814425314252469,1.0297997047445675,0.0,0.0,0.9856509280735186
2022-03-10,2933.4611,6952.5204,0.15586150598662835,0.8590130702119433,0.0,0.0,0.9856509280735186
2022-03-11,2935.684,6990.7781,0.1676596462475465,1.0756963060650162,0.0,0.0,0.9856509280735186
2022-03-14,2851.8769,6800.5947,0.1659899990243861,0.9900414484908598,0.0,0.0,0.9856509280735186
2022-03-15,2702.8532,6473.4807,0.21039321189625393,1.2675053505202107,0.0,0.0,0.9856509280735186
2022-03-16,2827.7497,6692.9664,0.1958541489484295,0.9308957602919541,0.0,0.0,0.9856509280735186
2022-03-17,2877.2192,6818.5448,0.174105749062762,0.8889561441386973,0.0,0.0,0.9856509280735186
2022-03-18,2913.1854,6879.3659,0.19193430564350808,1.102400734477293,0.0,0.0,0.9856509280735186
2022-03-21,2892.1069,6954.4056,0.14522516692566678,0.7566399682368551,0.0,0.0,0.9856509280735186
2022-03-22,2900.7676,6923.4427,0.14696459056138325,1.0119774256249041,0.0,0.0,0.9856509280735186
2022-03-23,2916.5081,6966.9526,0.14586561824259744,0.9925221965741007,0.0,0.0,0.9856509280735186
2022-03-24,2903.617,6900.8066,0.13618307370455154,0.9336201042116566,0.0,0.0,0.9856509280735186
2022-03-25,2856.4277,6819.8127,0.1334572330323305,0.9799839980250796,0.0,0.0,0.9856509280735186
2022-03-28,2853.1819,6767.2513,0.1602526409773926,1.2007789861683318,0.0,0.0,0.9856509280735186
2022-03-29,2842.1531,6725.677,0.12461266941896801,0.7776013465921447,0.0,0.0,0.9856509280735186
2022-03-30,2915.4906,6864.7486,0.16561174982632312,1.329012134950015,1.0,0.0,0.9856509280735186
2022-03-31,2898.8261,6772.0652,0.14493588177658964,0.8751545825014454,0.0,-0.007215847617550173,0.9785386211724433
2022-04-01,2943.2437,6772.6042,0.16529898162784712,1.1404972985409232,1.0,0.0,0.9785386211724433
2022-04-06,2931.1983,6764.2883,0.1943104847047816,1.1755092668522953,1.0,-0.004092559511806648,0.9745338936306939
2022-04-07,2902.4818,6623.5857,0.1483477381476737,0.7634571977578066,0.0,-0.011296846566129668,0.963524733760855
2022-04-08,2925.4913,6575.2832,0.15905981471510344,1.0722092342032632,1.0,0.0,0.963524733760855
2022-04-11,2846.38,6328.0652,0.1495825367326801,0.9404168928563235,0.0,-0.028542056149679917,0.9360237567082473
2022-04-12,2894.2583,6414.4186,0.14931176302933874,0.9981898040422642,0.5,0.0,0.9360237567082473
2022-04-13,2882.2788,6286.2509,0.1444840261424132,0.9676667344288412,0.5,-0.002069528486797423,0.9340866288794205
2022-04-14,2928.5962,6359.7083,0.14023765852459488,0.9706101239618502,0.5,0.008034857696625264,0.941591882018787
2022-04-15,2930.5784,6275.0725,0.13474491623104923,0.9608326154947722,0.5,0.0003384215276930336,0.941910536981963
2022-04-18,2887.7208,6326.0246,0.15473773140816563,1.148375283731183,0.0,-0.008812140156359559,0.9336102893153261
2022-04-19,2861.567,6345.7861,0.1584903546690746,1.0242515075460834,0.0,0.0,0.9336102893153261
2022-04-20,2835.3517,6234.2514,0.15038353231902438,0.9488497431469748,0.0,0.0,0.9336102893153261
2022-04-21,2797.5293,5981.3843,0.15925267087620107,1.0589767936715415,0.0,0.0,0.9336102893153261
2022-04-22,2814.1273,5891.8083,0.17566515016613232,1.1030593659725172,0.0,0.0,0.9336102893153261
2022-04-25,2683.4127,5431.6079,0.194703578663018,1.1083790864544298,0.0,0.0,0.9336102893153261
2022-04-26,2681.0281,5266.5515,0.1843383008959016,0.9467638045572032,0.0,0.0,0.9336102893153261
2022-04-27,2734.5403,5540.7173,0.17907876313907428,0.9714680143450087,0.0,0.0,0.9336102893153261
2022-04-28,2769.7122,5493.9075,0.18229239892492066,1.0179453762663675,0.0,0.0,0.9336102893153261
2022-04-29,2805.3359,5734.4931,0.18158411929555374,0.9961145959264125,0.0,0.0,0.9336102893153261
2022-05-05,2800.9291,5836.9281,0.17256535512854362,0.9503328583909323,0.0,0.0,0.9336102893153261
2022-05-06,2719.7611,5764.6919,0.15125726230890255,0.8765216065312257,0.0,0.0,0.9336102893153261
2022-05-09,2695.1325,5840.8902,0.13612142106102093,0.8999331270655243,0.0,0.0,0.9336102893153261
2022-05-10,2718.3706,5950.6674,0.16831792906278314,1.2365278569001206,0.0,0.0,0.9336102893153261
2022-05-11,2741.2324,6003.0282,0.15599616750407896,0.9267947174296083,0.0,0.0,0.9336102893153261
2022-05-12,2721.7699,6034.5727,0.1341096872653495,0.8596986029278112,-1.0,0.0,0.9336102893153261
2022-05-13,2748.2369,6071.6673,0.14981975782626586,1.1171434434101126,0.0,0.004647013524254952,0.937948788956158
2022-05-16,2720.4055,6082.8819,0.14658606131247576,0.9784160876995945,0.0,0.0,0.937948788956158
2022-05-17,2756.74,6118.4572,0.14979351840270885,1.0218810510461551,-0.5,0.0,0.937948788956158
2022-05-18,2745.5279,6127.8036,0.14294741817930076,0.9542964188543669,0.0,-0.0007362126844656079,0.9372582591603493
2022-05-19,2744.545,6180.1862,0.1385589674606686,0.969300244981496,0.0,0.0,0.9372582591603493
2022-05-20,2807.942,6263.4432,0.17117527290356166,1.2353965682672365,0.0,0.0,0.9372582591603493
2022-05-23,2782.5478,6343.4672,0.14733888050659402,0.8607486233692362,-1.0,0.0,0.9372582591603493
2022-05-24,2734.1923,6081.6423,0.1411636291383676,0.958088107178539,0.0,-0.042774730639420555,0.8971672895851931
2022-05-25,2743.4166,6188.2694,0.12841350509678348,0.9096784056955171,-1.0,0.0,0.8971672895851931
2022-05-26,2744.8984,6227.0994,0.1444595766577143,1.1249562617953395,0.0,0.004774775303092062,0.9014510618022464
2022-05-27,2763.0717,6210.0937,0.14610811769030677,1.0114117808644736,-0.5,0.0,0.9014510618022464
2022-05-30,2778.4507,6282.3554,0.14808988402931247,1.0135636976941027,-0.5,0.005818084516180488,0.9066957802670125
2022-05-31,2813.2188,6353.3468,0.15780418707309504,1.0655973438527357,0.0,0.004150062395387568,0.9104586243287552
2022-06-01,2798.0681,6373.3182,0.13172692806594472,0.8347492579834316,-1.0,0.0,0.9104586243287552
2022-06-02,2790.3164,6442.9338,0.132840553744519,1.0084540472849772,-0.5,0.009422975727149398,0.9190378538463789
2022-06-06,2825.6505,6604.9759,0.1915161674669795,1.4416995568635338,0.0,0.011075179648749546,0.9292163631817288
2022-06-07,2846.8098,6597.8349,0.16348347097667265,0.8536275194879297,-1.0,0.0,0.9292163631817288
2022-06-08,2879.3113,6608.8922,0.15240060643194564,0.9322080423267474,-1.0,0.0016758982556535074,0.9307736352639098
2022-06-09,2868.4236,6490.3753,0.18089546117894983,1.186973368506434,0.0,-0.01943294494953335,0.9126859624493491
2022-06-10,2899.5785,6627.7477,0.1977458027855495,1.0931496097070703,0.0,0.0,0.9126859624493491
2022-06-13,2844.7236,6674.8036,0.19101189952616435,0.965946669084613,0.0,0.0,0.9126859624493491
2022-06-14,2882.7031,6665.253,0.1939716409035841,1.0154950627932702,-0.5,0.0,0.9126859624493491
2022-06-15,2923.9889,6653.7617,0.2291247908089226,1.1812282957528404,0.0,-0.002362030293523719,0.9105301705575699
2022-06-16,2891.3354,6696.7629,0.18737368150057346,0.8177800439622998,-1.0,0.0,0.9105301705575699
2022-06-17,2936.1999,6774.7375,0.17120503136335125,0.913709065180679,-1.0,0.011643625609023767,0.9211320429692628
2022-06-20,2924.9151,6848.7548,0.18356819624380008,1.0722126258907092,0.0,0.009425486042817179,0.9298141601838612
2022-06-21,2926.475,6779.1447,0.22178704437974425,1.2081997258674648,0.0,0.0,0.9298141601838612
2022-06-22,2892.2861,6691.8118,0.23972589325130114,1.0808832135426358,0.0,0.0,0.9298141601838612
2022-06-23,2935.8829,6845.4548,0.24598709688002912,1.026118178323626,-0.5,0.0,0.9298141601838612
2022-06-24,2974.7537,6931.6542,0.23997111196220672,0.9755434939713262,0.0,0.004796104679560433,0.9342736462286405
2022-06-27,3013.948,7002.934,0.22690892851276634,0.9455676837822982,-1.0,0.0,0.9342736462286405
2022-06-28,3039.4133,7079.7247,0.20331144250487765,0.8960045946073865,-1.0,0.010965503887370609,0.9445184275282286
2022-06-29,3009.2359,6900.9926,0.181158589042976,0.8910398097176937,-1.0,-0.025245628548240084,0.9206734661498831
2022-06-30,3058.3976,6995.5297,0.18564594811325166,1.0247703357261804,0.0,0.012199058306481993,0.9319048154446763
2022-07-01,3045.2687,6994.5009,0.20418751547029584,1.0998759603723376,0.0,0.0,0.9319048154446763
2022-07-04,3050.1516,7076.3219,0.1841815234409677,0.9020214728444623,0.0,0.0,0.9319048154446763
2022-07-05,3052.1113,7036.002,0.18368285796268294,0.9972925325571835,0.0,0.0,0.9319048154446763
2022-07-06,2996.7279,6953.9802,0.19532716230066535,1.0633935276657558,0.0,0.0,0.9319048154446763
2022-07-07,2989.2081,7041.8666,0.17452521465287593,0.8935020229507601,-1.0,0.0,0.9319048154446763
2022-07-08,2993.3063,7000.785,0.16488076883132108,0.9447389545359546,-1.0,-0.005833907731225718,0.9264681687370871
2022-07-11,2942.2959,6893.6346,0.20210283645750615,1.225751419586505,0.0,-0.016805483599339144,0.9108984231220663
2022-07-12,2922.0045,6779.5552,0.18548366772065394,0.9177687506610204,0.0,0.0,0.9108984231220663
2022-07-13,2914.2949,6834.9024,0.19910917759675018,1.0734593511306711,0.0,0.0,0.9108984231220663
2022-07-14,2895.299,6920.8735,0.2063367878334877,1.0362997342662696,-0.5,0.0,0.9108984231220663
2022-07-15,2839.3936,6852.8163,0.19032112909006213,0.9223809825112229,0.0,-0.00641680710534581,0.9050533636483283
2022-07-18,2878.6393,6953.9319,0.1690801530587274,0.8883940205016162,-1.0,0.0,0.9050533636483283
2022-07-19,2865.6029,7009.3239,0.14871790344322453,0.8795704330334362,-1.0,0.00796556549539984,0.9122626254933011
2022-07-20,2874.0775,7110.1043,0.12289703556046004,0.8263768700005778,-1.0,0.014378048644606123,0.9253791818992998
2022-07-21,2836.6615,7075.2943,0.13978713959396413,1.1374329653801527,0.0,-0.00639584941813026,0.9194605959971993
2022-07-22,2848.436,7034.5975,0.13793519336839888,0.9867516694958882,0.0,0.0,0.9194605959971993
2022-07-25,2837.2596,6948.9088,0.1173912553847604,0.8510609404173634,0.0,0.0,0.9194605959971993
2022-07-26,2854.6387,7027.4189,0.1473016114443735,1.2547920282612126,0.0,0.0,0.9194605959971993
2022-07-27,2829.9217,7099.4335,0.1304888860088385,0.8858619042203479,-1.0,0.0,0.9194605959971993
2022-07-28,2827.1067,7150.198,0.13632006376377367,1.0446871602117915,-0.5,0.005650500106804403,0.9246560081930839
2022-07-29,2792.3287,7117.4341,0.15953943448283578,1.170329811166304,0.0,-0.0037911183718268835,0.921150527812803
2022-08-01,2781.6822,7180.4544,0.14676502850157902,0.9199294768552592,-1.0,0.0,0.921150527812803
2022-08-02,2730.7553,6957.9819,0.14733615415152426,1.0038914287400496,0.0,-0.03248306703263787,0.89122873347071
2022-08-03,2710.7238,6916.6704,0.13416759774922718,0.9106223691114252,0.0,0.0,0.89122873347071
2022-08-04,2741.0872,6960.3118,0.14591014315887213,1.087521470210661,0.0,0.0,0.89122873347071
2022-08-05,2774.3351,7090.0027,0.141856356087592,0.9722172360089715,0.0,0.0,0.89122873347071
2022-08-08,2761.1571,7176.105,0.1307302808244927,0.9215680173243045,-1.0,0.0,0.89122873347071
2022-08-09,2764.068,7207.3961,0.11851585950573816,0.9065677726558808,-1.0,0.004360457379037896,0.895114898377983
2022-08-10,2730.9608,7212.0752,0.12563108272739298,1.0600360428665694,0.0,-0.0008507918900141896,0.8943533418818121
2022-08-11,2787.0631,7294.4863,0.14103064202863422,1.1225776214526206,0.0,0.0,0.8943533418818121
2022-08-12,2796.8887,7228.8345,0.12821495458972232,0.9091283478925817,-1.0,0.0,0.8943533418818121
2022-08-15,2782.666,7283.5,0.13530822328733735,1.0553232555462264,0.0,0.0060621457373245,0.8997750421809628
2022-08-16,2769.2609,7324.6198,0.11333445205927074,0.8376021006394887,-1.0,0.0,0.8997750421809628
2022-08-17,2785.8529,7328.6735,0.1324427896134073,1.1686013141365297,0.0,-0.0009465651309301091,0.8989233465003532
2022-08-18,2759.2944,7351.4373,0.11350542054449875,0.8570147221741129,-1.0,0.0,0.8989233465003532
2022-08-19,2750.6305,7234.4052,0.1287290523773526,1.1341225093905147,0.0,-0.017419621595629986,0.8832644419608398
2022-08-22,2756.3688,7288.5766,0.1443446533823987,1.1213059578755462,0.0,0.0,0.8832644419608398
2022-08-23,2735.666,7306.0209,0.12710019568915024,0.8805327576106033,-1.0,0.0,0.8832644419608398
2022-08-24,2708.0902,7039.4103,0.12969472432831883,1.020413254480851,0.0,-0.03799190217892762,0.8497075456837384
2022-08-25,2752.556,7016.3057,0.15492794643205388,1.1945585854352703,0.0,0.0,0.8497075456837384
2022-08-26,2751.5894,6980.1803,0.13864427181684683,0.8948951755302036,0.0,0.0,0.8497075456837384
2022-08-29,2732.2055,7021.3148,0.13947234534339287,1.0059726486763185,0.0,0.0,0.8497075456837384
2022-08-30,2726.6602,6976.7218,0.14424802390443703,1.0342410429055742,0.0,0.0,0.8497075456837384
2022-08-31,2761.7831,6750.7429,0.19320467438691388,1.3393921743767538,1.0,0.0,0.8497075456837384
2022-09-01,2732.399,6717.1001,0.15669309925856073,0.8110212641375609,0.0,-0.01213953936136408,0.8393924874872627
2022-09-02,2711.2642,6776.8268,0.15053408915607644,0.9606938012482524,0.0,0.0,0.8393924874872627
2022-09-05,2697.7665,6791.0921,0.15899734197181814,1.056221503469336,0.0,0.0,0.8393924874872627
2022-09-06,2724.498,6919.6464,0.1678944717041378,1.0559577262234776,0.0,0.0,0.8393924874872627
2022-09-07,2710.6862,6963.5196,0.14090908151523568,0.8392717168409479,0.0,0.0,0.8393924874872627
2022-09-08,2708.2782,6897.0996,0.15397827139528172,1.092749095654512,0.0,0.0,0.8393924874872627
2022-09-09,2757.5659,6913.579,0.1987783896651176,1.290950910566,1.0,0.0,0.8393924874872627
2022-09-13,2769.2348,6904.0775,0.19196132166582244,0.9657051855044209,0.5,0.0027315942476660595,0.841685367177617
2022-09-14,2745.4284,6829.5579,0.17001132323283286,0.8856540565437373,0.0,-0.005798371521259281,0.8368049627147136
2022-09-15,2743.7886,6619.1888,0.17340743799896943,1.0199758151490037,0.0,0.0,0.8368049627147136
2022-09-16,2678.0331,6481.2442,0.22074458547679174,1.2729822205095012,0.0,0.0,0.8368049627147136
2022-09-19,2679.5857,6399.8014,0.20163813543976916,0.9134454419538578,0.0,0.0,0.8368049627147136
2022-09-20,2673.8804,6482.1313,0.19208656589984388,0.9526301435038889,0.0,0.0,0.8368049627147136
2022-09-21,2652.2142,6480.6023,0.18493441352069123,0.9627659938338329,0.0,0.0,0.8368049627147136
2022-09-22,2629.3701,6487.2748,0.1872773470340269,1.0126689969094018,0.0,0.0,0.8368049627147136
2022-09-23,2629.8089,6363.6835,0.21285969952718933,1.1366014250966205,0.0,0.0,0.8368049627147136
2022-09-26,2614.8998,6283.5925,0.237399900769153,1.1152881512868482,0.0,0.0,0.8368049627147136
2022-09-27,2642.9212,6409.776,0.19780052823128585,0.8331954966722018,0.0,0.0,0.8368049627147136
2022-09-28,2611.9815,6211.1091,0.19069838475899273,0.9640944160473188,0.0,0.0,0.8368049627147136
2022-09-29,2608.9774,6228.7788,0.1971834785637918,1.0340070725454493,0.0,0.0,0.8368049627147136
2022-09-30,2610.1165,6124.8639,0.20071368507045356,1.0179031556415092,0.0,0.0,0.8368049627147136
2022-10-10,2545.0494,5984.5008,0.24762595233137197,1.2337272978892868,0.0,0.0,0.8368049627147136
2022-10-11,2539.9455,6017.7194,0.2044371181619217,0.825588417680651,0.0,0.0,0.8368049627147136
2022-10-12,2555.024,6192.6534,0.19258769426389136,0.9420387843236708,0.0,0.0,0.8368049627147136
2022-10-13,2523.6321,6252.2225,0.18195870746038045,0.9448096263671621,0.0,0.0,0.8368049627147136
2022-10-14,2584.6847,6406.4573,0.19086621982920618,1.0489534823210658,0.0,0.0,0.8368049627147136
2022-10-17,2585.4973,6472.4511,0.1684341762113304,0.8824724268236214,-1.0,0.0,0.8368049627147136
2022-10-18,2569.9675,6508.5038,0.1390033569876831,0.8252681261864508,-1.0,0.005570177270246335,0.8414661146976564
2022-10-19,2519.9033,6461.1462,0.14764065120555753,1.0621373066453335,0.0,-0.008776265245477864,0.8340811848799882
2022-10-20,2501.4956,6429.7042,0.1514581816941336,1.0258569063290097,-0.5,0.0,0.8340811848799882
2022-10-21,2487.221,6432.3255,0.1852192119788491,1.2229066129480886,0.0,-0.001296157030054422,0.8330000846885699
2022-10-24,2392.5978,6378.4323,0.21970703079621623,1.1862000083517548,0.0,0.0,0.8330000846885699
2022-10-25,2394.92,6355.7784,0.18026915161995957,0.8204978737670153,-1.0,0.0,0.8330000846885699
2022-10-26,2400.5156,6491.6916,0.19536064602678513,1.0837164554845258,0.0,0.019884194263286414,0.8495636201938515
2022-10-27,2381.2628,6461.6098,0.194838130143443,0.9973253779920932,0.0,0.0,0.8495636201938515
2022-10-28,2326.9417,6239.9316,0.17212028665928253,0.8834014498731063,0.0,0.0,0.8495636201938515
2022-10-31,2295.9239,6292.6191,0.22156692277201043,1.2872795361456089,0.0,0.0,0.8495636201938515
2022-11-01,2396.6294,6439.8223,0.24757070202217013,1.117363092490648,0.0,0.0,0.8495636201938515
2022-11-02,2418.3222,6524.5136,0.2064385576583571,0.8338569789242283,-1.0,0.0,0.8495636201938515
2022-11-03,2387.4523,6566.8413,0.1683807490618304,0.8156458317272783,-1.0,0.006487487435078654,0.855075153505159
2022-11-04,2468.2764,6709.6446,0.19749698010791303,1.1729190017760938,0.0,0.020246117117220408,0.8723871052070495
2022-11-07,2477.7666,6713.6375,0.20150764355572434,1.0203074672109917,-0.5,0.0,0.8723871052070495
2022-11-08,2459.0913,6694.9562,0.1677161698794772,0.8323067399331553,-1.0,-0.0028912949574653166,0.8698647767688066
2022-11-09,2440.352,6676.0079,0.16563612116799611,0.9875978045946563,0.0,-0.004330235095488742,0.8660980577841129
2022-11-10,2440.3171,6603.3086,0.2118424535348365,1.2789628979537362,0.0,0.0,0.8660980577841129
2022-11-11,2518.0491,6643.4817,0.24294259597162624,1.1468078844341532,0.0,0.0,0.8660980577841129
2022-11-14,2538.2967,6599.6655,0.22409481300099798,0.9224187800609922,-1.0,0.0,0.8660980577841129
2022-11-15,2583.7231,6752.5127,0.17627645647232149,0.786615513816183,-1.0,0.02315984044948949,0.8861567506160056
2022-11-16,2572.8872,6702.041,0.15683985447889542,0.8897379583048406,-1.0,-0.007474506490006361,0.8795331662323633
2022-11-17,2560.0167,6714.5035,0.14722758525787466,0.938712840221908,-1.0,0.0018595081707197814,0.8811686653413915
2022-11-18,2546.7154,6658.4005,0.1447733310939063,0.9833302016081454,0.0,-0.009855494937190788,0.8724843120213083
2022-11-21,2514.8539,6689.3254,0.15693281594578573,1.0839898119356821,0.0,0.0,0.8724843120213083
2022-11-22,2531.3437,6583.2332,0.19822299827072332,1.263107381818738,1.0,0.0,0.8724843120213083
2022-11-23,2535.5226,6567.9934,0.19943350108367106,1.0061067727938133,0.0,0.00015086234634981285,0.8726159370517732
2022-11-24,2520.5634,6586.8576,0.15028086706365415,0.7535387296871691,0.0,0.0,0.8726159370517732
2022-11-25,2544.6147,6512.1619,0.24895473500947257,1.6565963443904228,1.0,0.0,0.8726159370517732
2022-11-28,2503.6228,6492.712,0.20149661141459213,0.8093704721339215,0.0,-0.017609275797235646,0.8572498023511652
2022-11-29,2607.7499,6594.3225,0.2376549721451518,1.1794489767183307,1.0,0.0,0.8572498023511652
2022-11-30,2606.5427,6590.3067,0.20695925040810667,0.8708391351547352,0.0,-0.001962927829083526,0.8555670828576538
2022-12-01,2631.2051,6658.4265,0.21403672101058546,1.0341974112706853,0.0,0.0,0.8555670828576538
2022-12-02,2614.6137,6680.5415,0.16400910374132374,0.7662661947302606,0.0,0.0,0.8555670828576538
2022-12-05,2676.1429,6714.367,0.23391570461153607,1.4262361007744393,1.0,0.0,0.8555670828576538
2022-12-06,2684.8458,6703.5524,0.1897564459705151,0.8112172129940729,0.0,0.001752031122852328,0.8570660630145084
2022-12-07,2670.647,6705.2873,0.18125257742734915,0.9551853508866449,0.5,0.0,0.8570660630145084
2022-12-08,2672.8957,6662.3441,0.15053122710604339,0.830505305042519,0.0,-0.001078997149379922,0.8561412911756855
2022-12-09,2706.7388,6680.3752,0.19299024501552872,1.282061195711735,1.0,0.0,0.8561412911756855
2022-12-12,2673.9391,6655.6737,0.1707210724235764,0.8846098537770111,0.0,-0.013617792821383477,0.8444825364466233
2022-12-13,2676.8995,6593.6675,0.16003958521310732,0.9374331061840614,0.0,0.0,0.8444825364466233
2022-12-14,2686.3682,6570.0183,0.1567749850354881,0.9796012956839889,0.5,0.0,0.8444825364466233
2022-12-15,2675.1875,6597.5505,0.1523531849186447,0.9717952445293331,0.5,-0.002081006617037806,0.842725162700305
2022-12-16,2688.2899,6519.4361,0.15659791335809436,1.0278611073455164,0.0,0.0009488750788496105,0.8435248036055107
2022-12-19,2646.1789,6390.77,0.1628431443394567,1.0398806781485095,0.0,0.0,0.8435248036055107
2022-12-20,2599.4882,6341.5833,0.16490963355252664,1.0126900596365433,0.0,0.0,0.8435248036055107
2022-12-21,2607.4236,6289.1361,0.1328523731168686,0.8056071089052099,0.0,0.0,0.8435248036055107
2022-12-22,2619.7569,6186.9277,0.15686639192586135,1.1807571686195468,0.0,0.0,0.8435248036055107
2022-12-23,2615.8794,6160.7451,0.14093511307619674,0.8984404584431693,0.0,0.0,0.8435248036055107
2022-12-26,2607.5229,6275.5244,0.16531890344073114,1.1730143030527196,0.0,0.0,0.8435248036055107
2022-12-27,2632.4526,6325.6279,0.16641594543260316,1.0066359137947303,0.0,0.0,0.8435248036055107
2022-12-28,2638.3055,6268.4658,0.18041170735440057,1.0841010871008485,0.0,0.0,0.8435248036055107
2022-12-29,2622.0716,6261.8292,0.18198203246916292,1.008704119803476,0.0,0.0,0.8435248036055107
2022-12-30,2635.2484,6281.6209,0.19737687186995123,1.084595381158835,0.0,0.0,0.8435248036055107
2023-01-03,2641.4218,6423.7013,0.18499339521300118,0.9372597379843504,0.0,0.0,0.8435248036055107
2023-01-04,2651.005,6421.2767,0.1763955418945808,0.953523457913074,0.5,0.0,0.8435248036055107
2023-01-05,2700.3082,6485.4688,0.1855372755619662,1.0518251967663037,1.0,0.007798963977812158,0.8501034231632213
2023-01-06,2713.6307,6500.3203,0.17982271405813718,0.969199927688275,0.5,0.00343369608698746,0.8530224199608715
2023-01-09,2742.2014,6535.7493,0.19562872706213416,1.0878977557801004,1.0,0.0037642940691965956,0.8562334471972219
2023-01-10,2733.6188,6540.2008,0.17824448129208909,0.9111365389372307,0.0,-0.004629821172142888,0.8522692394550914
2023-01-11,2740.1927,6486.9049,0.17981448465526154,1.0088081457097102,0.0,0.0,0.8522692394550914
2023-01-12,2741.9454,6489.5702,0.17498987954538253,0.9731689851397195,0.5,0.0,0.8522692394550914
2023-01-13,2787.3561,6517.5132,0.18204930007544054,1.0403418789040721,0.0,0.006780744758812464,0.8580482596336235
2023-01-16,2834.2913,6591.8056,0.21778283645694796,1.1962849424123003,1.0,0.0,0.8580482596336235
2023-01-17,2827.0272,6597.4946,0.18719099452235166,0.8595305193362022,0.0,-0.004062933457121996,0.8545620666517328
2023-01-18,2810.086,6613.005,0.16268143151527903,0.8690665484757278,0.0,0.0,0.8545620666517328
2023-01-19,2820.8067,6676.0803,0.18199149535303275,1.1186986348588905,1.0,0.0,0.8545620666517328
2023-01-20,2836.807,6736.8515,0.21893388866455044,1.2029896684999246,0.0,0.004172242624778168,0.8581275069317357
2023-01-30,2839.1216,6786.453,0.1974968872748223,0.9020845903734264,0.0,0.0,0.8581275069317357
2023-01-31,2807.9519,6805.2756,0.16896598179621636,0.8555374422741944,0.0,0.0,0.8581275069317357
2023-02-01,2820.8742,6916.7204,0.18124807343018537,1.0726897302249987,0.0,0.0,0.8581275069317357
2023-02-02,2811.8468,6933.2257,0.16930783083872594,0.9341220992560858,-1.0,0.0,0.8581275069317357
2023-02-03,2774.8009,6925.076,0.16443793733282408,0.971236454440547,0.0,-0.0026754557478201866,0.8558316247609526
2023-02-06,2735.0045,6891.413,0.15260960935152987,0.9280681321284543,-1.0,0.0,0.8558316247609526
2023-02-07,2740.4446,6924.3213,0.12123040802001853,0.7943825328899791,-1.0,0.004775261619061277,0.8599184446710525
2023-02-08,2731.2516,6877.7247,0.12680936299518933,1.0460194357693622,-0.5,-0.008229410433337301,0.8528418228506573
2023-02-09,2761.872,6999.1821,0.11732707028110764,0.9252240332250434,-1.0,0.007329766041667853,0.8590929538827021
2023-02-10,2746.7231,6975.3945,0.10828318022643184,0.9229172770358344,-1.0,-0.0033986256765629053,0.8561732185110821
2023-02-13,2767.7933,7052.1766,0.15765339425895117,1.4559361290394397,0.0,0.009507563801588516,0.8643133400112876
2023-02-14,2776.9822,7061.449,0.1280714402843481,0.812360817769558,-1.0,0.0,0.8643133400112876
2023-02-15,2752.3385,7063.6048,0.13020836137408823,1.0166853834468923,-0.5,-0.0011947085506104891,0.8632807374735694
2023-02-16,2742.8042,6925.2034,0.13038862662394907,1.0013844368207887,-0.5,-0.009796796672429886,0.8548233516173155
2023-02-17,2714.2891,6868.5477,0.13529298210253232,1.037613368631666,-0.5,-0.004090544113115879,0.8513266589886034
2023-02-20,2788.3958,6959.3609,0.1888012221000441,1.3954990064226713,0.0,0.005110800708277798,0.8556776198803382
2023-02-21,2802.1357,6990.4751,0.17168824703838087,0.9093598289708357,-1.0,0.0,0.8556776198803382
2023-02-22,2769.344,6998.4298,0.12844299140155985,0.7481175538640478,-1.0,0.0011379341012172084,0.8566513246236485
2023-02-23,2767.5352,6966.7866,0.14014111162728415,1.0910763607891356,0.0,-0.00602147137347858,0.8514930231953747
2023-02-24,2727.5902,6944.824,0.17149260141125028,1.2237137226893688,0.0,0.0,0.8514930231953747
2023-02-27,2723.5835,6894.2959,0.14703075017572986,0.8573591453262795,0.0,0.0,0.8514930231953747
2023-02-28,2737.1547,6955.5737,0.15573336449345582,1.0591890764845087,0.0,0.0,0.8514930231953747
2023-03-01,2773.6494,7002.7711,0.18714016079049478,1.2016703125832662,0.0,0.0,0.8514930231953747
2023-03-02,2769.1077,6972.3062,0.16852518802921057,0.9005292467279439,-1.0,0.0,0.8514930231953747
2023-03-03,2774.5079,6967.94,0.2072992070610198,1.2300784795747477,0.0,-0.002126220345859241,0.8496825614050996
2023-03-06,2744.1406,6997.0444,0.2030639213717016,0.979569214232105,0.0,0.0,0.8496825614050996
2023-03-07,2713.1681,6855.3435,0.25660824819593425,1.2636821275908565,0.0,0.0,0.8496825614050996
2023-03-08,2691.9327,6891.4556,0.19585814891227754,0.763257417831438,0.0,0.0,0.8496825614050996
2023-03-09,2671.8434,6892.8565,0.17704506115822266,0.9039453407553595,0.0,0.0,0.8496825614050996
2023-03-10,2636.3891,6798.2987,0.1701700233677477,0.961167864579228,0.0,0.0,0.8496825614050996
2023-03-13,2664.0378,6832.621,0.19482893825820682,1.144907513100411,0.0,0.0,0.8496825614050996
2023-03-14,2645.1143,6769.8491,0.1744772026923978,0.8955404892735346,0.0,0.0,0.8496825614050996
2023-03-15,2648.3852,6803.4738,0.1933176324391626,1.1079821859591614,0.0,0.0,0.8496825614050996
2023-03-16,2622.8232,6689.7826,0.21767995929386136,1.1260222699156301,0.0,0.0,0.8496825614050996
2023-03-17,2628.5911,6736.3672,0.21299428315025942,0.978474471610515,0.0,0.0,0.8496825614050996
2023-03-20,2616.7505,6721.4545,0.19665569624428306,0.9232909603754477,0.0,0.0,0.8496825614050996
2023-03-21,2643.3583,6809.3913,0.17531522750431972,0.891483088730598,0.0,0.0,0.8496825614050996
2023-03-22,2651.5343,6840.3262,0.14020842770030406,0.7997504249700692,0.0,0.0,0.8496825614050996
2023-03-23,2668.6691,6868.8345,0.14812010785683047,1.0564279928553058,0.0,0.0,0.8496825614050996
2023-03-24,2653.285,6867.9521,0.1445988313647133,0.9762268840938142,0.0,0.0,0.8496825614050996
2023-03-27,2639.6226,6886.6891,0.1485984652194785,1.0276602087099664,-0.5,0.0,0.8496825614050996
2023-03-28,2638.7377,6825.3831,0.13767272980237644,0.9264747761629647,0.0,-0.0059510503603247816,0.8446260576918881
2023-03-29,2636.2229,6806.2811,0.14325709127870742,1.0405625826141975,0.0,0.0,0.8446260576918881
2023-03-30,2664.2119,6807.6446,0.18695590674021165,1.305037712768354,0.0,0.0,0.8446260576918881
2023-03-31,2661.9197,6875.8083,0.16007496813515143,0.8562177623924279,-1.0,0.0,0.8446260576918881
2023-04-03,2665.7232,6962.2048,0.1534643340953415,0.9587028870483449,0.0,0.011065286324227598,0.8539720868571524
2023-04-04,2675.9173,6953.3625,0.156295562603047,1.0184487719859818,-0.5,0.0,0.8539720868571524
2023-04-06,2666.4478,6983.0265,0.13419548218914454,0.8586007174750615,-1.0,0.0006330687131585479,0.8545127098672525
2023-04-07,2684.8618,7042.8904,0.12610254987461741,0.9396929599826589,-1.0,0.008572772851427768,0.8618382532276024
2023-04-10,2684.9086,6968.5725,0.15129075703252345,1.1997438369243956,0.0,-0.012052187493930054,0.8514512170102623
2023-04-11,2680.0435,6984.1419,0.17325195305264138,1.1451588745464263,0.0,0.0,0.8514512170102623
2023-04-12,2665.7695,7021.0163,0.16241814967899088,0.9374679293204924,-1.0,0.0,0.8514512170102623
2023-04-13,2670.0139,6966.8182,0.16481095398908088,1.0147323702112063,-0.5,-0.009219409510557717,0.8436013395623819
2023-04-14,2679.0072,7020.0943,0.15023883999145338,0.9115828551141513,-1.0,0.0023235603736580525,0.8455614982061539
2023-04-17,2732.974,7012.773,0.20731296695085172,1.379889294690009,0.0,-0.002542906218510442,0.8434113146142325
2023-04-18,2744.4539,6997.0715,0.19818476337839971,0.9559689694923132,0.0,0.0,0.8434113146142325
2023-04-19,2720.718,6965.5757,0.16299052171436174,0.8224170160001623,0.0,0.0,0.8434113146142325
2023-04-20,2704.8577,6963.8986,0.17070827952289974,1.047350960824969,0.0,0.0,0.8434113146142325
2023-04-21,2654.211,6773.5121,0.1619314545009069,0.9485858269644416,0.0,0.0,0.8434113146142325
2023-04-24,2618.4783,6725.2706,0.17833535225533584,1.101301490837514,0.0,0.0,0.8434113146142325
2023-04-25,2619.2326,6603.2389,0.16893342706838146,0.9472795210369005,0.0,0.0,0.8434113146142325
2023-04-26,2617.9775,6624.4004,0.1668509928217732,0.9876730480003504,0.0,0.0,0.8434113146142325
2023-04-27,2650.5699,6633.4926,0.17195244856639857,1.0305749199231595,0.0,0.0,0.8434113146142325
2023-04-28,2677.7565,6723.3045,0.1766243389264824,1.0271696646313229,0.0,0.0,0.8434113146142325
2023-05-04,2692.691,6733.9694,0.21099692054008537,1.1946084091383924,1.0,0.0,0.8434113146142325
2023-05-05,2685.1732,6653.6532,0.20112931423008099,0.9532334107780036,0.5,-0.004291928223475959,0.8397914537890407
2023-05-08,2720.323,6702.4999,0.2382902096850097,1.1847612099567877,1.0,0.0050451643864163915,0.844028339723714
2023-05-09,2703.937,6611.6367,0.2403132015108432,1.0084896136878962,0.0,-0.007523549409389983,0.8376782508068773
2023-05-10,2673.9063,6627.3114,0.24038145547424636,1.0002840208651629,0.0,0.0,0.8376782508068773
2023-05-11,2666.0615,6622.5211,0.1747484396812844,0.7269630651687536,0.0,0.0,0.8376782508068773
2023-05-12,2630.9479,6535.9439,0.18546799906660563,1.06134280457595,0.0,0.0,0.8376782508068773
2023-05-15,2677.0372,6585.9102,0.21661419884530844,1.1679330123549645,1.0,0.0,0.8376782508068773
2023-05-16,2670.4505,6516.2886,0.19215704835412914,0.8870935025425319,0.0,-0.003960443956475599,0.8343606730409981
2023-05-17,2649.3562,6554.9802,0.17266509278982115,0.8985623700443922,0.0,0.0,0.8343606730409981
2023-05-18,2644.2176,6583.7382,0.18128647372964826,1.0499312327728083,0.0,0.0,0.8343606730409981
2023-05-19,2633.3861,6602.3174,0.18042014223218258,0.9952212016724555,0.0,0.0,0.8343606730409981
2023-05-22,2658.7887,6595.9844,0.1763907643854053,0.9776666962073898,0.0,0.0,0.8343606730409981
2023-05-23,2617.5398,6528.4533,0.19177966134877483,1.0872432126307108,0.0,0.0,0.8343606730409981
2023-05-24,2577.3423,6513.1817,0.22678008740650094,1.182503326012624,0.0,0.0,0.8343606730409981
2023-05-25,2564.5045,6501.0001,0.18956312913806567,0.8358896555069922,0.0,0.0,0.8343606730409981
2023-05-26,2559.6142,6546.4083,0.159978305028172,0.843931548057819,0.0,0.0,0.8343606730409981
2023-05-29,2548.2861,6534.1166,0.16182618730600185,1.0115508304548197,0.0,0.0,0.8343606730409981
2023-05-30,2535.1442,6564.4686,0.17399281238131284,1.0751832894159754,0.0,0.0,0.8343606730409981
2023-05-31,2493.3496,6561.6487,0.17703366104964366,1.0174768637089828,0.0,0.0,0.8343606730409981
2023-06-01,2500.3396,6574.7576,0.17425462541249098,0.9843022190205207,0.0,0.0,0.8343606730409981
2023-06-02,2543.5764,6626.2794,0.1692894053536352,0.9715059497152386,0.0,0.0,0.8343606730409981
2023-06-05,2528.399,6632.9556,0.17817308350118993,1.0524762794753593,-0.5,0.0,0.8343606730409981
2023-06-06,2519.1892,6489.8113,0.16885283965361356,0.9476899447187592,0.0,-0.012290385812321723,0.8241060584626959
2023-06-07,2511.3925,6488.5574,0.15159328912130612,0.897783474842864,0.0,0.0,0.8241060584626959
2023-06-08,2540.0645,6442.4819,0.17636936321107008,1.1634378027772585,0.0,0.0,0.8241060584626959
2023-06-09,2543.9316,6495.5639,0.1631936106309119,0.9252945503670607,0.0,0.0,0.8241060584626959
2023-06-12,2542.1962,6530.1606,0.19976561232993198,1.2241019213781197,0.0,0.0,0.8241060584626959
2023-06-13,2544.9504,6554.9567,0.16764024387891555,0.8391846921182895,-1.0,0.0,0.8241060584626959
2023-06-14,2541.8134,6578.1228,0.18507347404792698,1.103991916055689,0.0,0.002034134710607706,0.825782401201437
2023-06-15,2576.7424,6613.9549,0.18019434715338845,0.9736368114359002,0.0,0.0,0.825782401201437
2023-06-16,2600.9191,6669.0051,0.1871968536115375,1.038860855341862,-0.5,0.0,0.825782401201437
2023-06-19,2560.5289,6693.299,0.17835457030484314,0.9527647867146128,0.0,0.00032140361536087255,0.8260478106506846
2023-06-20,2547.2541,6693.9147,0.1530788944923981,0.8582841147875048,-1.0,0.0,0.8260478106506846
2023-06-21,2519.0787,6548.4066,0.17379817661960129,1.135350351176152,0.0,-0.02323736991300468,0.806852632108767
2023-06-26,2488.7383,6420.9726,0.1708327644395347,0.9829376105219039,0.0,0.0,0.806852632108767
2023-06-27,2506.5991,6507.2728,0.19308051334141574,1.1302311589633935,0.0,0.0,0.806852632108767
2023-06-28,2510.7153,6475.505,0.16066540001972496,0.8321160806923453,0.0,0.0,0.806852632108767
2023-06-29,2490.8971,6520.0393,0.15213972280066307,0.9469352006218191,0.0,0.0,0.806852632108767
2023-06-30,2492.102,6602.0372,0.14296437520739155,0.939691308592081,-1.0,0.0,0.806852632108767
2023-07-03,2534.4735,6612.8844,0.17701676930259552,1.2381879684768027,1.0,0.00014300800970940128,0.8069680184978136
2023-07-04,2537.5956,6638.4471,0.1829328756414505,1.0334211632161352,-0.5,-0.00026814652037193557,0.806751632831602
2023-07-05,2520.1751,6584.4232,0.188043335322171,1.0279362561967103,0.0,-0.005569016381858359,0.8022588197722719
2023-07-06,2501.3167,6567.0789,0.17592183454465352,0.9355387907965472,-1.0,0.0,0.8022588197722719
2023-07-07,2489.5351,6521.4265,0.16274878155447972,0.9251198520964142,0.0,-0.008451705727184287,0.7954783643105185
2023-07-10,2503.2767,6526.8519,0.16924698020865112,1.039927786814159,0.0,0.0,0.7954783643105185
2023-07-11,2518.5282,6579.3695,0.1602007971740635,0.9465504021198174,-1.0,0.0,0.7954783643105185
2023-07-12,2513.417,6482.9867,0.17781895836478964,1.1099754901443057,0.0,-0.01614924564580228,0.7826319887993469
2023-07-13,2546.3809,6548.3129,0.20281003389966187,1.1405422445654185,1.0,0.0,0.7826319887993469
2023-07-14,2547.9393,6544.4593,0.21137401466356698,1.0422266127530062,0.0,-0.0008879941527994415,0.7819370161694994
2023-07-17,2520.7864,6516.56,0.2006738244055892,0.9493779295671291,0.0,0.0,0.7819370161694994
2023-07-18,2511.6351,6510.0341,0.18194257019619464,0.9066582088377598,0.0,0.0,0.7819370161694994
2023-07-19,2517.106,6492.3487,0.16851947887383434,0.9262234709123558,0.0,0.0,0.7819370161694994
2023-07-20,2506.863,6408.7598,0.16734155663925804,0.9930101716285381,0.0,0.0,0.7819370161694994
2023-07-21,2509.2927,6401.4168,0.16479683730139,0.9847932612258786,0.0,0.0,0.7819370161694994
2023-07-24,2499.9998,6393.7938,0.14881747804988155,0.9030360077706803,0.0,0.0,0.7819370161694994
2023-07-25,2578.3511,6498.2688,0.21498469183753244,1.4446199106093744,1.0,0.0,0.7819370161694994
2023-07-26,2576.3902,6457.2535,0.1484202562880422,0.690375928720571,0.0,-0.002260524817585928,0.7801694281386592
2023-07-27,2575.3646,6407.5461,0.1706697399856744,1.1499086732100243,1.0,0.0,0.7801694281386592
2023-07-28,2647.0315,6465.3763,0.23594991033068094,1.382494110265159,1.0,0.027827865615610348,0.8018798781423093
2023-07-31,2653.369,6515.8486,0.2196664685946497,0.9309877180575733,0.0,0.0008941913800422654,0.8025969122171734
2023-08-01,2645.8929,6507.4124,0.175292792446448,0.7979952223382605,0.0,0.0,0.8025969122171734
2023-08-02,2620.6844,6496.0222,0.18041090557533948,1.0291975103908226,0.0,0.0,0.8025969122171734
2023-08-03,2645.1526,6499.5448,0.17235414137021454,0.9553421442044675,0.5,0.0,0.8025969122171734
2023-08-04,2648.8447,6535.322,0.1985104904040736,1.1517593300974158,1.0,-0.0008021007559260705,0.8019531486271801
2023-08-07,2634.5809,6503.9825,0.15821459165135235,0.7970087189311869,0.0,-0.006884913656885981,0.7964317704420142
2023-08-08,2631.3774,6471.3444,0.16087532824368247,1.0168172642267626,0.0,0.0,0.7964317704420142
2023-08-09,2628.7041,6420.9768,0.1534630034652241,0.9539250371117769,0.5,0.0,0.7964317704420142
2023-08-10,2629.4432,6426.8142,0.1572830414353026,1.024892240369479,0.0,-0.0013594174216869357,0.7953490872180904
2023-08-11,2568.8984,6304.6354,0.19456307765943887,1.237025148318175,0.0,0.0,0.7953490872180904
2023-08-14,2549.2843,6319.4073,0.19509605762817336,1.0027393685130095,0.0,0.0,0.7953490872180904
2023-08-15,2546.442,6261.7333,0.1851928751031648,0.9492394533984756,0.0,0.0,0.7953490872180904
2023-08-16,2530.8097,6186.4029,0.17019755782917514,0.9190286491009103,0.0,0.0,0.7953490872180904
2023-08-17,2536.4891,6247.6011,0.1610170226009195,0.9460595360747184,0.0,0.0,0.7953490872180904
2023-08-18,2507.5798,6117.1074,0.15892972451629522,0.9870367862297539,0.0,0.0,0.7953490872180904
2023-08-21,2475.0897,6057.1708,0.1965456450738926,1.2366827267339822,0.0,0.0,0.7953490872180904
2023-08-22,2493.7638,6099.1948,0.22238139146574779,1.1314490910350217,0.0,0.0,0.7953490872180904
2023-08-23,2461.1872,5973.6711,0.18759602717407356,0.8435778998305619,0.0,0.0,0.7953490872180904
2023-08-24,2480.7518,5987.9663,0.21459158416790464,1.1439026049777772,0.0,0.0,0.7953490872180904
2023-08-25,2485.3343,5879.0268,0.17676215034282025,0.8237142711268435,0.0,0.0,0.7953490872180904
2023-08-28,2518.1857,5922.1617,0.2054551097473898,1.162325245245779,0.0,0.0,0.7953490872180904
2023-08-29,2529.2228,6108.7589,0.1761239662415267,0.8572381891989632,0.0,0.0,0.7953490872180904
2023-08-30,2522.5419,6139.6265,0.17616761038431306,1.0002478035426847,0.0,0.0,0.7953490872180904
2023-08-31,2510.4577,6104.2953,0.17186334920534743,0.9755672386679038,0.0,0.0,0.7953490872180904
2023-09-01,2532.2541,6107.1996,0.18995600348080297,1.1052734882632707,0.0,0.0,0.7953490872180904
2023-09-04,2577.4651,6198.7623,0.20725969609431877,1.0910931599761968,1.0,0.0,0.7953490872180904
2023-09-05,2561.7902,6167.6421,0.15907152286671178,0.7674985820413548,0.0,-0.007581517844800266,0.7893191339205009
2023-09-06,2559.3574,6195.3828,0.1553724301017404,0.9767457260840402,0.5,0.0,0.7893191339205009
2023-09-07,2534.1555,6083.4893,0.160272922299224,1.0315402944671372,0.0,-0.0064234819646525314,0.7842489566994074
2023-09-08,2519.9694,6102.4883,0.13173561174112544,0.821945527986191,0.0,0.0,0.7842489566994074
2023-09-11,2536.1714,6182.6433,0.14516450555254282,1.1019382203030004,1.0,0.0,0.7842489566994074
2023-09-12,2531.8257,6184.606,0.14589170534533374,1.0050094876156053,0.0,-0.0032134882918403705,0.7817287818591659
2023-09-13,2524.5413,6103.137,0.16216094512280355,1.1115158654082467,1.0,0.0,0.7817287818591659
2023-09-14,2530.9791,6068.7131,0.21430770670502391,1.3215741098618408,1.0,0.0025500870197687764,0.7837222582787646
2023-09-15,2514.9794,6079.0632,0.2132629849589742,0.9951251321657429,0.0,-0.007821545681669094,0.7775923388338964
2023-09-18,2531.8974,6083.9692,0.1767609183492235,0.828840121426732,0.0,0.0,0.7775923388338964
2023-09-19,2532.2789,6031.0416,0.16907113598616083,0.9564961393339783,0.5,0.0,0.7775923388338964
2023-09-20,2521.562,5982.5578,0.177920795190145,1.0523428150663667,0.0,-0.003616058385196018,0.774780519536792
2023-09-21,2495.7393,5939.6638,0.19329477462089975,1.0864091204983908,0.0,0.0,0.774780519536792
2023-09-22,2550.9827,6054.9279,0.19802747941552612,1.024484390764874,0.0,0.0,0.774780519536792
2023-09-25,2529.1496,6027.3938,0.164857962663437,0.8325004345357107,0.0,0.0,0.774780519536792
2023-09-26,2513.4072,5996.1104,0.1698789289448152,1.0304563164572687,0.0,0.0,0.774780519536792
2023-09-27,2520.1395,6034.0605,0.18458611487067547,1.0865745152574977,0.0,0.0,0.774780519536792
2023-09-28,2507.0857,6078.9449,0.1631998457491146,0.8841393398601813,0.0,0.0,0.774780519536792
2023-10-09,2499.5666,6059.9651,0.16797051408795988,1.0292320640190993,0.0,0.0,0.774780519536792
2023-10-10,2482.5345,6043.4816,0.16931623613374988,1.0080116564094417,0.0,0.0,0.774780519536792
2023-10-11,2490.855,6059.4014,0.15515536173518238,0.9163643444838849,0.0,0.0,0.774780519536792
2023-10-12,2514.3904,6104.4558,0.1879324629299623,1.2112534225579876,0.0,0.0,0.774780519536792
2023-10-13,2489.1251,6081.8658,0.15180247850560866,0.8077501680067994,-1.0,0.0,0.774780519536792
2023-10-16,2468.4363,6024.3594,0.13232461835278078,0.8716894457549438,0.0,-0.010955387851537211,0.7662924984454509
2023-10-17,2478.9047,6011.3698,0.14418132362364833,1.089603169980489,0.0,0.0,0.7662924984454509
2023-10-18,2467.1915,5908.0077,0.1449506191157506,1.0053356112481693,0.0,0.0,0.7662924984454509
2023-10-19,2401.9299,5842.8915,0.16689046109091446,1.1513608021062935,0.0,0.0,0.7662924984454509
2023-10-20,2389.2196,5774.32,0.16734843372632308,1.002744151058215,0.0,0.0,0.7662924984454509
2023-10-23,2369.9347,5638.1362,0.15361304339979018,0.9179234007711398,0.0,0.0,0.7662924984454509
2023-10-24,2378.4389,5719.3227,0.17186538894228623,1.118820284648569,0.0,0.0,0.7662924984454509
2023-10-25,2386.3026,5778.9048,0.19643327444425712,1.142948418254364,0.0,0.0,0.7662924984454509
2023-10-26,2393.7344,5811.6917,0.15324053067339868,0.7801149327014072,0.0,0.0,0.7662924984454509
2023-10-27,2414.9125,5916.6783,0.15526651396279423,1.0132209362659643,0.0,0.0,0.7662924984454509
2023-10-30,2414.1562,6006.5591,0.18131926183688019,1.167793732268175,0.0,0.0,0.7662924984454509
2023-10-31,2411.4794,5969.3413,0.1595920001310341,0.8801712433321479,-1.0,0.0,0.7662924984454509
2023-11-01,2420.7346,5958.4178,0.14965548709881246,0.9377380255647951,-1.0,-0.0018299338990719338,0.764890233825941
2023-11-02,2417.459,5885.2468,0.1529896981188103,1.0222792433784695,0.0,-0.013780273464542967,0.7543498372334614
2023-11-03,2436.9411,5973.167,0.14324352872585416,0.9362952570480442,-1.0,0.0,0.7543498372334614
2023-11-06,2456.7745,6096.5695,0.17451097976776891,1.218281770353171,0.0,0.019159475953041183,0.7688027848001163
2023-11-07,2443.9657,6116.7569,0.12745783466128036,0.730371434685057,-1.0,0.0,0.7688027848001163
2023-11-08,2436.6983,6138.9377,0.12138761849559083,0.9523747113559465,-1.0,0.003626235333956229,0.7715906446232025
2023-11-09,2436.2349,6100.6929,0.14907524736960245,1.2280926936137009,0.0,-0.007729872637410927,0.7656263472120474
2023-11-10,2414.0167,6088.5583,0.14741571411028884,0.9888678148210673,0.0,0.0,0.7656263472120474
2023-11-13,2407.5885,6144.6346,0.13494502847761985,0.9154046384543574,-1.0,0.0,0.7656263472120474
2023-11-14,2406.3969,6181.9796,0.12757378209705086,0.9453759322316088,-1.0,0.006077660012525188,0.7702795638470338
2023-11-15,2427.1241,6207.2678,0.12808328421688212,1.0039937839221829,-0.5,0.0025906314216888617,0.7722750742886206
2023-11-16,2404.3187,6145.1505,0.13383079818299815,1.0448732557199565,-0.5,-0.005003594335014849,0.7684109231018369
2023-11-17,2398.2037,6199.2278,0.13251526223208784,0.990170155384477,0.0,0.002899998014694706,0.7706393132533019
2023-11-20,2404.7673,6253.2756,0.11702718986981091,0.8831223505776183,-1.0,0.0,0.7706393132533019
2023-11-21,2416.241,6212.125,0.1306065222841932,1.116035704433208,0.0,-0.00808064710917261,0.7644120489144469
2023-11-22,2396.904,6132.9704,0.11261584806878908,0.8622528653181858,-1.0,0.0,0.7644120489144469
2023-11-23,2405.1654,6197.5257,0.11518667364897421,1.0228282752762718,-0.5,0.009025943513440162,0.7713115888889417
2023-11-24,2391.0208,6115.4072,0.11898959010308692,1.0330152467611133,-0.5,-0.006625103628049522,0.7662015696830369
2023-11-27,2370.7186,6111.3644,0.14797460722511302,1.243592881502616,0.0,-0.0018305421755070981,0.7647990053947924
2023-11-28,2371.212,6143.3015,0.1351758821629045,0.9135072881610161,-1.0,0.0,0.7647990053947924
2023-11-29,2358.1163,6113.366,0.15949074604213717,1.1798757551286414,0.0,-0.006372868440528255,0.7599250419499646
2023-11-30,2365.9963,6080.547,0.16366373738026313,1.0261644731226192,0.0,0.0,0.7599250419499646
2023-12-01,2352.0003,6130.051,0.16324622650169482,0.9974489713772193,0.0,0.0,0.7599250419499646
2023-12-04,2333.8788,6114.3926,0.13039729895175922,0.7987768032751767,0.0,0.0,0.7599250419499646
2023-12-05,2286.5809,5992.6003,0.14999094388087023,1.150261125702916,0.0,0.0,0.7599250419499646
2023-12-06,2284.0636,6023.8036,0.17530296784789778,1.1687570150043962,0.0,0.0,0.7599250419499646
2023-12-07,2274.8281,6020.8304,0.1487686375634099,0.848637301408893,0.0,0.0,0.7599250419499646
2023-12-08,2281.6486,6003.1435,0.1663302200899215,1.1180462684483903,0.0,0.0,0.7599250419499646
2023-12-11,2292.6788,6075.0796,0.1796738512054989,1.080223732694898,0.0,0.0,0.7599250419499646
2023-12-12,2305.138,6078.9899,0.18194101969792004,1.0126182439860327,0.0,0.0,0.7599250419499646
2023-12-13,2261.0183,6019.5531,0.1686843245343018,0.9271374031780817,0.0,0.0,0.7599250419499646
2023-12-14,2249.9385,5991.8623,0.14647061369845302,0.8683119436428034,0.0,0.0,0.7599250419499646
2023-12-15,2245.2883,5951.6003,0.1816425214471205,1.2401294489082828,0.0,0.0,0.7599250419499646
2023-12-18,2251.2303,5857.0052,0.17124312476312734,0.9427480052515091,0.0,0.0,0.7599250419499646
2023-12-19,2257.2098,5863.5419,0.16531532526343823,0.9653837226581286,0.0,0.0,0.7599250419499646
2023-12-20,2237.5812,5761.3123,0.18285276600108105,1.1060847849991888,0.0,0.0,0.7599250419499646
2023-12-21,2261.3818,5798.912,0.18693182914052628,1.0223079105044608,0.0,0.0,0.7599250419499646
2023-12-22,2270.5018,5733.9089,0.17331702358046958,0.927167001881623,0.0,0.0,0.7599250419499646
2023-12-25,2272.9578,5735.7256,0.15056969390562236,0.8687530560765381,0.0,0.0,0.7599250419499646
2023-12-26,2262.2095,5651.5883,0.16052550223635145,1.0661209309289652,0.0,0.0,0.7599250419499646
2023-12-27,2266.5441,5696.1606,0.19819168209222132,1.2346429653302793,0.0,0.0,0.7599250419499646
2023-12-28,2317.7033,5805.5271,0.22946255795073403,1.1577809700609027,1.0,0.0,0.7599250419499646
2023-12-29,2326.1732,5887.235,0.18395497653146467,0.8016775293290337,0.0,0.00215443670033172,0.7615622523498426
2024-01-02,2292.2286,5854.7494,0.19639974291085482,1.067651153635746,1.0,0.0,0.7615622523498426
2024-01-03,2294.8357,5824.0428,0.19731908890015232,1.004680993853005,0.0,-0.000362635253743747,0.7612860830292202
2024-01-04,2279.0361,5783.0155,0.23783081936715206,1.205310751700762,1.0,0.0,0.7612860830292202
2024-01-05,2268.5377,5675.8091,0.2299135701589117,0.9667105834756509,0.0,-0.006106508865743652,0.756637282813835
2024-01-08,2243.8422,5543.5745,0.2218147019412579,0.964774292304469,0.0,0.0,0.756637282813835
2024-01-09,2245.6219,5553.3035,0.21545147970158218,0.9713128923196405,0.0,0.0,0.756637282813835
2024-01-10,2235.2089,5512.0686,0.19448426242480832,0.9026824169144015,0.0,0.0,0.756637282813835
2024-01-11,2240.1061,5611.1149,0.19662456543542092,1.011005019038186,0.0,0.0,0.756637282813835
2024-01-12,2237.2073,5574.4926,0.17619530407794373,0.896100157616435,0.0,0.0,0.756637282813835
2024-01-15,2238.5029,5559.376,0.1791410087448336,1.016718406215791,0.0,0.0,0.756637282813835
2024-01-16,2248.975,5539.4741,0.19770009817952486,1.1036004517599127,0.0,0.0,0.756637282813835
2024-01-17,2199.2587,5389.1216,0.22743953569271855,1.1504270245034895,0.0,0.0,0.756637282813835
2024-01-18,2238.4588,5373.4239,0.2697922043232783,1.1862150681127848,0.0,0.0,0.756637282813835
2024-01-19,2243.5396,5306.9862,0.2520454797809077,0.9342207659895703,0.0,0.0,0.756637282813835
2024-01-22,2230.6094,5000.8336,0.23691553118368802,0.9399713551285606,0.0,0.0,0.756637282813835
2024-01-23,2226.3713,5079.6315,0.20702724065271577,0.8738441064558198,0.0,0.0,0.756637282813835
2024-01-24,2260.5575,5143.4078,0.23569207825107671,1.1384592554486377,1.0,0.0,0.756637282813835
2024-01-25,2312.8544,5316.195,0.2752023461304822,1.1676351117635622,1.0,0.02313451438417302,0.7741417189166933
2024-01-26,2314.3741,5269.7646,0.272847818360904,0.991444376101133,0.5,-0.00084293313059408,0.7734891692140433
2024-01-29,2304.4364,5131.2465,0.2841759077615557,1.0415179768293683,0.0,-0.003646951955606491,0.7706682913757377
2024-01-30,2270.9789,4984.6598,0.25711262348843095,0.9047657330056535,0.0,0.0,0.7706682913757377
2024-01-31,2254.2994,4785.032,0.21339975830497565,0.8299855347809393,0.0,0.0,0.7706682913757377
2024-02-01,2248.268,4750.4439,0.2133097965048693,0.9995784353233532,0.0,0.0,0.7706682913757377
2024-02-02,2229.0142,4574.6692,0.2225586787321313,1.0433589191814305,0.0,0.0,0.7706682913757377
2024-02-05,2255.2809,4293.0695,0.21920389980423105,0.9849263171986296,0.5,0.0,0.7706682913757377
2024-02-06,2318.8418,4592.4444,0.2173903845087095,0.9917268109867518,0.5,0.014091570588834368,0.7815282180042353
2024-02-07,2344.1508,4797.8456,0.23055051509797514,1.060536856857799,1.0,0.003957250253122048,0.7846209207427546
2024-02-08,2352.5775,4993.1046,0.18830668481966814,0.8167697423692374,0.0,0.0020947772643296627,0.7862645268086439
2024-02-19,2371.5483,5029.5861,0.20372603308406673,1.0818842319865858,1.0,0.0,0.7862645268086439
2024-02-20,2369.0834,5046.0121,0.19541264593544744,0.9591932998313043,0.5,-0.0025393631873321097,0.784267915613761
2024-02-21,2410.2278,5073.4821,0.20554162880021137,1.0518338146248218,1.0,0.007183611560487914,0.7899017916788837
2024-02-22,2433.0819,5151.5343,0.1970174636613908,0.9585282787307959,0.5,0.007982132767699492,0.7962068926535083
2024-02-23,2433.4073,5225.6697,0.1896236531262678,0.9624712936725722,0.5,6.68699232853065e-05,0.7962601349473393
2024-02-26,2393.5488,5255.3962,0.1830307489438562,0.965231636065879,0.5,-0.008189853790608714,0.7897388808628303
2024-02-27,2405.0609,5394.0342,0.15539932573049053,0.8490339826897529,0.0,0.000904818318306301,0.7904534510689136
2024-02-28,2385.6099,5152.0519,0.14652368416546738,0.9428849415961031,0.0,0.0,0.7904534510689136
2024-02-29,2413.1361,5344.6052,0.15765229827055532,1.075950957474701,1.0,0.0,0.7904534510689136
2024-03-01,2414.8439,5401.9394,0.1573297937099109,0.9979543301037644,0.5,-0.0007922902276419883,0.7898271825242259
2024-03-04,2418.584,5428.3356,0.18350161036805873,1.16635003479636,1.0,-0.0007256021186296522,0.789254082247235
2024-03-05,2446.4173,5375.1317,0.20151974892111793,1.098190629046357,1.0,0.01150809729990776,0.7983368950200856
2024-03-06,2434.1156,5381.4587,0.20034277484982219,0.9941595100351358,0.0,-0.006528455284386668,0.793124988299071
2024-03-07,2426.9732,5303.2766,0.1922946131234603,0.9598280410541642,0.0,0.0,0.793124988299071
2024-03-08,2426.1679,5370.3719,0.2005908143447916,1.0431431805944809,-0.5,0.0,0.793124988299071
2024-03-11,2443.1064,5466.6455,0.19259675797871495,0.9601474454740694,0.0,0.007463401584906939,0.7990443985937715
2024-03-12,2450.4693,5496.3553,0.21562490507550422,1.1195666393269934,0.0,0.0,0.7990443985937715
2024-03-13,2427.5969,5521.7838,0.1693188573265778,0.785247220247069,-1.0,0.0,0.7990443985937715
2024-03-14,2423.8556,5486.6461,0.17918753874366616,1.0582845973148396,0.0,-0.007863468993480059,0.7927611377410155
2024-03-15,2427.1969,5555.6442,0.17005120725634051,0.9490124617404591,-1.0,0.0,0.7927611377410155
2024-03-18,2438.1911,5648.0117,0.16074878022870187,0.9452963188105106,-1.0,0.016625884717383466,0.8059414930255194
2024-03-19,2416.8349,5607.4754,0.15935213569665857,0.9913116321625816,0.0,-0.008677092072950142,0.7989482644851261
2024-03-20,2426.4586,5659.1539,0.1467483143074102,0.920905852098268,-1.0,0.0,0.7989482644851261
2024-03-21,2427.101,5658.2794,0.13066224017487305,0.890383244206541,-1.0,-0.0001545284004380587,0.7988248042877825
2024-03-22,2403.2023,5595.8848,0.13945831610000203,1.0673191881094084,0.0,-0.012527133089256846,0.78881781964947
2024-03-25,2401.2113,5466.0615,0.1438113620840611,1.0312139577315533,-0.5,0.0,0.78881781964947
2024-03-26,2413.7415,5447.7484,0.1461826831672516,1.0164891080150151,0.0,-0.0031751641012454077,0.7863131936260963
2024-03-27,2398.9372,5266.2306,0.15182702741187282,1.038611579171545,0.0,0.0,0.7863131936260963
2024-03-28,2401.9872,5382.2363,0.1711183903562051,1.1270614545590696,0.0,0.0,0.7863131936260963
2024-03-29,2414.9202,5441.2603,0.16832234383131145,0.9836601634746954,0.0,0.0,0.7863131936260963
2024-04-01,2441.5668,5559.0557,0.15935000447992947,0.9466954942097655,-1.0,0.0,0.7863131936260963
2024-04-02,2435.7569,5531.0522,0.15411021039432404,0.9671177035563535,0.0,-0.0065374562715750355,0.7811727055070032
2024-04-03,2430.169,5500.9264,0.14643680159672265,0.9502083036680871,-1.0,0.0,0.7811727055070032
2024-04-08,2414.091,5399.9148,0.176083604215389,1.2024545899350607,0.0,-0.01986265251612901,0.7656565435024333
2024-04-09,2404.6089,5468.9109,0.18284637542599597,1.038406592372647,0.0,0.0,0.7656565435024333
2024-04-10,2396.7427,5367.0518,0.16716735083218864,0.9142502849330303,0.0,0.0,0.7656565435024333
2024-04-11,2394.8667,5379.9153,0.15928198078949932,0.9528294849237332,0.0,0.0,0.7656565435024333
2024-04-12,2374.0471,5338.7692,0.17075051013441717,1.0720014234383122,0.0,0.0,0.7656565435024333
2024-04-15,2424.0168,5287.5115,0.1990557395358899,1.1657695158813315,1.0,0.0,0.7656565435024333
2024-04-16,2412.3219,5066.6599,0.18476178570511417,0.9281911997910589,0.0,-0.006324595275082277,0.760814075745062
2024-04-17,2439.8558,5287.4563,0.19466072341788196,1.0535767592578198,1.0,0.0,0.760814075745062
2024-04-18,2445.2049,5286.7192,0.19852909216080153,1.019872363951999,0.0,0.0006923836646413619,0.761340850982937
2024-04-19,2430.5819,5264.3891,0.17857090619512622,0.8994697162594695,0.0,0.0,0.761340850982937
2024-04-22,2424.7473,5246.0818,0.1939557235998662,1.0861552294970651,1.0,0.0,0.761340850982937
2024-04-23,2413.7392,5218.4277,0.19473962081860458,1.004041629729657,0.0,-0.0060398957656329615,0.7567424316008818
2024-04-24,2424.119,5305.6068,0.1530138345539439,0.7857355062659424,0.0,0.0,0.7567424316008818
2024-04-25,2431.6221,5313.986,0.1521244162460638,0.9941873340376517,0.5,0.0,0.7567424316008818
2024-04-26,2461.8556,5415.9379,0.1848991675932491,1.215447014726233,0.0,0.004716734911234756,0.7603117850468264
2024-04-29,2474.3397,5545.2346,0.181118662892885,0.9795536954028877,0.0,0.0,0.7603117850468264
2024-04-30,2464.2435,5497.4303,0.18597491293970714,1.0268125325643231,0.0,0.0,0.7603117850468264
2024-05-06,2495.7617,5606.8416,0.21443991364192821,1.1530582821751307,1.0,0.0,0.7603117850468264
2024-05-07,2499.7709,5625.3358,0.17008741606890596,0.7931705118708354,0.0,0.00010640336775741407,0.760392684781301
2024-05-08,2486.0186,5536.6589,0.15529014370653188,0.9130019568503563,0.0,0.0,0.760392684781301
2024-05-09,2501.7305,5626.8251,0.1790531729210786,1.1530234221397477,0.0,0.0,0.760392684781301
2024-05-10,2508.5753,5574.232,0.17705388934724844,0.9888341349040969,0.5,0.0,0.760392684781301
2024-05-13,2506.4593,5520.8038,0.18539689738372547,1.0471212920949409,0.0,-0.0019217533354490266,0.7589313976030715
2024-05-14,2496.7361,5551.6751,0.16653836649172687,0.8982802238973496,0.0,0.0,0.7589313976030715
2024-05-15,2477.3895,5497.2349,0.15281697337200778,0.9176082159998805,0.0,0.0,0.7589313976030715
2024-05-16,2489.4139,5488.946,0.18755903215055736,1.2273442407079727,0.0,0.0,0.7589313976030715
2024-05-17,2524.1705,5563.231,0.19471682102050394,1.038162858849692,-0.5,0.0,0.7589313976030715
2024-05-20,2532.824,5596.7772,0.19122859480611143,0.9820856452148775,0.0,0.001514992546597539,0.7600811730138191
2024-05-21,2525.2326,5536.7447,0.16070886085777253,0.8404018291339579,-1.0,0.0,0.7600811730138191
2024-05-22,2529.0398,5539.6597,0.184764291483674,1.1496832875144982,0.0,-0.0009735173539788242,0.7593412208014576
2024-05-23,2500.821,5412.8237,0.16621873185258135,0.8996258450040854,0.0,0.0,0.7593412208014576
2024-05-24,2474.4254,5350.1073,0.17162166510928367,1.0325049601599305,0.0,0.0,0.7593412208014576
2024-05-27,2497.6006,5404.6158,0.19110425738782547,1.1135205876608636,1.0,0.0,0.7593412208014576
2024-05-28,2490.1614,5348.0293,0.18187632433994047,0.9517125721110551,0.0,-0.004478538682285814,0.7559404817710442
2024-05-29,2493.1691,5351.2524,0.18216657211919315,1.0015958524580153,0.0,0.0,0.7559404817710442
2024-05-30,2473.758,5334.2958,0.19553347917918068,1.0733773869952465,0.0,0.0,0.7559404817710442
2024-05-31,2462.1831,5355.2099,0.17294781830675857,0.8844921035147882,0.0,0.0,0.7559404817710442
2024-06-03,2469.0165,5284.6236,0.1677601159548053,0.9700042336310262,0.0,0.0,0.7559404817710442
2024-06-04,2483.3189,5313.708,0.18021244984493107,1.074227022431723,0.0,0.0,0.7559404817710442
2024-06-05,2468.1918,5244.0851,0.18226694308454702,1.0114003957073099,0.0,0.0,0.7559404817710442
2024-06-06,2467.8865,5130.8693,0.1785145412427676,0.97941260341411,0.0,0.0,0.7559404817710442
2024-06-07,2457.2569,5153.5867,0.21849911200060337,1.22398495091478,0.0,0.0,0.7559404817710442
2024-06-11,2423.6184,5198.923,0.2436310273642546,1.115020675066093,0.0,0.0,0.7559404817710442
2024-06-12,2423.607,5216.4621,0.2377789433001014,0.9759797258688085,0.0,0.0,0.7559404817710442
2024-06-13,2412.0736,5180.2357,0.19041099684886603,0.8007899867253924,0.0,0.0,0.7559404817710442
2024-06-14,2426.509,5180.6513,0.22879967858269173,1.2016095833177942,0.0,0.0,0.7559404817710442
2024-06-17,2416.3414,5183.9678,0.23129614651332286,1.0109111513883917,0.0,0.0,0.7559404817710442
2024-06-18,2415.4281,5227.2542,0.20690018636524884,0.894525003914543,0.0,0.0,0.7559404817710442
2024-06-19,2413.9722,5159.9945,0.20667787141906574,0.9989254966363798,0.0,0.0,0.7559404817710442
2024-06-20,2408.3379,5056.1383,0.1844983584568678,0.892685594205554,0.0,0.0,0.7559404817710442
2024-06-21,2398.9571,5055.3329,0.229925081989573,1.2462174943595778,0.0,0.0,0.7559404817710442
2024-06-24,2404.0848,4887.777,0.21194494821803564,0.9218000332284202,0.0,0.0,0.7559404817710442
2024-06-25,2394.2154,4847.6106,0.23671994161034626,1.116893531082532,0.0,0.0,0.7559404817710442
2024-06-26,2398.2556,4986.3839,0.17785472661077675,0.7513297164610457,0.0,0.0,0.7559404817710442
2024-06-27,2388.5609,4864.0855,0.23318261546564686,1.3110847257714524,0.0,0.0,0.7559404817710442
2024-06-28,2394.8746,4895.9869,0.2286895061308066,0.9807313708791374,0.0,0.0,0.7559404817710442
2024-07-01,2405.4665,4940.2471,0.21922127858265045,0.9585978923635416,0.0,0.0,0.7559404817710442
2024-07-02,2416.6793,4905.6497,0.23678964893752003,1.0801398954903274,0.0,0.0,0.7559404817710442
2024-07-03,2414.8657,4867.1326,0.24385495182006497,1.0298378874002605,0.0,0.0,0.7559404817710442
2024-07-04,2407.9029,4761.868,0.20111269877850824,0.8247226364585154,0.0,0.0,0.7559404817710442
2024-07-05,2386.004,4810.7939,0.2624825872088553,1.305151732352494,0.0,0.0,0.7559404817710442
2024-07-08,2371.6891,4693.9648,0.2237757221239564,0.852535493891257,0.0,0.0,0.7559404817710442
2024-07-09,2389.3843,4797.0634,0.20161999367967204,0.9009913665611518,0.0,0.0,0.7559404817710442
2024-07-10,2381.831,4777.6817,0.20113535524759704,0.9975962779125717,0.0,0.0,0.7559404817710442
2024-07-11,2396.407,4893.5942,0.19999153880971002,0.9943132004988432,0.0,0.0,0.7559404817710442
2024-07-12,2412.6181,4878.0195,0.2257665800608086,1.1288806586743816,1.0,0.0,0.7559404817710442
2024-07-15,2420.5214,4827.6023,0.21449237969536677,0.9500625807309249,0.5,0.0017758189122430447,0.7572828951751033
2024-07-16,2424.755,4836.7184,0.22792450170024062,1.062622840139826,1.0,-0.0006254776760081225,0.7568092316297484
2024-07-17,2432.8325,4795.6236,0.2386613134140224,1.0471068780832633,0.0,0.0018312643957843502,0.7581951494300329
2024-07-18,2444.5086,4812.4263,0.22239452973804885,0.9318415563742648,0.0,0.0,0.7581951494300329
2024-07-19,2456.79,4821.4227,0.2683460524247202,1.2066216410124662,1.0,0.0,0.7581951494300329
2024-07-22,2432.5496,4826.8713,0.27418188500183177,1.0217474135519422,0.0,-0.01136669597320089,0.7495769756781061
2024-07-23,2396.6727,4694.9525,0.2554481768140887,0.9316741578765574,0.0,0.0,0.7495769756781061
2024-07-24,2390.954,4631.0111,0.24500903580158614,0.9591340163680243,0.0,0.0,0.7495769756781061
2024-07-25,2369.7153,4632.5667,0.27344770444183536,1.1160719177038005,0.0,0.0,0.7495769756781061
2024-07-26,2355.3163,4702.08,0.26784405116672616,0.9795074042162927,0.0,0.0,0.7495769756781061
2024-07-29,2348.4784,4685.6457,0.23547867729248845,0.8791633649011265,0.0,0.0,0.7495769756781061
2024-07-30,2335.3123,4702.4914,0.22406376826672833,0.9515246596549307,0.0,0.0,0.7495769756781061
2024-07-31,2375.3942,4889.0807,0.22368296803414528,0.9983004827798408,0.0,0.0,0.7495769756781061
2024-08-01,2360.422,4878.289,0.2109025957414925,0.9428639006135602,-1.0,0.0,0.7495769756781061
2024-08-02,2343.7153,4809.8891,0.18742192378452316,0.8886657991362512,-1.0,-0.01402128902162203,0.73906694025817
2024-08-05,2328.9222,4678.7753,0.20518171495986975,1.094758344257339,0.0,-0.02875921477066906,0.717811955393384
2024-08-06,2313.3361,4749.9466,0.2153079056189158,1.0493523053992728,0.0,0.0,0.717811955393384
2024-08-07,2314.4261,4743.41,0.19422557570183294,0.9020828805311146,0.0,0.0,0.717811955393384
2024-08-08,2320.4245,4739.4933,0.1509218511585973,0.7770441694573029,0.0,0.0,0.717811955393384
2024-08-09,2317.9915,4702.7453,0.18346660711504922,1.2156397877882643,0.0,0.0,0.717811955393384
2024-08-12,2316.9106,4674.1017,0.1709144067503531,0.9315831880140193,0.0,0.0,0.717811955393384
2024-08-13,2317.6526,4697.5858,0.2003664705961306,1.1723205457384105,0.0,0.0,0.717811955393384
2024-08-14,2306.1154,4649.2784,0.18079447708098034,0.9023190184619231,0.0,0.0,0.717811955393384
2024-08-15,2335.9381,4691.8503,0.18412452445971758,1.0184189662898036,0.0,0.0,0.717811955393384
2024-08-16,2345.0481,4655.6509,0.1991035201032118,1.081352528607732,0.0,0.0,0.717811955393384
2024-08-19,2357.0309,4663.6121,0.20477148865941422,1.028467445242878,0.0,0.0,0.717811955393384
2024-08-20,2346.6379,4579.3041,0.18700604411133773,0.9132425873133889,0.0,0.0,0.717811955393384
2024-08-21,2339.072,4548.2644,0.19708909047199374,1.053918291296793,0.0,0.0,0.717811955393384
2024-08-22,2341.1509,4491.8392,0.21519179374739533,1.0918503567703763,1.0,0.0,0.717811955393384
2024-08-23,2355.3787,4495.3439,0.20194776920003057,0.9384547880905191,0.0,0.004577267381611407,0.7210975726429368
2024-08-26,2352.2729,4512.893,0.19328898299093514,0.9571236352676971,0.5,0.0,0.7210975726429368
2024-08-27,2350.4141,4459.6801,0.2136247315277021,1.1052090410022006,1.0,-0.0018951072173640769,0.7197310154285975
2024-08-28,2336.1475,4470.5501,0.21806707684012658,1.020795089036067,0.0,-0.007569824036538884,0.7142827782881637
2024-08-29,2317.6636,4542.4637,0.25423784179379777,1.165869903324239,0.0,0.0,0.7142827782881637
2024-08-30,2335.2146,4629.3195,0.2639881437268187,1.0383511040851623,0.0,0.0,0.7142827782881637
2024-09-02,2299.9325,4532.5145,0.22588523963331728,0.855664335694821,0.0,0.0,0.7142827782881637
2024-09-03,2291.1775,4572.397,0.2550894543077851,1.1292878397981003,0.0,0.0,0.7142827782881637
2024-09-04,2271.8069,4550.7697,0.224070378816653,0.8783992244002953,0.0,0.0,0.7142827782881637
2024-09-05,2275.1177,4586.7813,0.2002653043968777,0.8937607257795821,0.0,0.0,0.7142827782881637
2024-09-06,2263.5629,4508.2281,0.16907493250801578,0.8442547400669559,0.0,0.0,0.7142827782881637
2024-09-09,2232.9593,4475.5315,0.23215199936639028,1.3730716666433331,0.0,0.0,0.7142827782881637
2024-09-10,2235.6866,4487.5755,0.18570705037585922,0.799937329347614,0.0,0.0,0.7142827782881637
2024-09-11,2220.798,4486.0066,0.2329921603492496,1.2546220505774464,0.0,0.0,0.7142827782881637
2024-09-12,2209.5603,4468.7439,0.19135035770929834,0.8212738034724807,0.0,0.0,0.7142827782881637
2024-09-13,2205.8115,4413.1872,0.18828106182250717,0.9839598110840531,0.0,0.0,0.7142827782881637
2024-09-18,2218.6562,4399.1332,0.186628724647581,0.9912240925405242,0.0,0.0,0.7142827782881637
2024-09-19,2229.8053,4482.2746,0.19349956950851913,1.036815580634292,0.0,0.0,0.7142827782881637
2024-09-20,2233.2565,4463.3561,0.22448946803652733,1.16015487066313,0.0,0.0,0.7142827782881637
2024-09-23,2243.0249,4469.1326,0.17881591594234156,0.7965447889664289,0.0,0.0,0.7142827782881637
2024-09-24,2352.1449,4642.5577,0.2180138737743803,1.2192084391675626,0.0,0.0,0.7142827782881637
2024-09-25,2386.3227,4686.2584,0.2056346615029535,0.9432182362658357,-1.0,0.0,0.7142827782881637
2024-09-26,2498.1797,4874.1321,0.2105644542861874,1.0239735497274767,0.0,0.03859034158253,0.7418471946888224
2024-09-27,2571.0848,5136.4408,0.18228965270776926,0.8657190185576688,-1.0,0.0,0.7418471946888224
2024-09-30,2755.4044,5708.8258,0.24541442820412937,1.3462883085171937,0.0,0.10993611350490001,0.8234029920874244
2024-10-08,2853.1376,6201.9854,0.2316237331852552,0.9438065026584198,-1.0,0.0,0.8234029920874244
2024-10-09,2680.7145,5727.38,0.21390629112978207,0.9235076569580091,-1.0,-0.07652475286381677,0.760392281610607
2024-10-10,2739.0507,5654.5298,0.24895130661326204,1.1638334959592997,0.0,-0.014219637949638373,0.7495797786664048
2024-10-11,2680.388,5416.7576,0.21211097713988294,0.8520179308373369,0.0,0.0,0.7495797786664048
2024-10-14,2723.183,5615.7563,0.22292740027328845,1.0509941695581002,0.0,0.0,0.7495797786664048
2024-10-15,2655.1159,5507.1758,0.1638814629201232,0.7351337822054159,-1.0,0.0,0.7495797786664048
2024-10-16,2650.1756,5524.2546,0.1845912037964482,1.1263702465630236,0.0,0.0016011902688853343,0.7507799985137587
2024-10-17,2610.467,5505.6149,0.15266007987753558,0.8270170882350191,-1.0,0.0,0.7507799985137587
2024-10-18,2681.9116,5749.4341,0.16328306820238608,1.0695858952345125,0.0,0.04278555291798575,0.7829025358699343
2024-10-21,2681.0567,5860.5711,0.1686763423691571,1.0330302108243468,0.0,0.0,0.7829025358699343
2024-10-22,2692.6613,5888.8148,0.13068154948403318,0.7747473513388718,-1.0,0.0,0.7829025358699343
2024-10-23,2708.0459,5903.5783,0.14384915257889896,1.1007609960767615,0.0,0.001007040975375796,0.7836909508032809
2024-10-24,2680.7044,5861.6319,0.1379012642282841,0.9586519055275454,0.0,0.0,0.7836909508032809
2024-10-25,2683.3246,5974.9086,0.13249596350811269,0.960803109743625,0.0,0.0,0.7836909508032809
2024-10-28,2686.2894,6082.0877,0.14065035759928296,1.0615444718108034,0.0,0.0,0.7836909508032809
2024-10-29,2667.9385,5983.8364,0.11941616927996532,0.8490285507853846,-1.0,0.0,0.7836909508032809
2024-10-30,2634.7375,6019.3472,0.1205178067603961,1.0092251952735818,-0.5,0.004434453689275366,0.7871661920313222
2024-10-31,2633.117,6116.6632,0.12374840209593707,1.026805958574767,-0.5,0.008083600826348736,0.7935293293117004
2024-11-01,2651.5349,5930.2319,0.12940585891609258,1.0457174131086517,-0.5,-0.015239624440986088,0.7814362403500825
2024-11-04,2675.7707,6053.1116,0.12701997064143727,0.9815627492090422,0.0,0.008860446443924088,0.7883601143070459
2024-11-05,2727.6665,6266.5423,0.12481909917945537,0.9826730281004811,0.0,0.0,0.7883601143070459
2024-11-06,2706.6145,6293.1933,0.12379583269301257,0.9918020039147084,0.0,0.0,0.7883601143070459
2024-11-07,2797.8602,6403.9175,0.14091423194203423,1.1382792851474384,0.0,0.0,0.7883601143070459
2024-11-08,2765.5385,6423.1217,0.13058925006773445,0.9267286083740143,-1.0,0.0,0.7883601143070459
2024-11-11,2753.7448,6579.0054,0.13225954289597378,1.0127904312749554,-0.5,0.022769149376385134,0.806310403512087
2024-11-12,2712.2651,6491.9723,0.13044906194473435,0.9863111506996254,0.0,-0.008114457255195438,0.7997676322083689
2024-11-13,2728.2286,6474.3941,0.16479645430778347,1.2633011832434689,0.0,0.0,0.7997676322083689
2024-11-14,2704.1521,6272.1911,0.17021010237254666,1.0328505130010404,-0.5,0.0,0.7997676322083689
2024-11-15,2671.4515,6125.5126,0.19176929169406387,1.1266622193454159,0.0,-0.013192763952935059,0.7892164866194461
2024-11-18,2678.2735,5974.5576,0.22006690552193534,1.147560715158794,0.0,0.0,0.7892164866194461
2024-11-19,2671.1887,6130.2848,0.19696890039955958,0.8950409873415817,0.0,0.0,0.7892164866194461
2024-11-20,2676.2068,6250.8029,0.13048834090449654,0.6624819483674607,-1.0,0.0,0.7892164866194461
2024-11-21,2680.798,6262.1644,0.11043953170761422,0.8463555513242682,-1.0,0.0018176065029982258,0.7906509716377991
2024-11-22,2601.5573,6030.4882,0.12427473767266334,1.125274036851926,0.0,-0.03849618617486311,0.7602139246342939
2024-11-25,2582.0536,6052.1287,0.14105149993268476,1.1349973661116148,0.0,0.0,0.7602139246342939
2024-11-26,2592.7374,5981.5699,0.14043837573511023,0.9956531890985411,0.0,0.0,0.7602139246342939
2024-11-27,2625.7605,6118.6636,0.12372265427310587,0.8809746881896944,0.0,0.0,0.7602139246342939
2024-11-28,2610.1214,6086.0852,0.10224801643850906,0.8264292181511592,0.0,0.0,0.7602139246342939
2024-11-29,2624.9558,6189.1276,0.1169269736417992,1.1435622686345013,0.0,0.0,0.7602139246342939
2024-12-02,2639.0408,6313.6077,0.11190342834843725,0.9570368997255384,0.0,0.0,0.7602139246342939
2024-12-03,2652.8982,6303.2758,0.12665755033682607,1.1318469166328706,0.0,0.0,0.7602139246342939
2024-12-04,2648.7554,6204.9448,0.1384667964883289,1.0932376010754825,0.0,0.0,0.7602139246342939
2024-12-05,2635.5615,6285.6007,0.10451661197195494,0.7548135338045785,-1.0,0.0,0.7602139246342939
2024-12-06,2665.4281,6349.6211,0.11171200682763606,1.068844509211721,0.0,0.008685247688418997,0.7668165708659278
2024-12-09,2667.5924,6303.2721,0.13519694339387583,1.2102275058264365,1.0,0.0,0.7668165708659278
2024-12-10,2689.3292,6362.0203,0.13707707454325732,1.0139066098846925,0.0,0.006648471258202728,0.7719147287976434
2024-12-11,2676.5518,6447.3744,0.10963834701238459,0.7998299305533114,-1.0,0.0,0.7719147287976434
2024-12-12,2702.2681,6490.1455,0.10759604661402869,0.9813723897339933,0.0,0.005133878746052036,0.7758776454175822
2024-12-13,2638.0266,6354.9883,0.1454205511040808,1.3515417683117779,0.0,0.0,0.7758776454175822
2024-12-16,2641.5604,6277.5162,0.14849340125505658,1.0211307832878207,-0.5,0.0,0.7758776454175822
2024-12-17,2652.3455,6143.9436,0.13877453503278164,0.9345501810846023,0.0,-0.012138968960366868,0.7664592907628157
2024-12-18,2671.3461,6195.8677,0.15142525923951736,1.0911602708937005,1.0,0.0,0.7664592907628157
2024-12-19,2661.7224,6207.1862,0.1378603203849802,0.910418255694839,0.0,-0.005102565762631848,0.7625483818273183
2024-12-20,2648.4609,6271.7532,0.14849947455482623,1.0771734327915081,0.0,0.0,0.7625483818273183
2024-12-23,2671.2025,6096.3813,0.17971554058675865,1.2102099426648638,1.0,0.0,0.7625483818273183
2024-12-24,2702.282,6164.3605,0.17703892663625614,0.9851063856705795,0.0,0.010135022054673927,0.770276826494894
2024-12-25,2710.1649,6094.6866,0.18890116163274012,1.0670035410961123,1.0,0.0,0.770276826494894
2024-12-26,2702.5952,6160.4518,0.167964775869794,0.8891675118247793,0.0,-0.004293077277327249,0.7669699685538172
2024-12-27,2701.7031,6171.5653,0.1587869604724307,0.9453586899405747,0.0,0.0,0.7669699685538172
2024-12-30,2718.7486,6145.928,0.17805096586658145,1.1213198195672713,1.0,0.0,0.7669699685538172
2024-12-31,2684.7706,5957.7172,0.17575095159901766,0.9870822702007286,0.5,-0.013997661607991261,0.7562341824705092
2025-01-02,2610.342,5797.089,0.20033956945177317,1.1399060296916932,0.0,-0.015361258760804295,0.7446174735098144
2025-01-03,2587.1316,5625.209,0.17646821382466446,0.8808455279581943,0.0,0.0,0.7446174735098144
2025-01-06,2579.9632,5608.0344,0.17971829317173857,1.0184173641056022,0.0,0.0,0.7446174735098144
2025-01-07,2593.9654,5692.041,0.16822554668908793,0.9360513263295451,0.0,0.0,0.7446174735098144
2025-01-08,2597.4459,5661.7793,0.17002776313089638,1.010713096062272,0.0,0.0,0.7446174735098144
2025-01-09,2579.5751,5672.7796,0.15090025349823877,0.8875036095256265,0.0,0.0,0.7446174735098144
2025-01-10,2560.2497,5544.9158,0.1544393498972625,1.023453217055497,0.0,0.0,0.7446174735098144
2025-01-13,2553.3593,5559.4725,0.18994184380424192,1.2298798455872595,0.0,0.0,0.7446174735098144
2025-01-14,2598.8068,5811.0545,0.15330037554659395,0.8070911205041715,0.0,0.0,0.7446174735098144
2025-01-15,2591.5027,5775.5709,0.1678731854927106,1.0950604973677145,0.0,0.0,0.7446174735098144
2025-01-16,2580.1177,5801.3051,0.15267487749243325,0.9094655411722243,0.0,0.0,0.7446174735098144
2025-01-17,2582.4859,5841.5718,0.14822564138304467,0.9708580993647165,0.0,0.0,0.7446174735098144
2025-01-20,2589.0685,5879.1495,0.15450554835488875,1.0423672106475528,0.0,0.0,0.7446174735098144
2025-01-21,2584.8889,5908.0234,0.14718376076317471,0.9526114908514717,0.0,0.0,0.7446174735098144
2025-01-22,2551.3535,5855.7393,0.18100131660833169,1.229764178261289,0.0,0.0,0.7446174735098144
2025-01-23,2567.4765,5829.0329,0.1871910503032485,1.0341971749758636,-0.5,0.0,0.7446174735098144
2025-01-24,2579.096,5938.1301,0.15325740800118076,0.8187218766757522,-1.0,0.007858087513968272,0.7504687427810844
2025-01-27,2583.6516,5846.0686,0.17203412083420755,1.1225174892223293,0.0,-0.01700344947814475,0.7377081854282794
2025-02-05,2561.9419,5881.4366,0.17036602084344465,0.9903036677684977,0.0,0.0,0.7377081854282794
2025-02-06,2580.4257,6041.8337,0.13482989391124445,0.7914130602084344,-1.0,0.0,0.7377081854282794
2025-02-07,2608.0888,6134.0545,0.15259978932342416,1.1317949224515242,0.0,0.013763710419570087,0.7478617872666607
2025-02-10,2621.0404,6210.5471,0.15842025318556047,1.0381420176786762,-0.5,0.0,0.7478617872666607
2025-02-11,2614.3218,6190.1739,0.15210338287782044,0.9601258666065824,0.0,-0.0031402097650946024,0.7455133443793449
2025-02-12,2640.0458,6284.6107,0.1360423816456793,0.8944073371133212,-1.0,0.0,0.7455133443793449
2025-02-13,2641.1305,6212.4968,0.12897394570551463,0.9480423978567625,-1.0,-0.011474680523966274,0.7369588169262383
2025-02-14,2660.8549,6248.8345,0.15907178585308554,1.2333637230599512,0.0,0.0043491297733949125,0.7401639464586981
2025-02-17,2664.475,6281.5658,0.17655217841280013,1.1098899623586236,0.0,0.0,0.7401639464586981
2025-02-18,2651.1117,6142.138,0.17821820098360897,1.0094364316871438,-0.5,0.0,0.7401639464586981
2025-02-19,2663.6032,6288.529,0.17079443074028436,0.9583444889334991,0.0,0.010416941625212619,0.7478741910820454
2025-02-20,2648.1665,6334.4143,0.1430638064388323,0.83763742072117,-1.0,0.0,0.7478741910820454
2025-02-21,2682.2385,6449.2279,0.17305927655361195,1.2096649799934156,0.0,0.016625369538901202,0.7603078758773912
2025-02-24,2674.1169,6464.0235,0.17706603233123827,1.0231525050688923,-0.5,0.0,0.7603078758773912
2025-02-25,2643.2325,6435.4284,0.15293420118996182,0.863712814798194,-1.0,-0.0037118654116898285,0.7574857153706867
2025-02-26,2666.6563,6524.4057,0.14622111835869575,0.9561047641467219,0.0,0.012326165791853251,0.7668226098833063
2025-02-27,2679.0768,6499.5301,0.14679309967734264,1.0039117558740303,-0.5,0.0,0.7668226098833063
2025-02-28,2638.9574,6270.4186,0.16009106230194228,1.0905898346300278,0.0,-0.01912523570742447,0.7521569467235056
2025-03-03,2628.5236,6273.6699,0.15693876288586928,0.9803093353823366,0.0,0.0,0.7521569467235056
2025-03-04,2621.2168,6357.6277,0.1542052913929189,0.9825825599572346,0.0,0.0,0.7521569467235056
2025-03-05,2641.4462,6398.237,0.16842152693226992,1.0921903224651852,0.0,0.0,0.7521569467235056
2025-03-06,2683.9491,6534.9711,0.16109187968919308,0.9564803420525666,0.0,0.0,0.7521569467235056
2025-03-07,2682.0161,6507.7645,0.12547173011119284,0.7788830222434244,-1.0,0.0,0.7521569467235056
2025-03-10,2668.8062,6520.9725,0.16540376517057795,1.3182552358527089,0.0,0.0005295755938923854,0.752555270685267
2025-03-11,2682.223,6551.7341,0.14320212881142919,0.8657730896497271,-1.0,0.0,0.752555270685267
2025-03-12,2669.0146,6566.9679,0.13362709610692292,0.9331362404736676,-1.0,0.002325155411908364,0.754305078645661
2025-03-13,2664.6173,6466.8509,0.13738188817565405,1.0280990321433514,-0.5,-0.016745544294498427,0.741673829539635
2025-03-14,2740.5066,6571.1707,0.1915806036283717,1.394511359338868,0.0,0.006565734127254976,0.7465434627135352
2025-03-17,2737.9227,6589.5655,0.14970148577093867,0.7814020988331877,-1.0,0.0,0.7465434627135352
2025-03-18,2739.7453,6611.9263,0.14125819227735606,0.943599133635174,-1.0,0.003393364858426562,0.7490767570651954
2025-03-19,2746.9627,6564.6767,0.17417262049901744,1.2330089865303877,0.0,-0.00864611716104585,0.7426001516609935
2025-03-20,2718.1862,6535.0624,0.1462006554036971,0.8394009057498325,0.0,0.0,0.7426001516609935
2025-03-21,2675.3578,6405.611,0.1544828125429381,1.0566492476820428,0.0,0.0,0.7426001516609935
2025-03-24,2693.3313,6360.3412,0.14845561103923333,0.9609846467416592,0.5,0.0,0.7426001516609935
2025-03-25,2691.8976,6310.7641,0.1380272908548015,0.929754624217768,0.0,-0.0017661573791534755,0.741288602923377
2025-03-26,2677.3121,6334.9077,0.15472893101479857,1.121002448548863,0.0,0.0,0.741288602923377
2025-03-27,2690.8428,6328.7665,0.15496438271221483,1.0015217044147597,0.0,0.0,0.741288602923377
2025-03-28,2679.7399,6268.3214,0.15451240887453788,0.9970833695474636,0.0,0.0,0.741288602923377
2025-03-31,2665.6339,6226.6488,0.19411147463564105,1.2562840489611233,0.0,0.0,0.741288602923377
2025-04-01,2662.7113,6259.4838,0.18302506051469,0.9428863536183993,0.0,0.0,0.741288602923377
2025-04-02,2658.6209,6277.2533,0.1680394080793738,0.9181224014177368,0.0,0.0,0.741288602923377
2025-04-03,2662.2522,6203.257,0.18671347824038673,1.1111291117628324,0.0,0.0,0.741288602923377
2025-04-07,2516.9653,5496.4427,0.2703261109835683,1.4478125175062797,0.0,0.0,0.741288602923377
2025-04-08,2574.3529,5530.0189,0.22546551676694013,0.8340500884157839,0.0,0.0,0.741288602923377
2025-04-09,2597.1016,5652.3303,0.202686578479574,0.8989693030934202,0.0,0.0,0.741288602923377
2025-04-10,2612.619,5784.5853,0.18229397741027784,0.8993884981320988,0.0,0.0,0.741288602923377
2025-04-11,2619.5762,5862.1876,0.16826246377852486,0.9230281009219898,0.0,0.0,0.741288602923377
2025-04-14,2628.206,5938.5262,0.17242078796497531,1.0247133204463466,0.0,0.0,0.741288602923377
2025-04-15,2634.5926,5914.0286,0.18664644472516223,1.0825054619462513,0.0,0.0,0.741288602923377
2025-04-16,2658.4955,5835.348,0.21198022667895663,1.1357313930683144,1.0,0.0,0.741288602923377
2025-04-17,2659.8958,5839.5639,0.1794607659501279,0.8465920088948703,0.0,-0.0009732735112774602,0.7405671263619398
2025-04-18,2657.6367,5831.6869,0.15581888448161177,0.8682615593255286,0.0,0.0,0.7405671263619398
2025-04-21,2652.8103,5952.6374,0.15151221572060963,0.972361060244207,0.5,0.0,0.7405671263619398
2025-04-22,2656.5387,5949.3123,0.152745992192907,1.008143082499516,0.0,-0.0007972735366716375,0.7399766917899625
2025-04-23,2648.8297,5984.5833,0.1315317120254576,0.8611139980638097,0.0,0.0,0.7399766917899625
2025-04-24,2655.3644,5920.4776,0.1352641479980958,1.0283767003041502,0.0,0.0,0.7399766917899625
2025-04-25,2648.8101,5939.5021,0.1405005158619859,1.038712163876298,0.0,0.0,0.7399766917899625
2025-04-28,2651.2252,5877.0566,0.14442816468694672,1.0279546932683077,0.0,0.0,0.7399766917899625
2025-04-29,2645.5122,5903.3812,0.13099991462914304,0.90702471303357,0.0,0.0,0.7399766917899625
2025-04-30,2633.1603,5950.1169,0.1810719904717954,1.3822298356789389,0.0,0.0,0.7399766917899625
2025-05-06,2647.7166,6102.9221,0.15600972827602172,0.8615895140354273,0.0,0.0,0.7399766917899625
2025-05-07,2670.7023,6111.4946,0.16747110109127958,1.073465757180089,1.0,0.0,0.7399766917899625
2025-05-08,2679.509,6158.0774,0.1409183774738593,0.8414489219668544,-1.0,0.0017975221536297727,0.7413068162866245
2025-05-09,2684.0056,6082.0817,0.14765183348451727,1.047782667749684,-0.5,-0.01384081598259884,0.7310465250557552
2025-05-12,2702.6172,6167.4606,0.165799851846327,1.1229108906643732,0.0,0.0055188879573913625,0.7350810889191781
2025-05-13,2708.0588,6151.0098,0.16430501705387562,0.9909841005537394,0.0,0.0,0.7350810889191781
2025-05-14,2753.785,6160.3697,0.1801441309454854,1.0964006709936078,0.0,0.0,0.7350810889191781
2025-05-15,2740.2976,6057.0357,0.1658409495086349,0.9206014575008337,0.0,0.0,0.7350810889191781
2025-05-16,2716.6618,6068.1165,0.1734121186210408,1.0456531944301952,0.0,0.0,0.7350810889191781
2025-05-19,2705.0884,6095.3369,0.1273316883062558,0.7342721449849475,-1.0,0.0,0.7350810889191781
2025-05-20,2716.6294,6146.0166,0.13186745730103364,1.035621682670762,-0.5,0.006814503501849036,0.7400903015737608
2025-05-21,2728.4262,6132.1809,0.1378486240879641,1.0453574134919155,-0.5,-0.0011255827066916635,0.7392572687289192
2025-05-22,2733.6323,6066.1031,0.12993028589020814,0.942557727723832,0.0,-0.006887789521995367,0.7341654202593092
2025-05-23,2711.8524,5989.6752,0.15402433873359955,1.1854383116169778,1.0,0.0,0.7341654202593092
2025-05-26,2699.4225,6028.7861,0.16450467703442662,1.0680433909796156,1.0,-0.004583545918649623,0.730800339343666
2025-05-27,2685.2812,6008.4599,0.1464349814443924,0.8901569492382719,0.0,-0.0067386390051947225,0.7258757396719552
2025-05-28,2683.0628,5984.4557,0.13659709489443808,0.9328173742850496,0.0,0.0,0.7258757396719552
2025-05-29,2690.8926,6089.5778,0.1266868854707472,0.9274493397436492,-1.0,0.0,0.7258757396719552
2025-05-30,2678.6955,6026.5603,0.14676422478927467,1.1584800134909266,0.0,-0.01184841857180968,0.7172752600771999
2025-06-03,2687.296,6070.0368,0.14912372261406323,1.016076791385478,0.0,0.0,0.7172752600771999
2025-06-04,2690.8243,6123.172,0.12865338911765714,0.8627291946742508,0.0,0.0,0.7172752600771999
2025-06-05,2692.1287,6167.0149,0.1299478556626842,1.0100616591129459,0.0,0.0,0.7172752600771999
2025-06-06,2688.8504,6152.8446,0.14337844274087974,1.1033536645118514,0.0,0.0,0.7172752600771999
2025-06-09,2686.8276,6218.9637,0.15585801409031153,1.0870393841003383,0.0,0.0,0.7172752600771999
2025-06-10,2676.4013,6161.6919,0.15853608314437465,1.0171827484758744,-0.5,0.0,0.7172752600771999
2025-06-11,2692.1365,6186.5122,0.15253358496506897,0.9621379684658958,0.0,0.0005140815544510415,0.7176439980578697
2025-06-12,2691.2752,6192.22,0.14894478721139004,0.976472081512404,0.0,0.0,0.7176439980578697
2025-06-13,2676.4328,6106.0083,0.16846022102698852,1.1310246177860603,0.0,0.0,0.7176439980578697
2025-06-16,2685.0092,6147.46,0.16833061016391712,0.9992306144306279,0.0,0.0,0.7176439980578697
2025-06-17,2683.9528,6141.4684,0.1371217537425457,0.8145978536465778,-1.0,0.0,0.7176439980578697
2025-06-18,2679.9218,6135.3858,0.15228953992416375,1.110615462299997,0.0,-0.0024904146050804253,0.7158567669638581
2025-06-19,2665.5197,6048.2243,0.15066306544139585,0.9893198542488352,0.0,0.0,0.7158567669638581
2025-06-20,2673.7191,5999.5914,0.1672232008340157,1.10991503023056,0.0,0.0,0.7158567669638581
2025-06-23,2684.7761,6078.2224,0.18163327721865574,1.0861727099635137,0.0,0.0,0.7158567669638581
2025-06-24,2715.9216,6194.666,0.17356263751290676,0.9555662936366375,0.0,0.0,0.7158567669638581
2025-06-25,2747.7278,6276.1634,0.17044663972101795,0.982046840054173,0.0,0.0,0.7158567669638581
2025-06-26,2738.4657,6247.791,0.14420222929893425,0.8460256508134172,-1.0,0.0,0.7158567669638581
2025-06-27,2707.5688,6276.9373,0.18675848659863065,1.2951151137301518,0.0,0.00316505681768159,0.7181224943046206
2025-06-30,2711.9853,6356.1813,0.13897362014314707,0.7441355018142777,-1.0,0.0,0.7181224943046206
2025-07-01,2717.7128,6373.7679,0.11942860421210835,0.8593616838151963,-1.0,0.0027668499638295874,0.7201094315020126
2025-07-02,2722.5522,6309.4837,0.1284983228167488,1.0759425990488207,0.0,-0.01158574535636919,0.7117664269999106
2025-07-03,2724.5488,6342.638,0.131040020320872,1.0197800052826207,-0.5,0.0,0.7117664269999106
2025-07-04,2740.444,6312.1966,0.14169014636121302,1.0812738430157636,0.0,-0.0038997428199433735,0.708990720986741
2025-07-07,2731.5324,6327.139,0.12226625337822053,0.8629128878625417,0.0,0.0,0.708990720986741
2025-07-08,2747.1875,6407.6976,0.1265961566566978,1.0354137234015266,-0.5,0.0,0.708990720986741
2025-07-09,2739.9202,6390.4655,0.16843593927425418,1.330498047669939,0.0,-0.0028446405460831868,0.7069738972350254
2025-07-10,2756.9349,6406.5677,0.1839529088268402,1.0921238639416537,0.0,0.0,0.7069738972350254
2025-07-11,2756.7725,6461.0997,0.2129558581740529,1.1576650759815599,0.0,0.0,0.7069738972350254
2025-07-14,2757.808,6462.3051,0.17540697396127478,0.8236776178183898,-1.0,0.0,0.7069738972350254
2025-07-15,2747.2269,6442.834,0.13236947356455156,0.754642022350692,-1.0,-0.0030130270389121527,0.7048437657668511
2025-07-16,2740.9006,6462.063,0.13457432942927752,1.0166568303503205,-0.5,0.0014845561751242755,0.7058901459318181
2025-07-17,2744.2604,6535.6713,0.13694491541378803,1.0176154396946582,-0.5,0.005695418011244957,0.7099104853829185
2025-07-18,2764.516,6552.0741,0.1523208350293903,1.1122781343808417,0.0,-0.00024513273028286967,0.7097364630873801
